omega,re_0,im_0,re_1,im_1,re_2,im_2
6.283185307179585,2.4628520838345643e-08,3.266358088711212e-08,2.757557449040645e-08,3.490405848669549e-08,1.4805567178631306e-08,4.02230798314775e-08
6.732554355028205,2.5245220456455774e-08,3.414481359655162e-08,2.830991379367832e-08,3.642613236243398e-08,1.5064468553039086e-08,4.273556204659645e-08
7.214061964974244,2.5860837909499027e-08,3.571604644087694e-08,2.9047963063992745e-08,3.8035430059678766e-08,1.5328569495532197e-08,4.5429115397166784e-08
7.7300066646502446,2.647368351407549e-08,3.738470410895019e-08,2.9788074883341903e-08,3.9738891180302395e-08,1.5599055624218423e-08,4.83164336512163e-08
8.282851370788094,2.7081976422387838e-08,3.915891628953456e-08,3.052846266762096e-08,4.1544124011103945e-08,1.587722694861096e-08,5.141100200157186e-08
8.875235146213218,2.768385638190881e-08,4.104757742056608e-08,3.1267204316951765e-08,4.345946725824581e-08,1.6164493970400103e-08,5.472716639128048e-08
9.509985797690774,2.8277403532949284e-08,4.306040764278744e-08,3.200225239549463e-08,4.5494055040104943e-08,1.646238286700402e-08,5.828019025322798e-08
10.19013337476112,2.8860660356004543e-08,4.5208015653070626e-08,3.2731447229378247e-08,4.765788570305343e-08,1.6772537312725936e-08,6.208632479905804e-08
10.918924634002583,2.9431662589228044e-08,4.750196708458893e-08,3.345253840623369e-08,4.9961899596813696e-08,1.709673099287852e-08,6.616287995504593e-08
11.699838537768235,2.998846329080187e-08,4.99548356286039e-08,3.416320425055831e-08,5.2418040194461334e-08,1.7436863261475787e-08,7.052830338631378e-08
12.536602861381589,3.052917280055891e-08,5.2580275255983366e-08,3.48610841248076e-08,5.503934058295912e-08,1.7794981801756305e-08,7.520225664802968e-08
13.43321198806739,3.1051989039577e-08,5.539307261345774e-08,3.5543808075360854e-08,5.783999137360428e-08,1.8173282646851997e-08,8.020571136080088e-08
14.393945976563458,3.1555248158308744e-08,5.840921359035519e-08,3.6209046808522725e-08,6.083542857279176e-08,1.8574131388837767e-08,8.556104108500558e-08
15.423390992434912,3.203743938876041e-08,6.164592178052175e-08,3.68545345855577e-08,6.404238542883203e-08,1.900008360405757e-08,9.129211082215737e-08
16.526461200621817,3.249726012723448e-08,6.512172865931577e-08,3.747813085891285e-08,6.747898691217185e-08,1.9453885177451566e-08,9.742439472366022e-08
17.708422223726544,3.293363889453544e-08,6.885650581288797e-08,3.807786092068691e-08,7.116479865479219e-08,1.9938520123272384e-08,1.0398507135078069e-07
18.974916278021656,3.334575656442085e-08,7.287153080650799e-08,3.865195363248959e-08,7.512090645809853e-08,2.0457214702302788e-08,1.1100315135669395e-07
20.33198910716752,3.373306671595676e-08,7.718952426256072e-08,3.9198889979527535e-08,7.936996608596012e-08,2.1013473525621276e-08,1.1850960251912069e-07
21.786118842210715,3.4095306278757306e-08,8.183471015870467e-08,3.9717436547616857e-08,8.39362693486759e-08,2.161111152738618e-08,1.265374659167487e-07
23.344246925629555,3.443249090582027e-08,8.683287871753139e-08,4.020667090761496e-08,8.88458053176477e-08,2.2254285595090204e-08,1.3512200869652137e-07
25.0138112470457,3.474490659830502e-08,9.22114502501135e-08,4.066600204575533e-08,9.412631709509754e-08,2.2947535403834203e-08,1.4430086483762998e-07
26.802781648779042,3.5033100143952587e-08,9.79995642629113e-08,4.109518222537409e-08,9.980737767987195e-08,2.369582388445503e-08,1.541141731339928e-07
28.71969797073499,3.529782567509006e-08,1.0422814675690529e-07,4.149429300687275e-08,1.0592043757921744e-07,2.4504585977226444e-08,1.64604782999742e-07
30.77371081623584,3.554006133527198e-08,1.1093007635704192e-07,4.1863747873299074e-08,1.1249896394806179e-07,2.537978279612524e-08,1.7581836985489575e-07
32.97462523339605,3.5760940394184556e-08,1.1814028463026922e-07,4.220425038447437e-08,1.195785068814858e-07,2.6327962431357296e-08,1.878036153777753e-07
35.33294752055898,3.5961704141544684e-08,1.2589583204502963e-07,4.2516782287274016e-08,1.2719677841906493e-07,2.7356301687722243e-08,2.006125286056721e-07
37.85993537922616,3.6143703892383724e-08,1.3423622655327484e-07,4.2802540301407736e-08,1.3539388804539103e-07,2.8472725932923578e-08,2.1430039604390636e-07
40.5676516538891,3.630834941521363e-08,1.432034797883223e-07,4.3062920273333986e-08,1.4421242418447896e-07,2.9685924945952725e-08,2.289262345103222e-07
43.46902191529649,3.645707984568634e-08,1.5284235992862818e-07,4.3299463477466214e-08,1.5369766473920491e-07,3.1005485725099005e-08,2.4455286981942145e-07
46.577896162036765,3.659132328812194e-08,1.6320061983923728e-07,4.3513807483109235e-08,1.6389777976181044e-07,3.244197112133722e-08,2.6124719473808103e-07
49.909114934975015,3.671248780878094e-08,1.7432927024783138e-07,4.370764083311486e-08,1.748640978657509e-07,3.400701070384624e-08,2.790804847910112e-07
53.47858016014826,3.6822055136276303e-08,1.862826331224692e-07,4.388276902418635e-08,1.8665119721539552e-07,3.5713431664967065e-08,2.981284091246912e-07
57.30333105829572,3.6921234567498845e-08,1.9911922384339347e-07,4.4040825066030034e-08,1.993176559299343e-07,3.757537856047806e-08,3.184718866043343e-07
61.401625483385565,3.7011392227924223e-08,2.1290068256971202e-07,4.418358636391951e-08,2.1292513031485996e-07,3.9608397704331014e-08,3.4019577636132707e-07
65.79302707841705,3.709387272282836e-08,2.2769377910305222e-07,4.431284298286562e-08,2.275403004728749e-07,4.182971292500536e-08,3.633912789469376e-07
70.49849866454444,3.7169584271459926e-08,2.4357051184316487e-07,4.442990214940132e-08,2.4323488915797137e-07,4.4258213908288004e-08,3.8815586707285007e-07
75.54050230932697,3.723993079665904e-08,2.606064424127704e-07,4.453663410289682e-08,2.600841898496076e-07,4.691471279424503e-08,4.1459104697603336e-07
80.94310655178988,3.730592734274739e-08,2.788837430113011e-07,4.463442174060667e-08,2.7816994315313065e-07,4.982214417795741e-08,4.428057216787043e-07
86.73210129614742,3.736859934006718e-08,2.9849000114967345e-07,4.4724676844150654e-08,2.975792185776939e-07,5.300565124034255e-08,4.729150091867114e-07
92.93512092264555,3.742893224346217e-08,3.1951903718219646e-07,4.480876445223054e-08,3.184052350619349e-07,5.649280633985848e-08,5.050409193723599e-07
99.58177620320616,3.748804453966517e-08,3.4207169491733964e-07,4.4888046145416306e-08,3.407481757772744e-07,6.031397247566051e-08,5.393117271915557e-07
106.70379565158625,3.754670544676562e-08,3.6625657397133536e-07,4.496344436431043e-08,3.647158226141751e-07,6.450238321843364e-08,5.758634970351126e-07
114.33517698280319,3.760659408353876e-08,3.921863372443597e-07,4.5037343802796044e-08,3.904202093408723e-07,6.909356283338129e-08,6.148398520780278e-07
122.51234940483201,3.766811522090516e-08,4.199878217486739e-07,4.5109877178949966e-08,4.1798707982368246e-07,7.412743622082647e-08,6.563918340090091e-07
131.27434751729254,3.773280079498551e-08,4.4979215570866476e-07,4.518297402631172e-08,4.4754672900438535e-07,7.964635577956233e-08,7.006783413688155e-07
140.66299764724937,3.780159980085829e-08,4.817423603432399e-07,4.525759140484195e-08,4.792410841447682e-07,8.569660614891503e-08,7.478666366223694e-07
150.72311751161968,3.787566187270576e-08,5.159908177567069e-07,4.533492523717322e-08,5.132213954191364e-07,9.232785945151067e-08,7.981319859890537e-07
161.50273015929693,3.795651759973359e-08,5.527004917271819e-07,4.541664067331285e-08,5.496495154761781e-07,9.959327009428776e-08,8.51658177828612e-07
173.0532932142664,3.804566203639496e-08,5.920467191064845e-07,4.5504187533324334e-08,5.886995604389164e-07,1.0754957657767796e-07,9.086375702198421e-07
185.4299445140305,3.81446270217183e-08,6.34216451197488e-07,4.559905975074273e-08,6.305571672035227e-07,1.1625676390634821e-07,9.692703830277e-07
198.69176531592197,3.825518150317937e-08,6.794107174031489e-07,4.5702938028078423e-08,6.754219562202248e-07,1.2577772694369626e-07,1.0337665082362695e-06
212.9020623277502,3.837932168396071e-08,7.278450824743973e-07,4.581769575904685e-08,7.235080647039003e-07,1.361780743349766e-07,1.1023444141792768e-06
228.1286699090844,3.8519186272646196e-08,7.797499266067478e-07,4.5945289932450266e-08,7.750443339108749e-07,1.4752507849826828e-07,1.175231411499964e-06
244.4442738857615,3.8677368609840714e-08,8.353718806712258e-07,4.608812016195579e-08,8.302758120951945e-07,1.598869739714153e-07,1.2526634854497462e-06
261.92675852338226,3.8856594306641714e-08,8.949757138388595e-07,4.6248643187542135e-08,8.894655865296321e-07,1.7333182370642177e-07,1.3348867672852314e-06
280.6595783161128,3.9059558767796905e-08,9.588446505041894e-07,4.642919232992961e-08,9.528950476651018e-07,1.8792611221325134e-07,1.4221584862654465e-06
300.7321563655607,3.929021649703825e-08,1.027282035443588e-06,4.66334280961842e-08,1.0208658039703162e-06,2.0373285597882626e-07,1.5147438305933388e-06
322.240311251433,3.9551919960117636e-08,1.1006125415946205e-06,4.686423200254874e-08,1.0937005123993847e-06,2.2080980869602653e-07,1.612923321120178e-06
345.2867144316854,3.984888477892335e-08,1.179185008573897e-06,4.7125342507131195e-08,1.1717460141714636e-06,2.3920723530312436e-07,1.7169899153959796e-06
369.9813803556153,4.0185949592525964e-08,1.2633692255283712e-06,4.742111673118109e-08,1.2553700373253332e-06,2.5896470577257653e-07,1.827250869569632e-06
396.44219162949975,4.056789460470625e-08,1.35356613416304e-06,4.775569961667333e-08,1.344971306041352e-06,2.801095978662117e-07,1.9440356428330805e-06
424.7954617417155,4.100046269646124e-08,1.4502012421534747e-06,4.813422816902936e-08,1.4409731428849458e-06,3.02653125072438e-07,2.0676911672135115e-06
455.17653803357103,4.148948868704646e-08,1.553731949286511e-06,4.85618428419488e-08,1.5438305815433886e-06,3.265888581474174e-07,2.198595692462583e-06
487.73044779419126,4.204143577508885e-08,1.6646468915015041e-06,4.904429294504283e-08,1.6540298864207087e-06,3.518893399928462e-07,2.3371570310354394e-06
522.6125905636584,4.266318240976963e-08,1.783468838261303e-06,4.958771877131976e-08,1.772091396420779e-06,3.7850454993100117e-07,2.483821053465164e-06
559.9894799491967,4.336179644362933e-08,1.910757220320384e-06,5.019841812358187e-08,1.8985720275944098e-06,4.0636097878509874e-07,2.6390791573819796e-06
600.0395384955322,4.414481906750497e-08,2.047112253987652e-06,5.0883216914523794e-08,2.0340694370874067e-06,4.3536070385404295e-07,2.8034772250032003e-06
642.9539494038264,4.502009306660626e-08,2.1931709187158087e-06,5.1649304646820027e-08,2.179218088912456e-06,4.6538207525296783e-07,2.9776154569487504e-06
688.937569164963,4.599375252794553e-08,2.3496245377422637e-06,5.2501948325181314e-08,2.3347063941712696e-06,4.962822214837397e-07,3.162184165075261e-06
738.2099054637271,4.7075243833099895e-08,2.517202917317729e-06,5.345052062955458e-08,2.501261691386218e-06,5.279011328982717e-07,3.35791931779772e-06
791.0061650220117,4.827168389701198e-08,2.6966917366546523e-06,5.450182551409445e-08,2.679667065329419e-06,5.600654479794676e-07,3.5656310546316147e-06
847.5783763830491,4.9585277754412623e-08,2.8889341190523214e-06,5.565728188912731e-08,2.8707618837437805e-06,5.925867936534635e-07,3.7863332298029925e-06
908.1965929963839,5.102284261666457e-08,3.0948284412769685e-06,5.6924310544410164e-08,3.0754415892890333e-06,6.252806352822882e-07,4.021033514821308e-06
973.1501823466461,5.258912329801902e-08,3.3153396411225627e-06,5.830822894734495e-08,3.294668191281163e-06,6.579709111165188e-07,4.270832708475964e-06
1042.749207279928,5.4285532243035415e-08,3.5515009005735164e-06,5.981125666343917e-08,3.5294710352241185e-06,6.90483616964001e-07,4.536996995394953e-06
1117.325906121653,5.611103904186856e-08,3.8044195513197797e-06,6.143352408936964e-08,3.78095303997765e-06,7.226678672580379e-07,4.82090967961651e-06
1197.2362786514534,5.806411081510244e-08,4.075282948107152e-06,6.317528334252669e-08,4.0502970935409605e-06,7.54397654490539e-07,5.124030852661085e-06
1282.8617855058624,6.014024771340877e-08,4.365364457296724e-06,6.503416383718515e-08,4.338771196306538e-06,7.85576937340516e-07,5.447951873625294e-06
1374.6111691211165,6.233164992746589e-08,4.676032440994688e-06,6.70047433464546e-08,4.647737147235506e-06,8.161267563830162e-07,5.794436865107034e-06
1472.9224049085135,6.463130334173498e-08,5.008750721173632e-06,6.908312838119771e-08,4.978652120747837e-06,8.460256727948007e-07,6.1652624600595725e-06
1578.2647919764743,6.702848146141689e-08,5.365094257980707e-06,7.126170210459925e-08,5.333082681474907e-06,8.752768954071859e-07,6.562401431510284e-06
1691.1411933796066,6.951175434551176e-08,5.746752840623555e-06,7.35323400150505e-08,5.712709336214601e-06,9.038970528636156e-07,6.987928563262918e-06
1812.0904365888139,7.206988429321025e-08,6.155537765789458e-06,7.588743082282924e-08,6.1193324294961544e-06,9.320054097720473e-07,7.444059458613049e-06
1941.689885641356,7.469161175112601e-08,6.593396625467958e-06,7.831908432469379e-08,6.55488786183889e-06,9.596532377268396e-07,7.933106503780689e-06
2080.558197249313,7.736581380049026e-08,7.062415182386458e-06,8.081934825781373e-08,7.021447832354991e-06,9.869928770714726e-07,8.45754606602378e-06
2229.3582740229917,8.008277925010221e-08,7.564831178014595e-06,8.338137031997255e-08,7.5212350195841675e-06,1.0141841581227009e-06,9.020040890541697e-06
2388.800428906825,8.283691567689488e-08,8.103046242412464e-06,8.600237033836997e-08,8.056635151104051e-06,1.041397822715519e-06,9.623295048425573e-06
2559.6457759335367,8.562218792731406e-08,8.67963077318407e-06,8.867815293305411e-08,8.630200639386351e-06,1.0688292749373789e-06,1.0270289485526753e-05
2742.709863482676,8.843167438146447e-08,9.297341210280361e-06,9.140236568628026e-08,9.244668892349102e-06,1.0966886045749598e-06,1.096413453979286e-05
2938.8665673872893,9.127915403857771e-08,9.959131611224856e-06,9.419238536201637e-08,9.902973593926498e-06,1.1252158579280892e-06,1.170813349286346e-05
3149.0522624728596,9.415519317813661e-08,1.066816276596543e-05,9.703661953835853e-08,1.0608253523673194e-05,1.1546347738049174e-06,1.2505817158206816e-05
3374.27029244183,9.706796807323637e-08,1.142782131410435e-05,9.994352655065911e-08,1.136387208255934e-05,1.1851966507851773e-06,1.3360927144806896e-05
3615.5957594411634,1.0002314297834342e-07,1.2241733317306882e-05,1.0291752941060443e-07,1.2173430607500498e-05,1.2171568872516911e-06,1.42774521733341e-05
3874.1806561764306,1.0302966989686963e-07,1.3113785117632926e-05,1.0596606044655814e-07,1.3040789346002507e-05,1.2507793595664344e-06,1.5259646240809344e-05
4151.2593650711415,1.0610035467082446e-07,1.4048134746037e-05,1.0910029339637256e-07,1.3970078830301848e-05,1.2863381951968875e-06,1.6312043657523132e-05
4448.154550722135,1.0922895718078406e-07,1.5049237091921062e-05,1.1230781278883596e-07,1.4965724694494716e-05,1.3241019078215722e-06,1.7439488070723844e-05
4766.283473779287,1.124365754314984e-07,1.6121868319378172e-05,1.1560826697365182e-07,1.6032472366206143e-05,1.3643652031666147e-06,1.8647149664316374e-05
5107.164756389466,1.1573423215504428e-07,1.7271137679170298e-05,1.1900850520899855e-07,1.7175398986917358e-05,1.4074239870746634e-06,1.9940553559925246e-05
5472.425631500428,1.1912246907910711e-07,1.850252218303034e-05,1.2250219110799326e-07,1.8399947310967494e-05,1.4535784765304158e-06,2.1325603830913767e-05
5863.809710629806,1.226152381047604e-07,1.982189250257239e-05,1.2609841227753628e-07,1.971195213818726e-05,1.5031473350339136e-06,2.2808616399034173e-05
6283.185307179579,1.2621787653573113e-07,2.123553542120988e-05,1.2979522865924292e-07,2.11176623189118e-05,1.5564576897322892e-06,2.439634049907266e-05
6732.554355028196,1.2994765536107168e-07,2.2750189654199315e-05,1.3360430170857074e-07,2.2623776781850245e-05,1.6138563788374916e-06,2.6095997498429877e-05
7214.061964974233,1.3377827921767836e-07,2.4373069650792195e-05,1.374842428916083e-07,2.4237466696502663e-05,1.6756822746992576e-06,2.7915304803850108e-05
7730.006664650243,1.3775717871108677e-07,2.6111916217291256e-05,1.4148120908990962e-07,2.596642908781531e-05,1.7423317219412525e-06,2.9862527252879597e-05
8282.851370788094,1.4188030854339896e-07,2.797501577148604e-05,1.4557863168073208e-07,2.7818902548264343e-05,1.8141910398241653e-06,3.1946497843254484e-05
8875.235146213212,1.4616003377126905e-07,2.9971257798296773e-05,1.4977851370001208e-07,2.9803726313778075e-05,1.8916762987638529e-06,3.4176674760097995e-05
9509.985797690764,1.5060459617271288e-07,3.211013697815166e-05,1.5407664293894238e-07,3.1930341377243254e-05,1.975224278549065e-06,3.6563145360839104e-05
10190.133374761108,1.5522068451881973e-07,3.440186034630977e-05,1.5846551218077418e-07,3.4208897714495726e-05,2.0652946513598617e-06,3.9116734691536323e-05
10918.924634002566,1.6002977482449487e-07,3.685736075258996e-05,1.6295379910744145e-07,3.665026853345371e-05,2.1623791143848232e-06,4.184901460069924e-05
11699.838537768232,1.6504255143399312e-07,3.948834031733935e-05,1.6753539899830775e-07,3.926609178596885e-05,2.2669926042944324e-06,4.477235311684154e-05
12536.602861381585,1.7027731376091961e-07,4.2307347704419415e-05,1.722113381408566e-07,4.2068848679747834e-05,2.3796829559448313e-06,4.789998799221599e-05
13433.211988067382,1.7574637368646676e-07,4.5327803353368794e-05,1.7697323627736304e-07,4.5071887426764285e-05,2.5010252744932525e-06,5.1246055255813736e-05
14393.945976563442,1.8145860595887354e-07,4.856407386323635e-05,1.818060459147366e-07,4.8289497270513054e-05,2.6316258732856763e-06,5.482566504232434e-05
15423.390992434895,1.8746031615662504e-07,5.203168423636015e-05,1.8673684099076522e-07,5.1737126028810864e-05,2.772146063923915e-06,5.865509582091376e-05
16526.46120062179,1.9371369470665369e-07,5.5747075316486934e-05,1.9168876273324394e-07,5.5431122929796955e-05,2.9232357903265514e-06,6.275159150222003e-05
17708.422223726517,2.0037154234170712e-07,5.9728029090436346e-05,1.9681008076221287e-07,5.93891938847909e-05,3.085693109863559e-06,6.71337185953813e-05
18974.916278021654,2.072302851344884e-07,6.399340812195734e-05,2.018180187842999e-07,6.363008410428742e-05,3.260149219656025e-06,7.182121721870344e-05
20331.989107167505,2.1460290671240562e-07,6.856374426443043e-05,2.0704522080335735e-07,6.817425273364636e-05,3.4475668973064742e-06,7.68354222420477e-05
21786.1188422107,2.22344170309999e-07,7.346067722836165e-05,2.122701263746903e-07,7.304321927099551e-05,3.648702068678831e-06,8.219888429296112e-05
23344.24692562953,2.3050514662069808e-07,7.870757549306606e-05,2.1750184056878306e-07,7.826024222491668e-05,3.864456464155234e-06,8.793586997869403e-05
25013.811247045676,2.3912823318763923e-07,8.43294558794298e-05,2.227337019812938e-07,8.385022336909483e-05,4.0957742400952704e-06,9.407231363210876e-05
26802.781648779,2.4826804604197e-07,9.035312453135966e-05,2.2796791397124757e-07,8.983984985437445e-05,4.343652149126672e-06,0.00010063595583912691
28719.697970734982,2.5791665379489294e-07,9.68073262389544e-05,2.3312534066631178e-07,9.625773190458041e-05,4.609096197980768e-06,0.00010765651246257976
30773.710816235834,2.682812055664035e-07,0.00010372278006893425,2.3837828336112576e-07,0.00010313448091690026,4.893286807333745e-06,0.00011516562695965562
32974.62523339603,2.7939709948993824e-07,0.00011113252109477321,2.436854595730887e-07,0.00011050299578793591,5.197350614903538e-06,0.00012319728488250246
35332.94752055895,2.910082716647362e-07,0.00011907174373129964,2.486488143974408e-07,0.00011839826606971077,5.522287467733805e-06,0.0001317879037889071
37859.93537922612,3.035368200739959e-07,0.0001275784225613784,2.5367469774125093e-07,0.0001268581858354174,5.86954368150551e-06,0.0001409762425350792
40567.651653889036,3.1694906570137016e-07,0.0001366930670079515,2.5861446887615115e-07,0.00013592309016537458,6.240344996279576e-06,0.00015080391201084746
43469.0219152964,3.3132161247381033e-07,0.00014645914138899062,2.6344247440073707e-07,0.00014563628253820067,6.6360217134678815e-06,0.00016131541983982971
46577.896162036755,3.4675261584358136e-07,0.00015692308615109998,2.6814914630977493e-07,0.00015604404140982952,7.057963354680947e-06,0.00017255826087915518
49909.11493497498,3.633445173141611e-07,0.00016813489634951532,2.727193594280483e-07,0.00016719619261526138,7.507606181082473e-06,0.00018458349897447295
53478.58016014822,3.812101174654417e-07,0.0001801479431465345,2.7714001658617794e-07,0.0001791459337664047,7.986429504433258e-06,0.00019744558936412134
57303.331058295655,4.0047538291507974e-07,0.00019301949694339505,2.814021656358691e-07,0.00019195035810020322,8.49596500139455e-06,0.00021120290631143079
61401.62548338549,4.212693688973703e-07,0.00020681088842440323,2.8548899117487444e-07,0.00020567061059606492,9.037775163124497e-06,0.0002259179139508267
65793.02707841691,4.437370511731016e-07,0.00022158775546199673,2.89390480018432e-07,0.0002203721409819755,9.61347707972292e-06,0.00024165740683285036
70498.49866454443,4.68051208245026e-07,0.00023742060843578785,2.93116446447136e-07,0.0002361252728818296,1.022475699610578e-05,0.00025849306353707924
75540.50230932694,4.94377701971583e-07,0.0002543848128813292,2.966557151827333e-07,0.0002530051727051042,1.0873321688037057e-05,0.00027650147539929156
80943.10655178978,5.229018744396663e-07,0.00027256114620552636,3.000063167933149e-07,0.00027109241673350617,1.156093937618621e-05,0.0002957646793428561
86732.10129614732,5.538346447623361e-07,0.00029203626185713414,3.031818064932679e-07,0.0002904734593943192,1.2289456084107815e-05,0.0003163706159631303
92935.12092264545,5.873869345087006e-07,0.00031290285665068354,3.061812792593529e-07,0.0003112407874419426,1.3060755770706606e-05,0.0003384133312203657
99581.77620320595,6.237690636607588e-07,0.0003352602465039534,3.0898750287298297e-07,0.00033349349222243276,1.3876778488808908e-05,0.0003619935575384993
106703.79565158622,6.63299110997457e-07,0.00035921514862185524,3.116934911619117e-07,0.0003573381237661335,1.4739652528017602e-05,0.00038721935454086456
114335.17698280315,7.061632294310724e-07,0.0003848812966387408,3.142212731904354e-07,0.00038288815064141293,1.565140568353659e-05,0.00041420603440514656
122512.34940483197,7.526879910357504e-07,0.0004123812996317713,3.166400967737497e-07,0.00041026599661218334,1.6614297748480064e-05,0.000443077665679508
131274.3475172924,8.031485846852551e-07,0.00044184570400100767,3.1894219211713537e-07,0.00043960197804827114,1.763060124041563e-05,0.00047396637760586745
140662.99764724923,8.578721539943464e-07,0.000473414730262656,3.2116252386746025e-07,0.0004710361103729495,1.8702724057223617e-05,0.0005070139574295315
150723.11751161952,9.171823105404628e-07,0.0005072386710168468,3.2331407294664974e-07,0.0005047184677847488,1.9833131624303533e-05,0.0005423723272677209
161502.7301592966,9.814367149703383e-07,0.0005434791553190353,3.254302965282607e-07,0.0005408104800851456,2.1024419379964527e-05,0.0005802047304426606
173053.29321426636,1.0509673267124058e-06,0.0005823075481026846,3.275009046734003e-07,0.0005794832724986486,2.227916786144697e-05,0.0006206842857447797
185429.94451403045,1.1261833589249313e-06,0.0006239097735942315,3.2958300616555647e-07,0.0006209226010494741,2.3600184630883537e-05,0.0006639985222794103
198691.76531592174,1.2074665937081053e-06,0.0006684834446176437,3.316880576643871e-07,0.0006653258685528516,2.4990253488988626e-05,0.0007103467967810498
212902.06232774997,1.2952214778563389e-06,0.00071624066460921,3.338363210907496e-07,0.000712904981476437,2.6452252858860403e-05,0.0007599429695976435
228128.66990908416,1.389870632659689e-06,0.0007674086249173854,3.360532865667543e-07,0.0007638869482363343,2.79891307007851e-05,0.0008130160054979286
244444.273885761,1.4918519811031096e-06,0.0008222310782326704,3.383654851603808e-07,0.0008185153463231755,2.9603919533644795e-05,0.0008698114647689305
261926.75852338222,1.6016231925703339e-06,0.0008809689688473774,3.408077180761806e-07,0.0008770509685152762,3.129971934385069e-05,0.0009305921137261641
280659.57831611275,1.7196082590757008e-06,0.0009439015145594695,3.4336373381425093e-07,0.0009397727941945635,3.3079568313767404e-05,0.0009956392160835094
300732.1563655606,1.8463365318483258e-06,0.001011328741986883,3.461168851831362e-07,0.0010069808077130557,3.4946893159655136e-05,0.0010652545763739521
322240.31125143263,1.9822745421370684e-06,0.0010835716283149018,3.4907546353544055e-07,0.0010789958118553797,3.690482134770802e-05,0.0011397612319991623
345286.71443168505,2.1278984185641286e-06,0.0011609733911169423,3.52235729370262e-07,0.0011561608265279687,3.895676375397398e-05,0.0012195046271000912
369981.3803556149,2.2837573768709193e-06,0.0012439031246999392,3.556723374409155e-07,0.0012388449297929798,4.1106163997632696e-05,0.0013048558177815321
396442.19162949966,2.450332443891096e-06,0.0013327551962427299,3.593619482321389e-07,0.001327442260559426,4.335654868072204e-05,0.0013962116276239175
424795.4617417154,2.6282162270649448e-06,0.0014279534248161513,3.634053775965445e-07,0.0014223767072118819,4.571149031450133e-05,0.0014939979293603673
455176.5380335709,2.817814958788176e-06,0.0015299486600435133,3.676600525784723e-07,0.0015240986057132528,4.817470721488998e-05,0.001598668773713357
487730.4477941907,3.019926300537347e-06,0.0016392308123772325,3.724530803850716e-07,0.0016330985404568832,5.075009930432355e-05,0.0017107150609527403
522612.59056365775,3.2348812126327753e-06,0.0017563156367265353,3.775229775003836e-07,0.0017498914445359766,5.3441486256353676e-05,0.0018306566386934525
559989.4799491961,3.463462324976226e-06,0.0018817652087214872,3.8315386933817117e-07,0.001875040155617743,5.625292635906911e-05,0.001959056725990824
600039.538495531,3.7058333667923488e-06,0.0020161660321741325,3.88849421543769e-07,0.002009129018924171,5.918847145838197e-05,0.002096508505727157
642953.9494038263,3.963458209348829e-06,0.002160180957748456,3.957147681260507e-07,0.002152825360960209,6.225252188805027e-05,0.0022436693772825023
688937.5691649629,4.2360428106651325e-06,0.0023144716890993624,4.0265905861658424e-07,0.0023067861080105284,6.544926138729269e-05,0.002401212834281524
738209.9054637261,4.5246393163206136e-06,0.0024797846053686806,4.1024933984145613e-07,0.002471759892772272,6.878327095868021e-05,0.002569884167306322
791006.1650220108,4.82985136255479e-06,0.002656906569477889,4.184847055141264e-07,0.002648533593654913,7.225913645981045e-05,0.0027504734247094883
847578.3763830482,5.152280468257818e-06,0.0028466800380658264,4.2734167235394314e-07,0.0028379493094720177,7.588164852395363e-05,0.002943827075207054
908196.592996382,5.4926141721103395e-06,0.003050010578912718,4.3689551629028644e-07,0.0030409129535689076,7.965570758806203e-05,0.00315085361570075
973150.1823466459,5.851507928305936e-06,0.00326786455314792,4.4717243929457504e-07,0.003258390907702076,8.358620582721623e-05,0.0033725228850730645
1042749.2072799277,6.229563156101749e-06,0.003501273800242813,4.5810284251627843e-07,0.0034914144473793905,8.76784079316808e-05,0.0036098718696736666
1117325.9061216526,6.62764477797893e-06,0.0037513653311553852,4.699277482331538e-07,0.003741111993518469,9.193778742736855e-05,0.0038640286853913516
1197236.278651452,7.046345395265422e-06,0.004019320555693003,4.825446363296171e-07,0.0040086642081590745,9.636973369181837e-05,0.004136180348109152
1282861.7855058608,7.48649490865723e-06,0.004306423214550503,4.961173492609309e-07,0.004295356157957338,0.00010098009419554394,0.0044276125738213525
1374611.1691211148,7.948577083527785e-06,0.004614025071108442,5.103604159579066e-07,0.0046025366214778925,0.00010577456775538198,0.00473968699131391
1472922.4049085104,8.433951694662191e-06,0.004943638507732081,5.260879921371371e-07,0.004931727271815513,0.00011075938686374997,0.0050739038286781064
1578264.791976474,8.942497018194427e-06,0.005296747772833695,5.421429796899356e-07,0.005284395928856384,0.00011594108368395519,0.0054317821546821
1691141.1933796064,9.475722056988761e-06,0.005675112518839642,5.595293670431404e-07,0.005662317274768262,0.00012132576929096687,0.005815059284534884
1812090.4365888117,1.0034334793481638e-05,0.006080519743350518,5.781324223492948e-07,0.0060672755623228354,0.00012692032820349952,0.006225532540850124
1941689.885641354,1.0619012319511093e-05,0.006514889664971767,5.977785896733693e-07,0.006501189010437186,0.00013273177859000806,0.006665131326001214
2080558.1972493103,1.1230677407661985e-05,0.006980296102782911,6.185842431396333e-07,0.006966132478662795,0.00013876738004867494,0.007135933348553202
2229358.274022987,1.18703284306381e-05,0.007478973358921868,6.407539106657162e-07,0.007464343775782402,0.0001450344385500102,0.007640172382794351
2388800.4289068244,1.2538814530892805e-05,0.008013288021611989,6.642332194058397e-07,0.007998188152436551,0.00015154085567430485,0.00818022394511943
2559645.775933536,1.3236751736462133e-05,0.008585740904635313,6.885832827370334e-07,0.008570158207404598,0.0001582952687157301,0.008758610083920471
2742709.8634826755,1.3965586661680284e-05,0.009199128953612391,7.145456641945176e-07,0.009183064171855236,0.00016530523373191122,0.009378110353511744
2938866.567387286,1.4726297729656873e-05,0.009856374052992204,7.421187953613864e-07,0.009839828431818805,0.000172579657284983,0.01004165277174499
3149052.262472853,1.5519662643212936e-05,0.010560569139248622,7.709763186460532e-07,0.010543536797099975,0.0001801277642113117,0.010752350494141794
3374270.292441823,1.634681562777798e-05,0.011315078410310857,8.012443808395215e-07,0.011297555638760297,0.0001879589659584877,0.011513571396003171
3615595.7594411564,1.720923062129361e-05,0.012123563184333906,8.335005508743574e-07,0.01210555968666286,0.00019608268368973906,0.012328960311389286
3874180.6561764297,1.810755853527234e-05,0.012989790371754224,8.670614712459689e-07,0.012971299722793997,0.00020450953642095593,0.013202321612704071
4151259.3650711407,1.904329423290399e-05,0.013917941614089324,9.024148866270012e-07,0.013898968536113571,0.00021324982371127556,0.014137825195829687
4448154.550722134,2.0017618625683738e-05,0.014912433167746441,9.395289768086639e-07,0.014892981893786558,0.0002223145906067246,0.01513989703604864
4766283.473779278,2.1031822195104384e-05,0.015978010093639545,9.784683909408422e-07,0.015958086676760384,0.00023171525040448622,0.01621328805831842
5107164.756389455,2.208725965762438e-05,0.017119750439338676,1.0193022914922615e-06,0.01709936176747978,0.00024146377207647087,0.01736308429504586
5472425.631500417,2.3185415577840433e-05,0.01834306803250537,1.0620887331464593e-06,0.01832221612460377,0.0002515733878764114,0.01859471883425306
5863809.710629805,2.4327491501604806e-05,0.019653892163879402,1.1069208979471055e-06,0.019632601212534774,0.0002620546891907373,0.0199140897052115
6283185.307179588,2.5515143523853706e-05,0.021058397793983625,1.1538301125481125e-06,0.021036677758560565,0.0002729226776336215,0.021327409045740365
