case,mu,cpu,trial_1_seconds,trial_2_seconds,trial_3_seconds,trial_4_seconds,trial_5_seconds,trial_6_seconds,trial_7_seconds,cpu_seconds,status,notes
Hawaii,10,14,0.032811,0.032697,0.03204,0.03272,0.031073,0.031054,0.030272,0.03204,ok,
Hawaii,11.9378,14,0.034084,0.037484,0.038166,0.034465,0.032672,0.034197,0.038242,0.034465,ok,
Hawaii,14.251,14,0.035859,0.035081,0.034742,0.035045,0.034701,0.034552,0.037253,0.035045,ok,
Hawaii,17.0125,14,0.035278,0.043149,0.036728,0.036048,0.035018,0.034616,0.038441,0.036048,ok,
Hawaii,20.3092,14,0.036943,0.035058,0.040178,0.035911,0.036359,0.034863,0.03581,0.035911,ok,
Hawaii,24.2446,14,0.036348,0.036493,0.037332,0.036587,0.04403,0.0382,0.037199,0.037199,ok,
Hawaii,28.9427,14,0.03966,0.038245,0.037875,0.041543,0.039389,0.039953,0.039376,0.039389,ok,
Hawaii,34.5511,14,0.040562,0.041971,0.042559,0.042329,0.041732,0.041712,0.042017,0.041971,ok,
Hawaii,41.2463,14,0.047688,0.048222,0.048878,0.046197,0.045915,0.045678,0.046347,0.046347,ok,
Hawaii,49.2388,14,0.045987,0.043857,0.043852,0.043175,0.046569,0.042929,0.044667,0.043857,ok,
Hawaii,58.7802,14,0.045535,0.046172,0.044343,0.044556,0.046547,0.045364,0.045019,0.045364,ok,
Hawaii,60,14,0.055315,0.04736,0.04475,0.045452,0.044627,0.044199,0.043619,0.04475,ok,
Hawaii,70.1704,14,0.052522,0.050032,0.049271,0.047512,0.075756,0.047859,0.050068,0.050032,ok,
Hawaii,83.7678,14,0.050888,0.053503,0.058854,0.060685,0.054294,0.052857,0.053568,0.053568,ok,
Hawaii,100,14,0.055117,0.052485,0.050969,0.052022,0.052543,0.058921,0.054578,0.052543,ok,
Hawaii,119.378,14,0.057201,0.053604,0.061448,0.05588,0.054392,0.05549,0.054652,0.05549,ok,
Hawaii,142.51,14,0.054456,0.056711,0.054391,0.057792,0.056807,0.055834,0.057511,0.056711,ok,
Hawaii,170.125,14,0.062839,0.060444,0.064386,0.065054,0.065123,0.064879,0.060478,0.064386,ok,
Hawaii,203.092,14,0.057513,0.05796,0.057455,0.059543,0.056877,0.057443,0.05928,0.057513,ok,
Hawaii,240,14,0.062339,0.061358,0.063713,0.063535,0.061464,0.061483,0.061095,0.061483,ok,
Hawaii,242.446,14,0.065572,0.062592,0.06307,0.062906,0.067113,0.065701,0.06275,0.06307,ok,
Hawaii,289.427,14,0.064952,0.065941,0.064142,0.065124,0.065422,0.067833,0.066927,0.065422,ok,
Hawaii,345.511,14,0.070185,0.070852,0.066357,0.063519,0.065654,0.067039,0.064358,0.066357,ok,
Hawaii,412.463,14,0.071363,0.070806,0.071314,0.074473,0.071647,0.073143,0.075697,0.071647,ok,
Hawaii,492.388,14,0.074166,0.076338,0.076547,0.073744,0.077935,0.075994,0.078789,0.076338,ok,
Hawaii,587.802,14,0.076494,0.075978,0.078072,0.077598,0.075627,0.075479,0.074022,0.075978,ok,
Hawaii,701.704,14,0.080315,0.088258,0.079658,0.080202,0.080882,0.079433,0.080996,0.080315,ok,
Hawaii,837.678,14,0.08824,0.082587,0.085576,0.086655,0.088016,0.08326,0.0845,0.085576,ok,
Hawaii,1000,14,0.089999,0.09028,0.085678,0.095345,0.08588,0.091685,0.087578,0.089999,ok,
Hawaii,1193.78,14,0.094259,0.095385,0.094273,0.095312,0.095672,0.095998,0.095172,0.095312,ok,
Hawaii,1425.1,14,0.090808,0.09058,0.086901,0.08794,0.085766,0.091772,0.087276,0.08794,ok,
Hawaii,1701.25,14,0.11503,0.094758,0.102259,0.095167,0.096532,0.097663,0.09857,0.097663,ok,
Hawaii,2030.92,14,0.105298,0.101053,0.108388,0.100226,0.102726,0.108284,0.102714,0.102726,ok,
Hawaii,2424.46,14,0.104067,0.104088,0.103743,0.099667,0.105127,0.102889,0.104943,0.104067,ok,
Hawaii,2894.27,14,0.101724,0.108922,0.100113,0.099639,0.10156,0.105251,0.101061,0.10156,ok,
Hawaii,3455.11,14,0.111965,0.111234,0.109258,0.108515,0.117811,0.115578,0.112469,0.111965,ok,
Hawaii,4124.63,14,0.109577,0.109885,0.109895,0.108816,0.107875,0.107887,0.109885,0.109577,ok,
Hawaii,4923.88,14,0.108389,0.108822,0.111355,0.108912,0.108419,0.105907,0.105702,0.108419,ok,
Hawaii,5878.02,14,0.118798,0.115964,0.124479,0.124507,0.120229,0.125312,0.123881,0.123881,ok,
Hawaii,7017.04,14,0.127318,0.126661,0.126296,0.123276,0.127286,0.123148,0.13025,0.126661,ok,
Hawaii,8376.78,14,0.11829,0.122548,0.122402,0.120344,0.119494,0.118525,0.120554,0.120344,ok,
Hawaii,10000,14,0.126864,0.121588,0.125188,0.122771,0.127449,0.125558,0.133049,0.125558,ok,
IEEE39,10,14,0.008153,0.008135,0.007991,0.008496,0.01331,0.010112,0.008761,0.008496,ok,
IEEE39,11.9378,14,0.008338,0.008815,0.009156,0.008695,0.008339,0.00838,0.008281,0.00838,ok,
IEEE39,14.251,14,0.008247,0.008377,0.008298,0.008291,0.009196,0.008536,0.008172,0.008298,ok,
IEEE39,17.0125,14,0.008693,0.008829,0.008875,0.008664,0.008448,0.008578,0.008572,0.008664,ok,
IEEE39,20.3092,14,0.008506,0.008567,0.009237,0.009152,0.008943,0.008377,0.009517,0.008943,ok,
IEEE39,24.2446,14,0.008649,0.008688,0.008586,0.008512,0.008886,0.008757,0.010169,0.008688,ok,
IEEE39,28.9427,14,0.009012,0.008946,0.009639,0.00908,0.011005,0.008872,0.009697,0.00908,ok,
IEEE39,34.5511,14,0.010723,0.009897,0.009249,0.011449,0.00919,0.00938,0.009599,0.009599,ok,
IEEE39,41.2463,14,0.009395,0.009403,0.009119,0.016162,0.010195,0.009473,0.010393,0.009473,ok,
IEEE39,49.2388,14,0.010338,0.009314,0.011607,0.01008,0.009042,0.00923,0.009404,0.009404,ok,
IEEE39,58.7802,14,0.009677,0.009286,0.011131,0.010371,0.009543,0.009538,0.009313,0.009543,ok,
IEEE39,60,14,0.010227,0.010169,0.011693,0.014832,0.012097,0.010414,0.013006,0.011693,ok,
IEEE39,70.1704,14,0.009561,0.009169,0.009093,0.009684,0.00929,0.009024,0.00911,0.009169,ok,
IEEE39,83.7678,14,0.010015,0.01192,0.010012,0.010444,0.0106,0.009872,0.009884,0.010015,ok,
IEEE39,100,14,0.00934,0.009165,0.009366,0.009947,0.009813,0.009243,0.009902,0.009366,ok,
IEEE39,119.378,14,0.010319,0.013634,0.010264,0.011305,0.010657,0.010435,0.010272,0.010435,ok,
IEEE39,142.51,14,0.010853,0.010365,0.010782,0.010376,0.010773,0.010463,0.010963,0.010773,ok,
IEEE39,170.125,14,0.00932,0.009519,0.009352,0.00934,0.009244,0.009399,0.009331,0.00934,ok,
IEEE39,203.092,14,0.010074,0.010092,0.010646,0.010813,0.011472,0.010852,0.010687,0.010687,ok,
IEEE39,240,14,0.010887,0.010635,0.010656,0.011659,0.011335,0.011354,0.011132,0.011132,ok,
IEEE39,242.446,14,0.010878,0.010888,0.010557,0.011011,0.010596,0.011512,0.010377,0.010878,ok,
IEEE39,289.427,14,0.011555,0.013607,0.011825,0.011781,0.011709,0.011615,0.011651,0.011709,ok,
IEEE39,345.511,14,0.010789,0.011603,0.010936,0.011755,0.011092,0.012382,0.011993,0.011603,ok,
IEEE39,412.463,14,0.011649,0.011196,0.011215,0.014042,0.012072,0.01119,0.013808,0.011649,ok,
IEEE39,492.388,14,0.011551,0.0118,0.011577,0.012732,0.015072,0.012364,0.012562,0.012364,ok,
IEEE39,587.802,14,0.012098,0.011458,0.011249,0.011531,0.01171,0.01203,0.0119,0.01171,ok,
IEEE39,701.704,14,0.011185,0.011181,0.011224,0.012721,0.01165,0.014637,0.013199,0.01165,ok,
IEEE39,837.678,14,0.011896,0.011962,0.011687,0.012094,0.01177,0.013507,0.011651,0.011896,ok,
IEEE39,1000,14,0.012897,0.01214,0.013133,0.011904,0.012829,0.012054,0.012066,0.01214,ok,
IEEE39,1193.78,14,0.013121,0.013324,0.013179,0.017389,0.014425,0.013409,0.013494,0.013409,ok,
IEEE39,1425.1,14,0.012914,0.018333,0.017142,0.016659,0.026782,0.016637,0.013978,0.016659,ok,
IEEE39,1701.25,14,0.014668,0.015438,0.015847,0.013407,0.013681,0.014771,0.0133,0.014668,ok,
IEEE39,2030.92,14,0.01483,0.014224,0.013875,0.014884,0.016245,0.013492,0.0147,0.0147,ok,
IEEE39,2424.46,14,0.014068,0.014209,0.014011,0.015389,0.015358,0.014077,0.014344,0.014209,ok,
IEEE39,2894.27,14,0.014014,0.013901,0.015823,0.0158,0.016076,0.017963,0.015142,0.0158,ok,
IEEE39,3455.11,14,0.01619,0.014729,0.014803,0.016664,0.014532,0.017582,0.015603,0.015603,ok,
IEEE39,4124.63,14,0.013925,0.014913,0.015641,0.014854,0.015226,0.014402,0.014061,0.014854,ok,
IEEE39,4923.88,14,0.013935,0.01467,0.013702,0.014129,0.013467,0.014423,0.014225,0.014129,ok,
IEEE39,5878.02,14,0.015518,0.013858,0.015291,0.013977,0.014148,0.014128,0.013518,0.014128,ok,
IEEE39,7017.04,14,0.014864,0.015707,0.015793,0.014789,0.014705,0.0148,0.016586,0.014864,ok,
IEEE39,8376.78,14,0.015286,0.014961,0.014507,0.014031,0.014494,0.014377,0.013931,0.014494,ok,
IEEE39,10000,14,0.012569,0.013719,0.01234,0.012248,0.012471,0.013663,0.014145,0.012569,ok,
ACTIVSg200,10,14,0.022355,0.020617,0.021764,0.02093,0.021622,0.020412,0.021022,0.021022,ok,
ACTIVSg200,11.9378,14,0.02299,0.022426,0.02719,0.023367,0.022398,0.023427,0.022547,0.02299,ok,
ACTIVSg200,14.251,14,0.02314,0.021283,0.021301,0.020679,0.020603,0.021009,0.020864,0.021009,ok,
ACTIVSg200,17.0125,14,0.021547,0.021645,0.021749,0.021471,0.021822,0.021653,0.022734,0.021653,ok,
ACTIVSg200,20.3092,14,0.025405,0.029693,0.024694,0.023597,0.023029,0.022852,0.022664,0.023597,ok,
ACTIVSg200,24.2446,14,0.022942,0.025148,0.022274,0.022151,0.022027,0.022745,0.023838,0.022745,ok,
ACTIVSg200,28.9427,14,0.022995,0.022252,0.022852,0.023026,0.023234,0.022862,0.022898,0.022898,ok,
ACTIVSg200,34.5511,14,0.023682,0.022491,0.023166,0.022869,0.022385,0.022924,0.022746,0.022869,ok,
ACTIVSg200,41.2463,14,0.024979,0.0233,0.022475,0.022927,0.023752,0.023467,0.023793,0.023467,ok,
ACTIVSg200,49.2388,14,0.026921,0.024887,0.025375,0.024051,0.024197,0.023908,0.023767,0.024197,ok,
ACTIVSg200,58.7802,14,0.02761,0.025334,0.024101,0.024183,0.023604,0.023151,0.024002,0.024101,ok,
ACTIVSg200,60,14,0.024603,0.024033,0.024285,0.024107,0.023865,0.023598,0.025423,0.024107,ok,
ACTIVSg200,70.1704,14,0.026288,0.024561,0.027077,0.024144,0.02424,0.024002,0.024194,0.02424,ok,
ACTIVSg200,83.7678,14,0.023905,0.024175,0.02849,0.024953,0.026439,0.026212,0.024688,0.024953,ok,
ACTIVSg200,100,14,0.029292,0.033268,0.030189,0.030924,0.030312,0.030306,0.030434,0.030312,ok,
ACTIVSg200,119.378,14,0.026136,0.026444,0.028387,0.034492,0.025841,0.026752,0.026124,0.026444,ok,
ACTIVSg200,142.51,14,0.028324,0.02877,0.027721,0.026464,0.025614,0.024291,0.024374,0.026464,ok,
ACTIVSg200,170.125,14,0.027117,0.027122,0.026856,0.029694,0.027091,0.027799,0.027304,0.027122,ok,
ACTIVSg200,203.092,14,0.027434,0.027999,0.028968,0.027212,0.028258,0.026214,0.027921,0.027921,ok,
ACTIVSg200,240,14,0.028055,0.027233,0.030691,0.029067,0.028866,0.028294,0.029778,0.028866,ok,
ACTIVSg200,242.446,14,0.028882,0.02719,0.025864,0.027365,0.026307,0.029034,0.027094,0.02719,ok,
ACTIVSg200,289.427,14,0.026418,0.025964,0.02631,0.030586,0.028183,0.027476,0.027012,0.027012,ok,
ACTIVSg200,345.511,14,0.027535,0.029193,0.02891,0.027788,0.0299,0.028957,0.026802,0.02891,ok,
ACTIVSg200,412.463,14,0.027815,0.02901,0.029192,0.028792,0.028021,0.028646,0.030133,0.028792,ok,
ACTIVSg200,492.388,14,0.030113,0.029061,0.029321,0.029693,0.030937,0.029913,0.034021,0.029913,ok,
ACTIVSg200,587.802,14,0.029471,0.02709,0.029681,0.029454,0.030277,0.028241,0.028803,0.029454,ok,
ACTIVSg200,701.704,14,0.028225,0.028168,0.030024,0.027367,0.029677,0.031461,0.030218,0.029677,ok,
ACTIVSg200,837.678,14,0.034429,0.032331,0.032388,0.033126,0.031993,0.035945,0.035033,0.033126,ok,
ACTIVSg200,1000,14,0.031292,0.034012,0.033264,0.031344,0.033658,0.033156,0.031218,0.033156,ok,
ACTIVSg200,1193.78,14,0.034972,0.03307,0.036305,0.034503,0.034213,0.033832,0.033195,0.034213,ok,
ACTIVSg200,1425.1,14,0.032312,0.032014,0.034811,0.031416,0.033395,0.03343,0.031814,0.032312,ok,
ACTIVSg200,1701.25,14,0.0299,0.030448,0.029786,0.029879,0.029772,0.036007,0.032455,0.0299,ok,
ACTIVSg200,2030.92,14,0.033481,0.03331,0.033633,0.034611,0.033388,0.032775,0.033082,0.033388,ok,
ACTIVSg200,2424.46,14,0.036032,0.035646,0.036022,0.036138,0.033951,0.03401,0.035918,0.035918,ok,
ACTIVSg200,2894.27,14,0.034903,0.033671,0.033994,0.037223,0.035522,0.034072,0.034783,0.034783,ok,
ACTIVSg200,3455.11,14,0.032769,0.033572,0.03356,0.032287,0.04039,0.034204,0.032415,0.03356,ok,
ACTIVSg200,4124.63,14,0.032817,0.035884,0.031474,0.032204,0.030593,0.032003,0.032721,0.032204,ok,
ACTIVSg200,4923.88,14,0.030818,0.029258,0.031392,0.030458,0.027811,0.031101,0.03162,0.030818,ok,
ACTIVSg200,5878.02,14,0.034427,0.034087,0.034486,0.035058,0.035808,0.033717,0.033773,0.034427,ok,
ACTIVSg200,7017.04,14,0.036917,0.031407,0.031989,0.033325,0.03215,0.031249,0.031927,0.031989,ok,
ACTIVSg200,8376.78,14,0.03092,0.030515,0.030929,0.030585,0.03018,0.030685,0.031486,0.030685,ok,
ACTIVSg200,10000,14,0.033936,0.034599,0.034985,0.034183,0.034419,0.033955,0.033698,0.034183,ok,
ACTIVSg2000,10,14,0.468599,0.471548,0.475872,0.430863,0.4244,0.434394,0.427815,0.434394,ok,
ACTIVSg2000,11.9378,14,0.409115,0.458795,0.448911,0.416256,0.426319,0.423915,0.423613,0.423915,ok,
ACTIVSg2000,14.251,14,0.434647,0.443327,0.448601,0.441124,0.435701,0.440368,0.444182,0.441124,ok,
ACTIVSg2000,17.0125,14,0.460664,0.450994,0.463041,0.458231,0.467013,0.461594,0.478156,0.461594,ok,
ACTIVSg2000,20.3092,14,0.507485,0.486128,0.525531,0.522477,0.509594,0.502339,0.493513,0.507485,ok,
ACTIVSg2000,24.2446,14,0.490001,0.501369,0.493923,0.496249,0.495687,0.467584,0.517467,0.495687,ok,
ACTIVSg2000,28.9427,14,0.664577,0.571241,0.62813,0.545049,0.552771,0.539061,0.49188,0.552771,ok,
ACTIVSg2000,34.5511,14,0.560468,0.545373,0.526317,0.554165,0.566084,0.539185,0.592345,0.554165,ok,
ACTIVSg2000,41.2463,14,0.602946,0.628309,0.627578,0.570019,0.602722,0.614266,0.618487,0.614266,ok,
ACTIVSg2000,49.2388,14,0.600209,0.610899,0.613257,0.613708,0.639558,0.645882,0.583078,0.613257,ok,
ACTIVSg2000,58.7802,14,0.649684,0.584875,0.613469,0.603568,0.570883,0.584197,0.609264,0.603568,ok,
ACTIVSg2000,60,14,0.595652,0.647108,0.618929,0.598593,0.676571,0.697845,0.63608,0.63608,ok,
ACTIVSg2000,70.1704,14,0.666982,0.674172,0.660397,0.652303,0.663299,0.633633,0.661026,0.661026,ok,
ACTIVSg2000,83.7678,14,0.651248,0.679973,0.711568,0.683633,0.720162,0.630659,0.66334,0.679973,ok,
ACTIVSg2000,100,14,0.743556,0.726345,0.780989,0.697982,0.734541,0.772718,0.735893,0.735893,ok,
ACTIVSg2000,119.378,14,0.828123,0.800983,0.771098,0.811411,0.779538,0.823315,0.80587,0.80587,ok,
ACTIVSg2000,142.51,14,0.81878,0.840398,0.780548,0.764062,0.768007,0.786947,0.845302,0.786947,ok,
ACTIVSg2000,170.125,14,0.763936,0.846079,0.800992,0.856454,0.796624,0.811871,0.798923,0.800992,ok,
ACTIVSg2000,203.092,14,0.970191,0.934515,0.923364,0.963021,0.999801,0.891378,0.923101,0.934515,ok,
ACTIVSg2000,240,14,0.898204,0.854484,0.854254,0.877689,0.895069,0.901078,0.910487,0.895069,ok,
ACTIVSg2000,242.446,14,0.94776,0.939318,0.895164,0.870984,0.94764,1.02666,0.988683,0.94764,ok,
ACTIVSg2000,289.427,14,0.953125,0.892378,1.03458,0.931984,1.06812,0.971663,1.01284,0.971663,ok,
ACTIVSg2000,345.511,14,1.00172,1.09666,1.1052,1.03993,1.03146,1.11802,1.0148,1.03993,ok,
ACTIVSg2000,412.463,14,1.11716,1.19675,1.40477,1.36671,1.08396,1.16529,1.0918,1.16529,ok,
ACTIVSg2000,492.388,14,1.67865,1.5563,1.27602,1.42546,1.51089,1.30194,1.33053,1.42546,ok,
ACTIVSg2000,587.802,14,1.50001,1.57982,1.52485,1.39853,1.46157,1.53542,1.55197,1.52485,ok,
ACTIVSg2000,701.704,14,1.50225,1.3115,1.46081,1.5763,1.41134,1.42636,1.45543,1.45543,ok,
ACTIVSg2000,837.678,14,1.78223,1.56056,1.72555,1.71784,1.67712,1.74057,1.71314,1.71784,ok,
ACTIVSg2000,1000,14,1.79226,1.88325,1.78383,1.70347,1.77784,1.80232,1.98023,1.79226,ok,
ACTIVSg2000,1193.78,14,2.22748,2.20987,2.13756,2.33439,2.20098,2.108,2.35468,2.20987,ok,
ACTIVSg2000,1425.1,14,2.41575,2.6029,2.2074,2.17055,2.21232,2.09795,2.31931,2.21232,ok,
ACTIVSg2000,1701.25,14,2.17394,2.33318,2.55676,2.38926,2.30545,2.22406,2.23263,2.30545,ok,
ACTIVSg2000,2030.92,14,2.40478,2.53144,3.42115,3.33996,2.30767,2.47993,2.47168,2.47993,ok,
ACTIVSg2000,2424.46,14,4.54698,3.68525,4.94416,3.26924,4.24856,3.02981,2.91858,3.68525,ok,
ACTIVSg2000,2894.27,14,2.86476,3.21668,2.5778,2.78744,2.71707,2.6291,3.10403,2.78744,ok,
ACTIVSg2000,3455.11,14,2.88371,2.73688,2.72541,2.70172,4.21518,6.677,4.78088,2.88371,ok,
ACTIVSg2000,4124.63,14,3.89321,3.35125,4.04538,3.91511,3.74993,3.04132,3.29431,3.74993,ok,
ACTIVSg2000,4923.88,14,2.99461,3.11498,3.21524,3.07293,3.87993,3.72854,3.60236,3.21524,ok,
ACTIVSg2000,5878.02,14,3.37107,6.84678,5.97887,4.10813,3.16265,3.60041,3.80639,3.80639,ok,
ACTIVSg2000,7017.04,14,3.57533,3.30677,3.35527,3.55277,3.28709,3.24525,3.4299,3.35527,ok,
ACTIVSg2000,8376.78,14,3.46939,5.56574,3.64762,3.73528,3.39357,3.2867,4.34654,3.64762,ok,
ACTIVSg2000,10000,14,3.6192,4.75653,4.44571,4.01157,4.37308,3.69765,4.03897,4.03897,ok,
WECC240,10,14,0.121228,0.122046,0.126725,0.115906,0.113698,0.122774,0.113451,0.121228,ok,
WECC240,11.9378,14,0.106481,0.110666,0.133394,0.123225,0.110067,0.111217,0.10843,0.110666,ok,
WECC240,14.251,14,0.121675,0.114461,0.12661,0.120456,0.124195,0.119336,0.117483,0.120456,ok,
WECC240,17.0125,14,0.102491,0.10552,0.110449,0.103228,0.102441,0.101131,0.099728,0.102491,ok,
WECC240,20.3092,14,0.10457,0.101136,0.099554,0.10363,0.10831,0.100671,0.104258,0.10363,ok,
WECC240,24.2446,14,0.108311,0.103519,0.106181,0.105046,0.120532,0.114717,0.108273,0.108273,ok,
WECC240,28.9427,14,0.100565,0.099732,0.103438,0.101373,0.102635,0.113709,0.096376,0.101373,ok,
WECC240,34.5511,14,0.127433,0.102026,0.1031,0.10184,0.103302,0.108168,0.104096,0.103302,ok,
WECC240,41.2463,14,0.107552,0.104739,0.106433,0.123172,0.109003,0.106846,0.106758,0.106846,ok,
WECC240,49.2388,14,0.099178,0.118988,0.11289,0.102329,0.123201,0.100136,0.108547,0.108547,ok,
WECC240,58.7802,14,0.109437,0.106596,0.105294,0.113598,0.128712,0.125668,0.110946,0.110946,ok,
WECC240,60,14,0.103697,0.09981,0.094867,0.099683,0.095676,0.097,0.096278,0.097,ok,
WECC240,70.1704,14,0.122498,0.122665,0.122451,0.121108,0.119067,0.138691,0.195191,0.122498,ok,
WECC240,83.7678,14,0.110756,0.101835,0.098614,0.106303,0.099309,0.104294,0.108254,0.104294,ok,
WECC240,100,14,0.101089,0.098175,0.098598,0.098945,0.099272,0.098393,0.100483,0.098945,ok,
WECC240,119.378,14,0.118452,0.120051,0.12355,0.122458,0.117384,0.120366,0.122115,0.120366,ok,
WECC240,142.51,14,0.133111,0.1062,0.106062,0.108657,0.106617,0.107775,0.107072,0.107072,ok,
WECC240,170.125,14,0.119566,0.116841,0.118478,0.119875,0.120669,0.120561,0.125198,0.119875,ok,
WECC240,203.092,14,0.115051,0.113284,0.111709,0.114556,0.125321,0.151059,0.113712,0.114556,ok,
WECC240,240,14,0.111137,0.109546,0.120228,0.111071,0.114224,0.134824,0.124372,0.114224,ok,
WECC240,242.446,14,0.119958,0.123671,0.118948,0.132768,0.124315,0.131091,0.118558,0.123671,ok,
WECC240,289.427,14,0.133535,0.133182,0.132066,0.148412,0.143907,0.148628,0.134025,0.134025,ok,
WECC240,345.511,14,0.144254,0.139696,0.151337,0.146194,0.142373,0.152693,0.144832,0.144832,ok,
WECC240,412.463,14,0.133238,0.13336,0.13597,0.149032,0.13463,0.142567,0.155484,0.13597,ok,
WECC240,492.388,14,0.150295,0.149391,0.151606,0.147206,0.160816,0.192109,0.157049,0.151606,ok,
WECC240,587.802,14,0.144787,0.157802,0.16798,0.160537,0.17492,0.257347,0.238254,0.16798,ok,
WECC240,701.704,14,0.202067,0.208076,0.177761,0.173203,0.190418,0.197542,0.187937,0.190418,ok,
WECC240,837.678,14,0.154085,0.160025,0.153288,0.168902,0.185071,0.167417,0.166516,0.166516,ok,
WECC240,1000,14,0.149468,0.154258,0.149351,0.148588,0.162475,0.146956,0.147965,0.149351,ok,
WECC240,1193.78,14,0.160151,0.15115,0.151804,0.154224,0.148217,0.156322,0.154678,0.154224,ok,
WECC240,1425.1,14,0.190676,0.173915,0.176434,0.165535,0.183937,0.162275,0.162821,0.173915,ok,
WECC240,1701.25,14,0.150715,0.149533,0.1528,0.160912,0.152049,0.14923,0.16114,0.152049,ok,
WECC240,2030.92,14,0.168451,0.169706,0.184485,0.165267,0.165657,0.174688,0.165354,0.168451,ok,
WECC240,2424.46,14,0.163776,0.16677,0.16845,0.163782,0.165603,0.177447,0.167174,0.16677,ok,
WECC240,2894.27,14,0.157817,0.168252,0.154626,0.156363,0.157645,0.15539,0.157405,0.157405,ok,
WECC240,3455.11,14,0.166978,0.162146,0.164977,0.179429,0.166719,0.172792,0.167759,0.166978,ok,
WECC240,4124.63,14,0.166527,0.160504,0.172974,0.163957,0.162242,0.166664,0.16629,0.16629,ok,
WECC240,4923.88,14,0.162294,0.16095,0.163616,0.16574,0.166038,0.165252,0.1651,0.1651,ok,
WECC240,5878.02,14,0.171129,0.237732,0.223401,0.238392,0.17202,0.164771,0.16743,0.17202,ok,
WECC240,7017.04,14,0.184631,0.17673,0.181391,0.182955,0.181075,0.182832,0.182888,0.182832,ok,
WECC240,8376.78,14,0.177053,0.17648,0.178723,0.172188,0.17638,0.176711,0.176114,0.17648,ok,
WECC240,10000,14,0.173273,0.168926,0.164714,0.190584,0.177532,0.197934,0.174557,0.174557,ok,
