segment,phase,t,h,accepted_steps,residual_evals,jacobian_evals,error_test_failures
0,init,0,0,0,2,2,0
0,step,4.1666666666666669e-06,4.1666666666666669e-06,1,3,3,0
0,step,8.3333333333333337e-06,4.1666666666666669e-06,2,4,3,0
0,step,1.6666666666666667e-05,8.3333333333333337e-06,3,5,3,0
0,step,3.3333333333333335e-05,1.6666666666666667e-05,4,6,4,0
0,step,6.666666666666667e-05,3.3333333333333335e-05,5,7,5,0
0,step,0.00013333333333333334,6.666666666666667e-05,6,8,6,0
0,step,0.00026666666666666668,0.00013333333333333334,7,9,7,0
0,step,0.00053333333333333336,0.00026666666666666668,8,10,8,0
0,step,0.0010666666666666667,0.00053333333333333336,9,11,9,0
0,step,0.0021333333333333334,0.0010666666666666667,10,12,10,0
0,step,0.0042666666666666669,0.0021333333333333334,11,13,11,0
0,step,0.0085333333333333337,0.0042666666666666669,12,14,12,0
0,step,0.017066666666666667,0.0085333333333333337,13,15,13,0
0,step,0.034133333333333335,0.017066666666666667,14,16,14,0
0,step,0.06826666666666667,0.034133333333333335,15,17,15,0
0,step,0.13653333333333334,0.06826666666666667,16,18,16,0
0,step,0.27306666666666668,0.13653333333333334,17,19,17,0
0,step,0.54613333333333336,0.27306666666666668,18,20,18,0
0,step,1.0922666666666667,0.54613333333333336,19,21,19,0
0,end,1,0,19,21,19,0
1,init,1,0,0,7,2,0
1,step,1.0000041666666666,4.1666666666666516e-06,1,9,3,0
1,step,1.0000083333333332,4.1666666666666516e-06,2,10,3,0
1,step,1.0000166666666666,8.3333333333333032e-06,3,12,3,0
1,step,1.0000333333333333,1.6666666666666606e-05,4,13,4,0
1,step,1.0000666666666667,3.3333333333333213e-05,5,15,5,0
1,step,1.0000966666666666,2.9999999999999892e-05,6,17,5,0
1,step,1.0001266666666666,2.9999999999999892e-05,7,19,5,0
1,step,1.0001866666666666,5.9999999999999785e-05,8,21,6,0
1,step,1.0002466666666665,5.9999999999999785e-05,9,22,6,0
1,step,1.0003666666666664,0.00011999999999999957,10,24,7,0
1,step,1.0004866666666663,0.00011999999999999957,11,25,7,0
1,step,1.0007266666666663,0.00023999999999999914,12,27,8,0
1,step,1.0009426666666663,0.00021599999999999923,13,29,8,0
1,step,1.0011586666666663,0.00021599999999999923,14,30,8,0
1,step,1.0013746666666663,0.00021599999999999923,15,31,8,0
1,step,1.0015906666666663,0.00021599999999999923,16,32,8,0
1,step,1.0020226666666663,0.00043199999999999847,17,34,8,0
1,step,1.0024114666666664,0.00038879999999999861,18,36,8,0
1,step,1.0028190175821323,0.00040755091546602331,19,40,9,1
1,step,1.0031858134060518,0.00036679582391942097,20,42,10,1
1,step,1.0035526092299714,0.00036679582391942097,21,43,10,1
1,step,1.0039194050538909,0.00036679582391942097,22,44,10,1
1,step,1.0042862008778104,0.00036679582391942097,23,45,10,1
1,step,1.0050197925256492,0.00073359164783884194,24,47,10,1
1,step,1.005753384173488,0.00073359164783884194,25,49,11,1
1,step,1.0064869758213268,0.00073359164783884194,26,51,11,1
1,step,1.0072205674691657,0.00073359164783884194,27,52,11,1
1,step,1.0074039653811253,0.00018339791195971049,28,60,13,1
1,step,1.0074956643371051,9.1698955979855243e-05,29,64,15,1
1,step,1.0076790622490648,0.00018339791195971049,30,66,16,1
1,step,1.0077707612050446,9.1698955979855243e-05,31,70,18,1
1,step,1.0079541591170043,0.00018339791195971049,32,72,19,1
1,step,1.0080458580729841,9.1698955979855243e-05,33,76,21,1
1,step,1.0082292559849437,0.00018339791195971049,34,78,22,1
1,step,1.0083209549409236,9.1698955979855243e-05,35,83,24,1
1,step,1.0085043528528832,0.00018339791195971049,36,85,25,1
1,step,1.008596051808863,9.1698955979855243e-05,37,89,27,1
1,step,1.0087794497208227,0.00018339791195971049,38,91,28,1
1,step,1.0091462455447422,0.00036679582391942097,39,93,29,1
1,step,1.0093296434567018,0.00018339791195971049,40,97,31,1
1,step,1.0094213424126817,9.1698955979855243e-05,41,101,33,1
1,step,1.0096047403246413,0.00018339791195971049,42,103,34,1
1,step,1.0096964392806211,9.1698955979855243e-05,43,108,36,1
1,step,1.0098798371925808,0.00018339791195971049,44,110,37,1
1,step,1.0102466330165003,0.00036679582391942097,45,112,38,1
1,step,1.01043003092846,0.00018339791195971049,46,116,40,1
1,step,1.0105217298844398,9.1698955979855243e-05,47,120,42,1
1,step,1.0107051277963994,0.00018339791195971049,48,122,43,1
1,step,1.0110719236203189,0.00036679582391942097,49,124,44,1
1,step,1.0118055152681578,0.00073359164783884194,50,126,45,1
1,step,1.0125391069159966,0.00073359164783884194,51,127,45,1
1,step,1.0127225048279562,0.00018339791195971049,52,133,47,1
1,step,1.0128142037839361,9.1698955979855243e-05,53,138,49,1
1,step,1.0129976016958957,0.00018339791195971049,54,140,50,1
1,step,1.0130893006518755,9.1698955979855243e-05,55,146,52,1
1,step,1.0132726985638352,0.00018339791195971049,56,148,53,1
1,step,1.0136394943877547,0.00036679582391942097,57,150,54,1
1,step,1.0143730860355935,0.00073359164783884194,58,152,55,1
1,step,1.0151066776834323,0.00073359164783884194,59,153,55,1
1,step,1.0158402693312711,0.00073359164783884194,60,154,55,1
1,step,1.01657386097911,0.00073359164783884194,61,155,55,1
1,step,1.0173074526269488,0.00073359164783884194,62,156,55,1
1,step,1.0180410442747876,0.00073359164783884194,63,157,55,1
1,step,1.0187746359226264,0.00073359164783884194,64,158,55,1
1,step,1.0195082275704652,0.00073359164783884194,65,159,55,1
1,step,1.0209754108661429,0.0014671832956776839,66,161,56,1
1,step,1.0224425941618205,0.0014671832956776839,67,162,56,1
1,step,1.0231761858096593,0.00073359164783884194,68,166,58,1
1,step,1.0235429816335788,0.00036679582391942097,69,170,60,1
1,step,1.0237263795455385,0.00018339791195971049,70,176,62,1
1,step,1.024093175369458,0.00036679582391942097,71,178,63,1
1,step,1.0242765732814176,0.00018339791195971049,72,184,65,1
1,step,1.0246433691053372,0.00036679582391942097,73,186,66,1
1,step,1.025376960753176,0.00073359164783884194,74,188,67,1
1,step,1.0257437565770955,0.00036679582391942097,75,193,69,1
1,step,1.0264773482249343,0.00073359164783884194,76,195,70,1
1,step,1.0268441440488538,0.00036679582391942097,77,201,72,1
1,step,1.0275777356966926,0.00073359164783884194,78,203,73,1
1,step,1.0279445315206122,0.00036679582391942097,79,209,75,1
1,step,1.028678123168451,0.00073359164783884194,80,211,76,1
1,step,1.0290449189923705,0.00036679582391942097,81,215,78,1
1,step,1.0297785106402093,0.00073359164783884194,82,217,79,1
1,step,1.0301453064641288,0.00036679582391942097,83,223,81,1
1,step,1.0308788981119676,0.00073359164783884194,84,225,82,1
1,step,1.0312456939358872,0.00036679582391942097,85,231,84,1
1,step,1.031979285583726,0.00073359164783884194,86,233,85,1
1,step,1.0323460814076455,0.00036679582391942097,87,238,87,1
1,step,1.0330796730554843,0.00073359164783884194,88,240,88,1
1,step,1.0334464688794038,0.00036679582391942097,89,246,90,1
1,step,1.0341800605272427,0.00073359164783884194,90,248,91,1
1,step,1.0345468563511622,0.00036679582391942097,91,253,93,1
1,step,1.035280447999001,0.00073359164783884194,92,255,94,1
1,step,1.0356472438229205,0.00036679582391942097,93,260,96,1
1,step,1.0363808354707593,0.00073359164783884194,94,262,97,1
1,step,1.0367476312946788,0.00036679582391942097,95,268,99,1
1,step,1.0374812229425177,0.00073359164783884194,96,270,100,1
1,step,1.0378480187664372,0.00036679582391942097,97,275,102,1
1,step,1.038581610414276,0.00073359164783884194,98,277,103,1
1,step,1.0389484062381955,0.00036679582391942097,99,283,105,1
1,step,1.0396819978860343,0.00073359164783884194,100,285,106,1
1,step,1.0400487937099538,0.00036679582391942097,101,290,108,1
1,step,1.0407823853577927,0.00073359164783884194,102,292,109,1
1,step,1.0411491811817122,0.00036679582391942097,103,298,111,1
1,step,1.041882772829551,0.00073359164783884194,104,300,112,1
1,step,1.0433499561252286,0.0014671832956776839,105,302,113,1
1,step,1.0440835477730674,0.00073359164783884194,106,306,115,1
1,step,1.044450343596987,0.00036679582391942097,107,312,117,1
1,step,1.0451839352448258,0.00073359164783884194,108,314,118,1
1,step,1.0455507310687453,0.00036679582391942097,109,320,120,1
1,step,1.0462843227165841,0.00073359164783884194,110,322,121,1
1,step,1.0466511185405036,0.00036679582391942097,111,328,123,1
1,step,1.0473847101883424,0.00073359164783884194,112,330,124,1
1,step,1.0488518934840201,0.0014671832956776839,113,332,125,1
1,step,1.0503190767796977,0.0014671832956776839,114,338,126,1
1,step,1.0517862600753753,0.0014671832956776839,115,340,126,1
1,step,1.053253443371053,0.0014671832956776839,116,341,126,1
1,step,1.0547206266667306,0.0014671832956776839,117,342,126,1
1,step,1.0561878099624082,0.0014671832956776839,118,343,126,1
1,step,1.0576549932580859,0.0014671832956776839,119,344,126,1
1,step,1.0591221765537635,0.0014671832956776839,120,345,126,1
1,step,1.0598557682016023,0.00073359164783884194,121,351,128,1
1,step,1.06132295149728,0.0014671832956776839,122,353,129,1
1,step,1.0620565431451188,0.00073359164783884194,123,359,131,1
1,step,1.0635237264407964,0.0014671832956776839,124,361,132,1
1,step,1.0642573180886352,0.00073359164783884194,125,367,134,1
1,step,1.0657245013843129,0.0014671832956776839,126,369,135,1
1,step,1.0686588679756681,0.0029343665913553678,127,371,136,1
1,step,1.0715932345670234,0.0029343665913553678,128,372,136,1
1,step,1.0745276011583786,0.0029343665913553678,129,373,136,1
1,step,1.0803963343410894,0.0058687331827107355,130,375,136,1
1,step,1.0862650675238001,0.0058687331827107355,131,376,136,1
1,step,1.0921338007065109,0.0058687331827107355,132,377,136,1
1,step,1.0980025338892216,0.0058687331827107355,133,378,136,1
1,step,1.1038712670719324,0.0058687331827107355,134,379,136,1
1,step,1.1097400002546431,0.0058687331827107355,135,380,136,1
1,step,1.1156087334373539,0.0058687331827107355,136,381,136,1
1,step,1.1214774666200646,0.0058687331827107355,137,382,136,1
1,step,1.1273461998027754,0.0058687331827107355,138,383,136,1
1,step,1.1332149329854861,0.0058687331827107355,139,384,136,1
1,step,1.1390836661681969,0.0058687331827107355,140,385,136,1
1,step,1.1449523993509076,0.0058687331827107355,141,386,136,1
1,step,1.1508211325336184,0.0058687331827107355,142,387,136,1
1,end,1.1499999999999999,0,142,387,136,1
2,init,1.1499999999999999,0,0,6,2,0
2,step,1.1500041666666665,4.1666666666666516e-06,1,8,3,0
2,step,1.1500083333333331,4.1666666666666516e-06,2,9,3,0
2,step,1.1500166666666665,8.3333333333333032e-06,3,11,3,0
2,step,1.1500333333333332,1.6666666666666606e-05,4,12,4,0
2,step,1.1500666666666666,3.3333333333333213e-05,5,14,5,0
2,step,1.1501333333333332,6.6666666666666426e-05,6,16,6,0
2,step,1.1502666666666665,0.00013333333333333285,7,18,7,0
2,step,1.1503999999999999,0.00013333333333333285,8,19,7,0
2,step,1.1505333333333332,0.00013333333333333285,9,20,7,0
2,step,1.1507999999999998,0.0002666666666666657,10,22,7,0
2,step,1.1510666666666665,0.0002666666666666657,11,23,7,0
2,step,1.1514397602566442,0.00037309358997769096,12,27,8,1
2,step,1.1518128538466219,0.00037309358997769096,13,28,8,1
2,step,1.1521859474365996,0.00037309358997769096,14,29,8,1
2,step,1.1525590410265774,0.00037309358997769096,15,30,8,1
2,step,1.1529321346165551,0.00037309358997769096,16,32,9,1
2,step,1.1533052282065328,0.00037309358997769096,17,33,9,1
2,step,1.1540514153864883,0.00074618717995538191,18,35,10,1
2,step,1.1547229838484481,0.00067156846195984374,19,37,10,1
2,step,1.1553945523104079,0.00067156846195984374,20,39,10,1
2,step,1.1560661207723677,0.00067156846195984374,21,40,10,1
2,step,1.1574092576962873,0.0013431369239196875,22,42,11,1
2,step,1.158752394620207,0.0013431369239196875,23,43,11,1
2,step,1.1600955315441266,0.0013431369239196875,24,44,11,1
2,step,1.1627818053919661,0.002686273847839375,25,46,11,1
2,step,1.1654680792398056,0.002686273847839375,26,47,11,1
2,step,1.1708406269354843,0.0053725476956787499,27,49,12,1
2,step,1.176213174631163,0.0053725476956787499,28,50,12,1
2,step,1.1815857223268418,0.0053725476956787499,29,51,12,1
2,step,1.1864210152529526,0.0048352929261108752,30,53,12,1
2,step,1.1912563081790635,0.0048352929261108752,31,54,12,1
2,step,1.1956080718125632,0.004351763633499788,32,56,12,1
2,step,1.199959835446063,0.004351763633499788,33,57,12,1
2,step,1.2043115990795628,0.004351763633499788,34,58,12,1
2,step,1.2086633627130625,0.004351763633499788,35,59,12,1
2,step,1.2130151263465623,0.004351763633499788,36,61,12,1
2,step,1.217366889980062,0.004351763633499788,37,62,12,1
2,step,1.2217186536135618,0.004351763633499788,38,63,12,1
2,step,1.2304221808805613,0.0087035272669995761,39,65,12,1
2,step,1.2382553554208608,0.0078331745402996193,40,67,12,1
2,step,1.2460885299611604,0.0078331745402996193,41,68,12,1
2,step,1.2539217045014599,0.0078331745402996193,42,69,12,1
2,step,1.2617548790417594,0.0078331745402996193,43,70,12,1
2,step,1.269588053582059,0.0078331745402996193,44,71,12,1
2,step,1.2774212281223585,0.0078331745402996193,45,72,12,1
2,step,1.285254402662658,0.0078331745402996193,46,73,12,1
2,step,1.2930875772029575,0.0078331745402996193,47,74,12,1
2,step,1.3009207517432571,0.0078331745402996193,48,75,12,1
2,step,1.3087539262835566,0.0078331745402996193,49,76,12,1
2,step,1.3165871008238561,0.0078331745402996193,50,78,12,1
2,step,1.3244202753641556,0.0078331745402996193,51,80,12,1
2,step,1.3322534499044552,0.0078331745402996193,52,81,12,1
2,step,1.3400866244447547,0.0078331745402996193,53,82,12,1
2,step,1.3479197989850542,0.0078331745402996193,54,83,12,1
2,step,1.3557529735253537,0.0078331745402996193,55,84,12,1
2,step,1.3635861480656533,0.0078331745402996193,56,85,12,1
2,step,1.3714193226059528,0.0078331745402996193,57,86,12,1
2,step,1.3792524971462523,0.0078331745402996193,58,87,12,1
2,step,1.3870856716865518,0.0078331745402996193,59,89,12,1
2,step,1.3949188462268514,0.0078331745402996193,60,90,12,1
2,step,1.4027520207671509,0.0078331745402996193,61,91,12,1
2,step,1.4105851953074504,0.0078331745402996193,62,92,12,1
2,step,1.4184183698477499,0.0078331745402996193,63,94,12,1
2,step,1.4262515443880495,0.0078331745402996193,64,95,12,1
2,step,1.434084718928349,0.0078331745402996193,65,96,12,1
2,step,1.4497510680089483,0.015666349080599239,66,98,13,1
2,step,1.4654174170895475,0.015666349080599239,67,99,13,1
2,step,1.4810837661701468,0.015666349080599239,68,100,13,1
2,step,1.4967501152507461,0.015666349080599239,69,101,13,1
2,step,1.5124164643313454,0.015666349080599239,70,102,13,1
2,step,1.5280828134119446,0.015666349080599239,71,104,13,1
2,step,1.5437491624925439,0.015666349080599239,72,105,13,1
2,step,1.5594155115731432,0.015666349080599239,73,106,13,1
2,step,1.5750818606537424,0.015666349080599239,74,107,13,1
2,step,1.5907482097343417,0.015666349080599239,75,108,13,1
2,step,1.606414558814941,0.015666349080599239,76,109,13,1
2,step,1.6220809078955403,0.015666349080599239,77,110,13,1
2,step,1.6377472569761395,0.015666349080599239,78,112,13,1
2,step,1.6534136060567388,0.015666349080599239,79,113,13,1
2,step,1.6690799551373381,0.015666349080599239,80,114,13,1
2,step,1.6847463042179374,0.015666349080599239,81,115,13,1
2,step,1.7004126532985366,0.015666349080599239,82,116,13,1
2,step,1.7160790023791359,0.015666349080599239,83,117,13,1
2,step,1.7317453514597352,0.015666349080599239,84,119,13,1
2,step,1.7474117005403345,0.015666349080599239,85,120,13,1
2,step,1.7630780496209337,0.015666349080599239,86,122,13,1
2,step,1.778744398701533,0.015666349080599239,87,123,13,1
2,step,1.7944107477821323,0.015666349080599239,88,124,13,1
2,step,1.8100770968627315,0.015666349080599239,89,125,13,1
2,step,1.8257434459433308,0.015666349080599239,90,127,13,1
2,step,1.8414097950239301,0.015666349080599239,91,128,13,1
2,step,1.8570761441045294,0.015666349080599239,92,129,13,1
2,step,1.8727424931851286,0.015666349080599239,93,130,13,1
2,step,1.8884088422657279,0.015666349080599239,94,131,13,1
2,step,1.9020790985174092,0.013670256251681228,95,134,13,1
2,step,1.9132292611539532,0.011150162636544112,96,137,13,1
2,step,1.9243794237904972,0.011150162636544112,97,139,13,1
2,step,1.9355295864270412,0.011150162636544112,98,141,13,1
2,step,1.9466797490635852,0.011150162636544112,99,143,13,1
2,step,1.9578299117001292,0.011150162636544112,100,145,13,1
2,step,1.9689800743366732,0.011150162636544112,101,146,13,1
2,step,1.9801302369732172,0.011150162636544112,102,147,13,1
2,step,2.0024305622463054,0.022300325273088225,103,149,14,1
2,step,2.0247308875193935,0.022300325273088225,104,150,14,1
2,step,2.0470312127924815,0.022300325273088225,105,151,14,1
2,step,2.0693315380655695,0.022300325273088225,106,152,14,1
2,step,2.0916318633386575,0.022300325273088225,107,154,14,1
2,step,2.1139321886117455,0.022300325273088225,108,155,14,1
2,step,2.1340024813575247,0.020070292745779404,109,157,14,1
2,step,2.1540727741033039,0.020070292745779404,110,158,14,1
2,step,2.1741430668490831,0.020070292745779404,111,159,14,1
2,step,2.1942133595948623,0.020070292745779404,112,160,14,1
2,step,2.2142836523406415,0.020070292745779404,113,161,14,1
2,step,2.2343539450864207,0.020070292745779404,114,162,14,1
2,step,2.2544242378321999,0.020070292745779404,115,164,14,1
2,step,2.2744945305779791,0.020070292745779404,116,165,14,1
2,step,2.2945648233237583,0.020070292745779404,117,166,14,1
2,step,2.3146351160695375,0.020070292745779404,118,167,14,1
2,step,2.3547757015610964,0.040140585491558807,119,169,14,1
2,step,2.3949162870526552,0.040140585491558807,120,170,14,1
2,step,2.4350568725442141,0.040140585491558807,121,172,14,1
2,step,2.471183399486617,0.036126526942402926,122,174,14,1
2,step,2.50730992642902,0.036126526942402926,123,176,14,1
2,step,2.530714762605704,0.023404836176684207,124,186,15,2
2,step,2.5541195987823881,0.023404836176684207,125,187,15,2
2,step,2.5775244349590722,0.023404836176684207,126,188,15,2
2,step,2.598588787518088,0.021064352559015787,127,191,15,2
2,step,2.6175467048212022,0.018957917303114209,128,194,15,2
2,step,2.6365046221243165,0.018957917303114209,129,197,15,2
2,step,2.6554625394274307,0.018957917303114209,130,201,15,2
2,step,2.6602020187532092,0.0047394793257785521,131,207,17,2
2,step,2.6696809774047661,0.0094789586515571043,132,209,18,2
2,step,2.6720507170676555,0.0023697396628892761,133,218,20,2
2,step,2.676790196393434,0.0047394793257785521,134,220,21,2
2,step,2.6815296757192124,0.0047394793257785521,135,221,21,2
2,step,2.6862691550449909,0.0047394793257785521,136,223,21,2
2,step,2.6910086343707693,0.0047394793257785521,137,224,21,2
2,step,2.6957481136965478,0.0047394793257785521,138,225,21,2
2,step,2.7004875930223262,0.0047394793257785521,139,226,21,2
2,step,2.7052270723481047,0.0047394793257785521,140,228,21,2
2,step,2.7099665516738831,0.0047394793257785521,141,231,21,2
2,step,2.7147060309996616,0.0047394793257785521,142,232,21,2
2,step,2.7241849896512185,0.0094789586515571043,143,234,22,2
2,step,2.7336639483027754,0.0094789586515571043,144,235,22,2
2,step,2.7431429069543323,0.0094789586515571043,145,236,22,2
2,step,2.7526218656058892,0.0094789586515571043,146,237,22,2
2,step,2.7621008242574461,0.0094789586515571043,147,238,22,2
2,step,2.7810587415605603,0.018957917303114209,148,240,22,2
2,step,2.8000166588636746,0.018957917303114209,149,242,23,2
2,step,2.8189745761667888,0.018957917303114209,150,243,23,2
2,step,2.8379324934699031,0.018957917303114209,151,244,23,2
2,step,2.8568904107730173,0.018957917303114209,152,245,23,2
2,step,2.8948062453792458,0.037915834606228417,153,247,23,2
2,step,2.9289304965248513,0.034124251145605577,154,249,23,2
2,step,2.9630547476704567,0.034124251145605577,155,250,23,2
2,step,2.9971789988160622,0.034124251145605577,156,252,23,2
2,step,3.0313032499616677,0.034124251145605577,157,253,23,2
2,step,3.0654275011072731,0.034124251145605577,158,255,23,2
2,step,3.0995517522528786,0.034124251145605577,159,257,23,2
2,step,3.1302635782839237,0.030711826031045022,160,259,23,2
2,step,3.1609754043149687,0.030711826031045022,161,261,23,2
2,step,3.1885343104160424,0.027558906101073598,162,263,23,2
2,step,3.2132668784006189,0.024732567984576608,163,265,23,2
2,step,3.2379994463851953,0.024732567984576608,164,267,23,2
2,step,3.2598967664823792,0.021897320097184099,165,269,23,2
2,step,3.2817940865795632,0.021897320097184099,166,270,23,2
2,step,3.3036914066767471,0.021897320097184099,167,271,23,2
2,step,3.325588726773931,0.021897320097184099,168,272,23,2
2,step,3.347486046871115,0.021897320097184099,169,275,23,2
2,step,3.3624008373034484,0.014914790432333364,170,281,23,3
2,step,3.3732014750997017,0.010800637796253301,171,287,24,4
2,step,3.384002112895955,0.010800637796253301,172,288,24,4
2,step,3.3948027506922083,0.010800637796253301,173,289,24,4
2,step,3.4056033884884616,0.010800637796253301,174,290,24,4
2,step,3.4272046640809681,0.021601275592506602,175,292,24,4
2,step,3.4488059396734747,0.021601275592506602,176,293,24,4
2,step,3.4704072152659813,0.021601275592506602,177,295,24,4
2,step,3.4920084908584879,0.021601275592506602,178,296,24,4
2,step,3.5136097664509944,0.021601275592506602,179,297,24,4
2,step,3.535211042043501,0.021601275592506602,180,299,24,4
2,step,3.5568123176360076,0.021601275592506602,181,300,24,4
2,step,3.5784135932285142,0.021601275592506602,182,301,24,4
2,step,3.6000148688210207,0.021601275592506602,183,303,24,4
2,step,3.6216161444135273,0.021601275592506602,184,305,24,4
2,step,3.6432174200060339,0.021601275592506602,185,307,25,4
2,step,3.6648186955985405,0.021601275592506602,186,308,25,4
2,step,3.686419971191047,0.021601275592506602,187,309,25,4
2,step,3.7080212467835536,0.021601275592506602,188,310,25,4
2,step,3.7296225223760602,0.021601275592506602,189,312,25,4
2,step,3.7512237979685668,0.021601275592506602,190,313,25,4
2,step,3.7728250735610733,0.021601275592506602,191,314,25,4
2,step,3.7944263491535799,0.021601275592506602,192,315,25,4
2,step,3.8160276247460865,0.021601275592506602,193,316,25,4
2,step,3.8354687727793424,0.019441148033255942,194,318,25,4
2,step,3.8549099208125983,0.019441148033255942,195,319,25,4
2,step,3.8743510688458542,0.019441148033255942,196,320,25,4
2,step,3.8937922168791101,0.019441148033255942,197,321,25,4
2,step,3.9132333649123661,0.019441148033255942,198,322,25,4
2,step,3.932674512945622,0.019441148033255942,199,323,25,4
2,step,3.9521156609788779,0.019441148033255942,200,327,25,4
2,step,3.9715568090121338,0.019441148033255942,201,329,25,4
2,step,3.9909979570453897,0.019441148033255942,202,330,25,4
2,step,4.0104391050786461,0.019441148033255942,203,332,25,4
2,step,4.0298802531119025,0.019441148033255942,204,334,25,4
2,step,4.0493214011451588,0.019441148033255942,205,336,25,4
2,step,4.0687625491784152,0.019441148033255942,206,338,25,4
2,step,4.0882036972116715,0.019441148033255942,207,339,25,4
2,step,4.1076448452449279,0.019441148033255942,208,340,25,4
2,step,4.1270859932781843,0.019441148033255942,209,341,25,4
2,step,4.1465271413114406,0.019441148033255942,210,342,25,4
2,step,4.165968289344697,0.019441148033255942,211,343,25,4
2,step,4.1854094373779533,0.019441148033255942,212,347,26,4
2,step,4.2004477666692068,0.01503832929125376,213,349,26,4
2,step,4.2154860959604603,0.01503832929125376,214,350,26,4
2,step,4.2305244252517138,0.01503832929125376,215,351,26,4
2,step,4.2455627545429673,0.01503832929125376,216,352,26,4
2,step,4.2756394131254751,0.030076658582507521,217,354,26,4
2,step,4.3025338708137646,0.02689445768828979,218,356,26,4
2,step,4.3294283285020541,0.02689445768828979,219,357,26,4
2,step,4.3536333404215153,0.024205011919460812,220,359,26,4
2,step,4.3778383523409765,0.024205011919460812,221,361,26,4
2,step,4.398481203978756,0.020642851637779059,222,364,26,4
2,step,4.4191240556165354,0.020642851637779059,223,366,26,4
2,step,4.4397669072543149,0.020642851637779059,224,367,26,4
2,step,4.4604097588920943,0.020642851637779059,225,368,26,4
2,step,4.4810526105298738,0.020642851637779059,226,369,26,4
2,step,4.5016954621676533,0.020642851637779059,227,370,26,4
2,step,4.5223383138054327,0.020642851637779059,228,371,26,4
2,step,4.5429811654432122,0.020642851637779059,229,372,26,4
2,step,4.5636240170809916,0.020642851637779059,230,373,26,4
2,step,4.5842668687187711,0.020642851637779059,231,379,27,4
2,step,4.6024073184033538,0.018140449684582501,232,381,27,4
2,step,4.6205477680879365,0.018140449684582501,233,382,27,4
2,step,4.6459872916556924,0.025439523567755876,234,386,28,5
2,step,4.6714268152234482,0.025439523567755876,235,387,28,5
2,step,4.696866338791204,0.025439523567755876,236,390,28,5
2,step,4.7223058623589598,0.025439523567755876,237,392,28,5
2,step,4.7477453859267156,0.025439523567755876,238,394,29,5
2,step,4.7731849094944714,0.025439523567755876,239,395,29,5
2,step,4.7986244330622272,0.025439523567755876,240,396,29,5
2,step,4.8495034801977388,0.050879047135511751,241,398,30,5
2,step,4.8952946226196996,0.045791142421960578,242,400,30,5
2,step,4.927048996317235,0.031754373697535219,243,403,30,6
2,step,4.9588033700147705,0.031754373697535219,244,405,30,6
2,step,4.9905577437123059,0.031754373697535219,245,406,30,6
2,step,5.0223121174098413,0.031754373697535219,246,407,30,6
2,step,5.0540664911073767,0.031754373697535219,247,408,30,6
2,step,5.0858208648049121,0.031754373697535219,248,409,30,6
2,step,5.1294177264786374,0.043596861673725035,249,413,30,7
2,step,5.1730145881523626,0.043596861673725035,250,414,30,7
2,step,5.2166114498260878,0.043596861673725035,251,415,30,7
2,step,5.260208311499813,0.043596861673725035,252,416,30,7
2,step,5.3038051731735383,0.043596861673725035,253,417,30,7
2,step,5.3474020348472635,0.043596861673725035,254,418,30,7
2,step,5.3909988965209887,0.043596861673725035,255,420,30,7
2,step,5.434595758194714,0.043596861673725035,256,422,30,7
2,step,5.4738175519857091,0.039221793790995149,257,424,30,7
2,step,5.5130393457767042,0.039221793790995149,258,425,30,7
2,step,5.5522611395676993,0.039221793790995149,259,426,30,7
2,step,5.5914829333586944,0.039221793790995149,260,427,30,7
2,step,5.6307047271496895,0.039221793790995149,261,428,30,7
2,step,5.6699265209406846,0.039221793790995149,262,429,30,7
2,step,5.7091483147316797,0.039221793790995149,263,431,30,7
2,step,5.7483701085226748,0.039221793790995149,264,433,30,7
2,step,5.7875919023136699,0.039221793790995149,265,435,30,7
2,step,5.8228915167255657,0.035299614411895636,266,437,30,7
2,step,5.8581911311374615,0.035299614411895636,267,438,30,7
2,step,5.8788456971763861,0.020654566038924349,268,442,31,8
2,step,5.8995002632153106,0.020654566038924349,269,443,31,8
2,step,5.9180893726503427,0.018589109435031916,270,445,31,8
2,step,5.9366784820853749,0.018589109435031916,271,446,31,8
2,step,5.955267591520407,0.018589109435031916,272,447,31,8
2,step,5.9738567009554391,0.018589109435031916,273,448,31,8
2,step,6.0110349198255033,0.037178218870063832,274,450,31,8
2,step,6.0444953168085611,0.033460396983057451,275,452,31,8
2,step,6.0779557137916189,0.033460396983057451,276,453,31,8
2,step,6.1114161107746767,0.033460396983057451,277,454,31,8
2,step,6.1448765077577345,0.033460396983057451,278,455,31,8
2,step,6.1783369047407923,0.033460396983057451,279,456,31,8
2,step,6.2117973017238501,0.033460396983057451,280,458,31,8
2,step,6.2452576987069079,0.033460396983057451,281,459,31,8
2,step,6.2787180956899658,0.033460396983057451,282,460,31,8
2,step,6.3121784926730236,0.033460396983057451,283,461,31,8
2,step,6.3456388896560814,0.033460396983057451,284,462,31,8
2,step,6.3790992866391392,0.033460396983057451,285,464,31,8
2,step,6.412559683622197,0.033460396983057451,286,465,31,8
2,step,6.4460200806052548,0.033460396983057451,287,466,31,8
2,step,6.4794804775883126,0.033460396983057451,288,467,31,8
2,step,6.5129408745713704,0.033460396983057451,289,468,31,8
2,step,6.5464012715544282,0.033460396983057451,290,469,31,8
2,step,6.579861668537486,0.033460396983057451,291,470,31,8
2,step,6.6133220655205438,0.033460396983057451,292,472,31,8
2,step,6.6467824625036016,0.033460396983057451,293,474,31,8
2,step,6.6802428594866594,0.033460396983057451,294,475,31,8
2,step,6.7137032564697172,0.033460396983057451,295,476,31,8
2,step,6.747163653452775,0.033460396983057451,296,477,31,8
2,step,6.7806240504358328,0.033460396983057451,297,479,31,8
2,step,6.8140844474188906,0.033460396983057451,298,480,31,8
2,step,6.8475448444019484,0.033460396983057451,299,481,31,8
2,step,6.8810052413850062,0.033460396983057451,300,482,31,8
2,step,6.914465638368064,0.033460396983057451,301,483,31,8
2,step,6.9479260353511219,0.033460396983057451,302,485,31,8
2,step,6.9813864323341797,0.033460396983057451,303,486,31,8
2,step,7.0148468293172375,0.033460396983057451,304,487,31,8
2,step,7.0483072263002953,0.033460396983057451,305,488,31,8
2,step,7.0817676232833531,0.033460396983057451,306,489,31,8
2,step,7.1152280202664109,0.033460396983057451,307,491,31,8
2,step,7.1430183492555166,0.027790328989105328,308,493,32,8
2,step,7.1680296453457117,0.025011296090194795,309,495,32,8
2,step,7.1930409414359069,0.025011296090194795,310,496,32,8
2,step,7.218052237526102,0.025011296090194795,311,497,32,8
2,step,7.2680748297064914,0.05002259218038959,312,499,32,8
2,step,7.3180974218868808,0.05002259218038959,313,500,32,8
2,step,7.3681200140672702,0.05002259218038959,314,501,32,8
2,step,7.4181426062476596,0.05002259218038959,315,502,32,8
2,step,7.468165198428049,0.05002259218038959,316,504,32,8
2,step,7.5181877906084384,0.05002259218038959,317,505,32,8
2,step,7.5682103827888279,0.05002259218038959,318,506,32,8
2,step,7.6182329749692173,0.05002259218038959,319,507,32,8
2,step,7.6682555671496067,0.05002259218038959,320,508,32,8
2,step,7.7182781593299961,0.05002259218038959,321,510,32,8
2,step,7.7683007515103855,0.05002259218038959,322,511,32,8
2,step,7.8183233436907749,0.05002259218038959,323,512,32,8
2,step,7.8683459358711643,0.05002259218038959,324,513,32,8
2,step,7.9183685280515537,0.05002259218038959,325,514,32,8
2,step,7.9683911202319431,0.05002259218038959,326,515,32,8
2,step,8.0184137124123325,0.05002259218038959,327,517,32,8
2,step,8.0684363045927228,0.05002259218038959,328,518,32,8
2,step,8.1184588967731131,0.05002259218038959,329,520,32,8
2,step,8.1607353629939077,0.042276466220794354,330,522,32,8
2,step,8.2030118292147023,0.042276466220794354,331,523,32,8
2,step,8.2452882954354969,0.042276466220794354,332,524,32,8
2,step,8.2875647616562915,0.042276466220794354,333,525,32,8
2,step,8.3298412278770861,0.042276466220794354,334,526,32,8
2,step,8.3721176940978808,0.042276466220794354,335,527,32,8
2,step,8.4143941603186754,0.042276466220794354,336,528,32,8
2,step,8.45667062653947,0.042276466220794354,337,529,32,8
2,step,8.5234428604386085,0.066772233899138916,338,533,32,9
2,step,8.5902150943377471,0.066772233899138916,339,534,32,9
2,step,8.6569873282368857,0.066772233899138916,340,535,32,9
2,step,8.7170823387461098,0.060095010509225028,341,537,32,9
2,step,8.777177349255334,0.060095010509225028,342,538,32,9
2,step,8.8372723597645582,0.060095010509225028,343,539,32,9
2,step,8.8973673702737823,0.060095010509225028,344,540,32,9
2,step,8.9574623807830065,0.060095010509225028,345,541,32,9
2,step,9.0175573912922307,0.060095010509225028,346,542,32,9
2,step,9.0716429007505326,0.054085509458302525,347,544,32,9
2,step,9.0962761358376287,0.024633235087096604,348,548,33,10
2,step,9.1209093709247249,0.024633235087096604,349,549,33,10
2,step,9.145542606011821,0.024633235087096604,350,550,33,10
2,step,9.1701758410989171,0.024633235087096604,351,551,33,10
2,step,9.2194423112731112,0.049266470174193208,352,553,34,10
2,step,9.2631083882358158,0.043666076962704754,353,555,34,10
2,step,9.3067744651985205,0.043666076962704754,354,556,34,10
2,step,9.3460739344649539,0.039299469266434281,355,558,34,10
2,step,9.3853734037313874,0.039299469266434281,356,559,34,10
2,step,9.4246728729978209,0.039299469266434281,357,560,34,10
2,step,9.4639723422642543,0.039299469266434281,358,561,34,10
2,step,9.5032718115306878,0.039299469266434281,359,563,34,10
2,step,9.5425712807971212,0.039299469266434281,360,564,34,10
2,step,9.5818707500635547,0.039299469266434281,361,566,34,10
2,step,9.6211702193299882,0.039299469266434281,362,568,34,10
2,step,9.6604696885964216,0.039299469266434281,363,570,34,10
2,step,9.6997691578628551,0.039299469266434281,364,572,35,10
2,step,9.7390686271292886,0.039299469266434281,365,573,35,10
2,step,9.778368096395722,0.039299469266434281,366,574,35,10
2,step,9.8176675656621555,0.039299469266434281,367,575,35,10
2,step,9.8569670349285889,0.039299469266434281,368,576,35,10
2,step,9.8962665041950224,0.039299469266434281,369,577,35,10
2,step,9.9355659734614559,0.039299469266434281,370,579,35,10
2,step,9.9748654427278893,0.039299469266434281,371,580,35,10
2,step,10.043596198470681,0.068730755742791486,372,584,36,11
2,step,10.112326954213472,0.068730755742791486,373,585,36,11
2,step,10.181057709956264,0.068730755742791486,374,586,36,11
2,step,10.249788465699055,0.068730755742791486,375,588,36,11
2,step,10.311646145867567,0.061857680168512341,376,590,36,11
2,step,10.367318058019228,0.055671912151661111,377,592,36,11
2,step,10.422989970170889,0.055671912151661111,378,593,36,11
2,step,10.47866188232255,0.055671912151661111,379,594,36,11
2,step,10.534333794474211,0.055671912151661111,380,595,36,11
2,step,10.590005706625872,0.055671912151661111,381,597,36,11
2,step,10.645677618777533,0.055671912151661111,382,598,36,11
2,step,10.701349530929194,0.055671912151661111,383,599,36,11
2,step,10.757021443080856,0.055671912151661111,384,600,36,11
2,step,10.812693355232517,0.055671912151661111,385,601,36,11
2,step,10.862798076169012,0.050104720936494998,386,603,36,11
2,step,10.892659353328265,0.029861277159252058,387,607,37,12
2,step,10.922520630487517,0.029861277159252058,388,608,37,12
2,step,10.952381907646769,0.029861277159252058,389,609,37,12
2,step,10.982243184806022,0.029861277159252058,390,610,37,12
2,step,11.012104461965274,0.029861277159252058,391,611,37,12
2,step,11.071827016283779,0.059722554318504116,392,613,38,12
2,step,11.125577315170432,0.053750298886653704,393,615,38,12
2,step,11.158538835849944,0.032961520679511913,394,619,39,13
2,step,11.191500356529456,0.032961520679511913,395,620,39,13
2,step,11.221165725141017,0.029665368611560723,396,622,39,13
2,step,11.250831093752577,0.029665368611560723,397,623,39,13
2,step,11.280496462364137,0.029665368611560723,398,624,39,13
2,step,11.310161830975698,0.029665368611560723,399,625,39,13
2,step,11.339827199587258,0.029665368611560723,400,626,39,13
2,step,11.369492568198819,0.029665368611560723,401,627,39,13
2,step,11.42882330542194,0.059330737223121446,402,629,40,13
2,step,11.482220968922748,0.053397663500809302,403,631,40,13
2,step,11.535618632423557,0.053397663500809302,404,632,40,13
2,step,11.589016295924365,0.053397663500809302,405,633,40,13
2,step,11.642413959425173,0.053397663500809302,406,634,40,13
2,step,11.695811622925982,0.053397663500809302,407,635,40,13
2,step,11.74920928642679,0.053397663500809302,408,637,40,13
2,step,11.802606949927599,0.053397663500809302,409,638,40,13
2,step,11.856004613428407,0.053397663500809302,410,639,40,13
2,step,11.909402276929216,0.053397663500809302,411,640,40,13
2,step,11.962799940430024,0.053397663500809302,412,641,40,13
2,step,12.016197603930832,0.053397663500809302,413,642,40,13
2,step,12.069595267431641,0.053397663500809302,414,644,40,13
2,step,12.122992930932449,0.053397663500809302,415,645,40,13
2,step,12.176390594433258,0.053397663500809302,416,646,40,13
2,step,12.229788257934066,0.053397663500809302,417,648,40,13
2,step,12.263001189569813,0.033212931635747511,418,653,41,14
2,step,12.29621412120556,0.033212931635747511,419,654,41,14
2,step,12.329427052841307,0.033212931635747511,420,655,41,14
2,step,12.362639984477054,0.033212931635747511,421,656,41,14
2,step,12.395852916112801,0.033212931635747511,422,657,41,14
2,step,12.429065847748548,0.033212931635747511,423,658,41,14
2,step,12.462278779384295,0.033212931635747511,424,660,41,14
2,step,12.495491711020042,0.033212931635747511,425,661,41,14
2,step,12.528704642655789,0.033212931635747511,426,662,41,14
2,step,12.561917574291536,0.033212931635747511,427,663,41,14
2,step,12.595130505927283,0.033212931635747511,428,664,41,14
2,step,12.62834343756303,0.033212931635747511,429,665,41,14
2,step,12.661556369198777,0.033212931635747511,430,666,41,14
2,step,12.694769300834524,0.033212931635747511,431,667,41,14
2,step,12.727982232470271,0.033212931635747511,432,668,41,14
2,step,12.761195164106018,0.033212931635747511,433,669,41,14
2,step,12.794408095741765,0.033212931635747511,434,670,41,14
2,step,12.827621027377512,0.033212931635747511,435,671,41,14
2,step,12.860833959013259,0.033212931635747511,436,672,41,14
2,step,12.894046890649006,0.033212931635747511,437,673,41,14
2,step,12.927259822284753,0.033212931635747511,438,674,41,14
2,step,12.9604727539205,0.033212931635747511,439,676,41,14
2,step,12.993685685556247,0.033212931635747511,440,677,41,14
2,step,13.026898617191994,0.033212931635747511,441,678,41,14
2,step,13.060111548827742,0.033212931635747511,442,679,41,14
2,step,13.093324480463489,0.033212931635747511,443,680,41,14
2,step,13.126537412099236,0.033212931635747511,444,681,41,14
2,step,13.159750343734983,0.033212931635747511,445,683,41,14
2,step,13.19296327537073,0.033212931635747511,446,684,41,14
2,step,13.226176207006477,0.033212931635747511,447,685,41,14
2,step,13.259389138642224,0.033212931635747511,448,686,41,14
2,step,13.292602070277971,0.033212931635747511,449,687,41,14
2,step,13.325815001913718,0.033212931635747511,450,688,41,14
2,step,13.359027933549465,0.033212931635747511,451,689,41,14
2,step,13.392240865185212,0.033212931635747511,452,691,41,14
2,step,13.425453796820959,0.033212931635747511,453,692,41,14
2,step,13.458666728456706,0.033212931635747511,454,693,41,14
2,step,13.491879660092453,0.033212931635747511,455,694,41,14
2,step,13.5250925917282,0.033212931635747511,456,695,41,14
2,step,13.558305523363947,0.033212931635747511,457,696,41,14
2,step,13.591518454999694,0.033212931635747511,458,698,41,14
2,step,13.624731386635441,0.033212931635747511,459,699,41,14
2,step,13.657944318271188,0.033212931635747511,460,700,41,14
2,step,13.691157249906935,0.033212931635747511,461,701,41,14
2,step,13.724370181542682,0.033212931635747511,462,702,41,14
2,step,13.757583113178429,0.033212931635747511,463,703,41,14
2,step,13.790796044814176,0.033212931635747511,464,704,41,14
2,step,13.824008976449923,0.033212931635747511,465,705,41,14
2,step,13.85722190808567,0.033212931635747511,466,706,41,14
2,step,13.890434839721417,0.033212931635747511,467,707,41,14
2,step,13.923647771357164,0.033212931635747511,468,709,41,14
2,step,13.956860702992911,0.033212931635747511,469,711,41,14
2,step,13.990073634628658,0.033212931635747511,470,712,41,14
2,step,14.023286566264405,0.033212931635747511,471,714,41,14
2,step,14.056499497900152,0.033212931635747511,472,715,41,14
2,step,14.089712429535899,0.033212931635747511,473,717,41,14
2,step,14.117096083806461,0.027383654270561997,474,719,41,14
2,step,14.144479738077022,0.027383654270561997,475,720,41,14
2,step,14.171863392347584,0.027383654270561997,476,721,41,14
2,step,14.199247046618146,0.027383654270561997,477,722,41,14
2,step,14.226630700888707,0.027383654270561997,478,724,41,14
2,step,14.281398009429831,0.054767308541123993,479,726,42,14
2,step,14.336165317970954,0.054767308541123993,480,727,42,14
2,step,14.390932626512077,0.054767308541123993,481,728,42,14
2,step,14.4456999350532,0.054767308541123993,482,729,42,14
2,step,14.500467243594324,0.054767308541123993,483,730,42,14
2,step,14.555234552135447,0.054767308541123993,484,731,42,14
2,step,14.61000186067657,0.054767308541123993,485,732,42,14
2,step,14.664769169217694,0.054767308541123993,486,734,42,14
2,step,14.695040989952005,0.030271820734311124,487,738,44,15
2,step,14.725312810686317,0.030271820734311124,488,739,44,15
2,step,14.755584631420628,0.030271820734311124,489,740,44,15
2,step,14.78585645215494,0.030271820734311124,490,742,44,15
2,step,14.816128272889252,0.030271820734311124,491,743,44,15
2,step,14.876671914357875,0.060543641468622247,492,745,44,15
2,step,14.931161191679635,0.054489277321760024,493,747,44,15
2,step,14.985650469001396,0.054489277321760024,494,748,44,15
2,step,15.040139746323156,0.054489277321760024,495,749,44,15
2,step,15.094629023644917,0.054489277321760024,496,750,44,15
2,step,15.149118300966677,0.054489277321760024,497,752,44,15
2,step,15.203607578288437,0.054489277321760024,498,753,44,15
2,step,15.258096855610198,0.054489277321760024,499,754,44,15
2,step,15.312586132931958,0.054489277321760024,500,755,44,15
2,step,15.367075410253719,0.054489277321760024,501,756,44,15
2,step,15.421564687575479,0.054489277321760024,502,757,44,15
2,step,15.47605396489724,0.054489277321760024,503,759,44,15
2,step,15.525094314486823,0.049040349589584024,504,761,44,15
2,step,15.574134664076407,0.049040349589584024,505,762,44,15
2,step,15.623175013665991,0.049040349589584024,506,763,44,15
2,step,15.672215363255575,0.049040349589584024,507,764,44,15
2,step,15.721255712845158,0.049040349589584024,508,766,44,15
2,step,15.770296062434742,0.049040349589584024,509,767,44,15
2,step,15.858568691695993,0.088272629261251248,510,771,45,16
2,step,15.93533953559969,0.076770843903696429,511,775,45,17
2,step,16.012110379503387,0.076770843903696429,512,777,45,17
2,step,16.076312080701438,0.064201701198050312,513,779,45,17
2,step,16.140513781899489,0.064201701198050312,514,780,45,17
2,step,16.204715483097541,0.064201701198050312,515,781,45,17
2,step,16.268917184295592,0.064201701198050312,516,783,45,17
2,step,16.397320586691691,0.12840340239610062,517,785,45,17
2,step,16.52572398908779,0.12840340239610062,518,786,45,17
2,step,16.65412739148389,0.12840340239610062,519,787,45,17
2,step,16.782530793879989,0.12840340239610062,520,788,45,17
2,step,16.910934196276088,0.12840340239610062,521,790,45,17
2,step,17.039337598672187,0.12840340239610062,522,791,45,17
2,step,17.167741001068286,0.12840340239610062,523,792,45,17
2,step,17.296144403464385,0.12840340239610062,524,794,45,17
2,step,17.424547805860485,0.12840340239610062,525,795,45,17
2,step,17.552951208256584,0.12840340239610062,526,797,45,17
2,step,17.681354610652683,0.12840340239610062,527,798,45,17
2,step,17.809758013048782,0.12840340239610062,528,799,45,17
2,step,17.938161415444881,0.12840340239610062,529,800,45,17
2,step,18.06656481784098,0.12840340239610062,530,801,45,17
2,step,18.194968220237079,0.12840340239610062,531,803,45,17
2,step,18.323371622633179,0.12840340239610062,532,805,45,17
2,step,18.451775025029278,0.12840340239610062,533,806,45,17
2,step,18.580178427425377,0.12840340239610062,534,807,45,17
2,step,18.708581829821476,0.12840340239610062,535,808,45,17
2,step,18.836985232217575,0.12840340239610062,536,809,45,17
2,step,18.965388634613674,0.12840340239610062,537,811,45,17
2,step,19.093792037009774,0.12840340239610062,538,813,45,17
2,step,19.222195439405873,0.12840340239610062,539,814,45,17
2,step,19.350598841801972,0.12840340239610062,540,815,45,17
2,step,19.479002244198071,0.12840340239610062,541,816,45,17
2,step,19.60740564659417,0.12840340239610062,542,817,45,17
2,step,19.735809048990269,0.12840340239610062,543,819,45,17
2,step,19.864212451386368,0.12840340239610062,544,821,45,17
2,step,19.992615853782468,0.12840340239610062,545,822,45,17
2,step,20.121019256178567,0.12840340239610062,546,823,45,17
2,end,20,0,546,823,45,17
