omega,re_0,im_0,re_1,im_1,re_2,im_2,re_3,im_3
62.83185307179587,1.3590149507770287e-07,2.5427676369470946e-07,1.3610186057821717e-07,2.5433795456313755e-07,6.395061198351643e-08,3.1110749012528103e-07,2.5881955920001944e-07,3.4472009530599516e-07
65.41537996857582,1.3710381075224528e-07,2.6241040004981136e-07,1.3730920337346606e-07,2.624733462186651e-07,6.487513990264665e-08,3.2322007578174006e-07,2.6250713828750223e-07,3.5364258710749515e-07
68.10513660234535,1.3827387465630689e-07,2.7088881090107353e-07,1.3848424918128047e-07,2.709535902977477e-07,6.583817710225775e-08,3.3582790264432375e-07,2.6618324818386655e-07,3.6286510675427606e-07
70.90549093886288,1.3941071846798614e-07,2.797285104161986e-07,1.3962601677070605e-07,2.7979520018657744e-07,6.684195590037651e-08,3.489511430114774e-07,2.6984367959693063e-07,3.724008720644461e-07
73.82099054637276,1.4051349589730917e-07,2.8894669268684776e-07,1.4073364728396884e-07,2.8901536921842244e-07,6.788878163775783e-08,3.626108422383956e-07,2.7348405922661963e-07,3.8226375356230763e-07
76.85636998052001,1.415814897947528e-07,2.9856124553471296e-07,1.4180641145419884e-07,2.986319845768019e-07,6.898102979518217e-08,3.7682895847956226e-07,2.770998610151647e-07,3.924683016390239e-07
80.01655847291823,1.426141129754819e-07,3.0859078127752866e-07,1.4284371052958637e-07,3.086636581693305e-07,7.012113579476108e-08,3.916284360208958e-07,2.806864138104445e-07,4.030297890508493e-07
83.3066879358569,1.4361092243089973e-07,3.190546126876451e-07,1.4384509057795854e-07,3.1912970265998245e-07,7.131159795197024e-08,4.070331862674213e-07,2.8423893555335287e-07,4.1396420885898845e-07
86.73210129614749,1.4457160438182967e-07,3.299728195837188e-07,1.4481022760549757e-07,3.3005019817550385e-07,7.255495000274809e-08,4.2306822943526945e-07,2.8775253244674274e-07,4.252883437737388e-07
90.29836117164085,1.4549601215655224e-07,3.4136620105626975e-07,1.457389655222035e-07,3.4144594458200585e-07,7.385378706825253e-08,4.3975959148662685e-07,2.9122225997826114e-07,4.3701975643233323e-07
94.01125890450754,1.4638407697879978e-07,3.532563886687442e-07,1.4663122689718088e-07,3.533385747973396e-07,7.521063803284682e-08,4.571346890104143e-07,2.946430893166333e-07,4.4917687012206425e-07
97.8768239659487,1.4723600320586722e-07,3.656657197860147e-07,1.4748720843413458e-07,3.6575042811297076e-07,7.662823751402825e-08,4.7522162961678146e-07,2.9801006510917527e-07,4.6177894475094016e-07
101.90133374761122,1.480519578195488e-07,3.786174514093731e-07,1.4830707018940122e-07,3.7870476416081836e-07,7.810903862545903e-08,4.940504320000625e-07,3.013181752262712e-07,4.748461942131237e-07
106.09132375560732,1.4883235615267733e-07,3.921355976371931e-07,1.4909122155417205e-07,3.922256003278584e-07,7.96556328727697e-08,5.136519412527598e-07,3.045625560303017e-07,4.883997319073142e-07
110.453598223693,1.495777263065651e-07,4.0624505433630255e-07,1.4984018542278152e-07,4.0633783648115316e-07,8.127038407506237e-08,5.340585844096914e-07,3.077384701448518e-07,5.024616799976236e-07
114.9952411628399,1.502886748121903e-07,4.209716329305589e-07,1.505545641786115e-07,4.210672887812906e-07,8.295572226680657e-08,5.553040148756268e-07,3.1084135705275294e-07,5.170552051927173e-07
119.72362786514542,1.5096590205183388e-07,4.3634203754385966e-07,1.5123505488293846e-07,4.3644066665944706e-07,8.471374818569886e-08,5.774234345182359e-07,3.138669281966222e-07,5.322045461289675e-07
124.64643688076109,1.5161036642052554e-07,4.523839150562941e-07,1.518826130958968e-07,4.5248562361780656e-07,8.654669198728615e-08,6.004533185398516e-07,3.1681122874360863e-07,5.479351325751377e-07
129.77166248729,1.5222285535933893e-07,4.6912598432737374e-07,1.5249802450109106e-07,4.6923088476255015e-07,8.845622828077262e-08,6.244318533230026e-07,3.1967066261368847e-07,5.642735728820538e-07
135.10762767190218,1.5280447292209472e-07,4.865978404092086e-07,1.5308239201473217e-07,4.86706053098874e-07,9.044373005201743e-08,6.493987023580111e-07,3.2244213136750946e-07,5.81247802915428e-07
140.6629976472495,1.533562705927936e-07,5.0483033031622e-07,1.5363676638167536e-07,5.049419835607362e-07,9.251071574520341e-08,6.75394773897352e-07,3.2512302555671236e-07,5.988871528149973e-07
146.44679392313063,1.538793977090409e-07,5.238552513219868e-07,1.5416229719165411e-07,5.239704824682837e-07,9.465795894239184e-08,7.024627846535083e-07,3.2771133145622923e-07,6.172224281784017e-07
152.46840895675493,1.5437506348095475e-07,5.437056641145278e-07,1.5466019403123018e-07,5.438246198653485e-07,9.688604761728682e-08,7.306468289219212e-07,3.302056532056516e-07,6.362860389333398e-07
158.73762140539807,1.5484448623035143e-07,5.644158916706529e-07,1.551316760109189e-07,5.645387283454227e-07,9.9195330178184e-08,7.599923741363098e-07,3.3260524938225007e-07,6.56112113086043e-07
165.26461200621813,1.5528899251069e-07,5.860213211396343e-07,1.5557807135637525e-07,5.861482065494246e-07,1.0158569552244824e-07,7.905465798938478e-07,3.349100514374742e-07,6.76736600056323e-07
172.05998010901936,1.5570975765071382e-07,6.08559015285773e-07,1.5600055680615686e-07,6.086901267010473e-07,1.040568979269773e-07,8.223576879012066e-07,3.371206475070556e-07,6.981974227546201e-07
179.13476088881166,1.5610826446739436e-07,6.320670533370006e-07,1.564006169679375e-07,6.3220258143808e-07,1.066082569635657e-07,8.554758578883487e-07,3.3923826558511704e-07,7.205345489417707e-07
186.50044326611896,1.5648575139038972e-07,6.56585182687787e-07,1.5677949259106172e-07,6.56725329501454e-07,1.0923909518203944e-07,8.899523255156011e-07,3.4126470629358633e-07,7.437901359644689e-07
194.16898856413573,1.568436053743988e-07,6.821546483697947e-07,1.5713857286486336e-07,6.82299629137511e-07,1.1194869214815684e-07,9.25839796115558e-07,3.4320227604938075e-07,7.680086176774248e-07
202.1528499330308,1.5718305497694705e-07,7.088184157259513e-07,1.574790880313508e-07,7.089684573124592e-07,1.1473624955639892e-07,9.631926497260168e-07,3.450537058303249e-07,7.932367541381449e-07
210.46499257294212,1.5750552876237453e-07,7.366207910808735e-07,1.5780247010197775e-07,7.367761358610444e-07,1.1760125128733128e-07,1.0020666758650208e-06,3.468220294253297e-07,8.19523697403812e-07
219.11891478850168,1.5781241302759694e-07,7.656081940607269e-07,1.5811010597284856e-07,7.657690985617147e-07,1.2054345503985465e-07,1.0425193543330539e-06,3.4851049698271745e-07,8.469210069736919e-07
228.1286699090846,1.58104808381566e-07,7.958285861550528e-07,1.584031008844387e-07,7.959953201877486e-07,1.23562878592148e-07,1.0846100903898735e-06,3.5012247322491407e-07,8.754826588086851e-07
237.5088891103756,1.583842534206949e-07,8.273319773564783e-07,1.5868299454701086e-07,8.275048284588972e-07,1.266601379134067e-07,1.1284000857836817e-06,3.5166133877845223e-07,9.0526502831572e-07
247.2748051743158,1.5865189213543735e-07,8.601703871101333e-07,1.589509334942203e-07,8.603496573246592e-07,1.2983638950688914e-07,1.1739527712204676e-06,3.5313040453839423e-07,9.363268346005214e-07
257.4422772260138,1.5890905762955012e-07,8.943978652738147e-07,1.592082530824118e-07,8.945838737076081e-07,1.3309339236887732e-07,1.2213337901173327e-06,3.5453288480357663e-07,9.687291415543728e-07
268.0278164877906,1.5915701060151937e-07,9.300706515292882e-07,1.5945621636568761e-07,9.302637346655647e-07,1.364335379229983e-07,1.2706113846944124e-06,3.55871834808825e-07,1.0025353047857652e-06
279.0486130921842,1.5939701169583926e-07,9.672472782960245e-07,1.5969608618336675e-07,9.674477906047557e-07,1.3985987949229523e-07,1.321856489072209e-06,3.571501401472047e-07,1.0378109641213574e-06
290.5225639974522,1.5963030387328432e-07,1.005988646817711e-06,1.599291076724982e-07,1.0061969613983273e-06,1.4337612053854946e-07,1.3751429206698163e-06,3.583705016622984e-07,1.0746240025347792e-06
302.46830205090794,1.5985814335916449e-07,1.0463580838009337e-06,1.6015653929137234e-07,1.046574593200647e-06,1.4698657271319759e-07,1.4305475889923886e-06,3.5953548163662723e-07,1.11304455133574e-06
314.9052262472862,1.6008174826689437e-07,1.0884215730880754e-06,1.6037960124367777e-07,1.0886466898171283e-06,1.506961571967524e-07,1.4881506873387892e-06,3.606474622852651e-07,1.1531450520480079e-06
327.85353323127407,1.6030237928144493e-07,1.1322477542388042e-06,1.6059955632330858e-07,1.132481911666142e-06,1.5451033568056071e-07,1.548035836516733e-06,3.6170873198833755e-07,1.195000294709029e-06
341.33425009536967,1.605212759346194e-07,1.1779079624036875e-06,1.6081764641029976e-07,1.1781516155226963e-06,1.5843505140940035e-07,1.6102902699030121e-06,3.6272151261110657e-07,1.2386873806653078e-06
355.3692685263229,1.6073956731068304e-07,1.2254769803556025e-06,1.610350018951613e-07,1.225730605583125e-06,1.6247685382409697e-07,1.6750049999168832e-06,3.636877412476277e-07,1.2842861301654831e-06
369.9813803556156,1.6095953659256632e-07,1.2750305452236152e-06,1.612539107806289e-07,1.275294647208346e-06,1.6664216607828957e-07,1.742274562017809e-06,3.6461027816492556e-07,1.3318785385864703e-06
385.19431457170947,1.6118006322500028e-07,1.326652450075915e-06,1.614732496841567e-07,1.3269275455525524e-06,1.7093912414490719e-07,1.8121987725275304e-06,3.6548963777082527e-07,1.3815497884419644e-06
401.03277585416777,1.6140461349238037e-07,1.3804239643991967e-06,1.6169649074058274e-07,1.3807106050134509e-06,1.7537463371065753e-07,1.884880028240688e-06,3.6632912319732355e-07,1.4333876780802779e-06
417.522484692226,1.6163369737638514e-07,1.4364332906482745e-06,1.6192414456329367e-07,1.4367320495179205e-06,1.7995692078275392e-07,1.96042611246068e-06,3.6713036159833647e-07,1.4874829800608081e-06
434.69021915296497,1.618691506262394e-07,1.494770877238951e-06,1.621580494168829e-07,1.4950823558444234e-06,1.8469416801406657e-07,2.038948845573722e-06,3.6789563946634454e-07,1.5439297816965623e-06
452.5638583669095,1.621119671598861e-07,1.5555317926006752e-06,1.6239920010073263e-07,1.5558566175444508e-06,1.895951140744845e-07,2.1205650300348186e-06,3.6862683220456675e-07,1.6028253538212926e-06
471.17242780167385,1.6236363007729058e-07,1.618814533480373e-06,1.626490810961712e-07,1.6191533595085626e-06,1.9466868237506743e-07,2.2053961224342626e-06,3.693260619325207e-07,1.664270545002633e-06
490.5461463971736,1.6262573046847163e-07,1.6847215322030407e-06,1.6290928464188256e-07,1.6850750433556852e-06,1.9992411078776014e-07,2.2935684343715552e-06,3.699955185662005e-07,1.7283698651749408e-06
510.7164756389469,1.628999834740315e-07,1.7533595191131643e-06,1.6318152628892253e-07,1.7537284297192732e-06,2.0537105020608943e-07,2.3852131344691974e-06,3.706374295128403e-07,1.7952317265948383e-06
531.7161706492817,1.6318763871656505e-07,1.8248394429786782e-06,1.6346705807873017e-07,1.825224498203807e-06,2.1101905558169406e-07,2.4804685692142447e-06,3.71254061179912e-07,1.8649687495040775e-06
553.5793333791087,1.6349058951469574e-07,1.8992771000040502e-06,1.637677700933519e-07,1.899679077991931e-06,2.168785455013093e-07,2.5794754201960862e-06,3.718471495925995e-07,1.9376972595144353e-06
576.3414679870473,1.63810277593606e-07,1.9767943869166087e-06,1.6408510408997444e-07,1.977214099986204e-06,2.2295991112336077e-07,2.6823845600307967e-06,3.7241871901667015e-07,2.013540000650257e-06
600.0395384955322,1.6414992480311462e-07,2.057513925130694e-06,1.644222837891487e-07,2.0579522226693866e-06,2.292745501733058e-07,2.789345937488999e-06,3.729726116546448e-07,2.092621988478147e-06
624.7120288176508,1.6450932193665492e-07,2.141568949295073e-06,1.6477909352120652e-07,2.1420267160457113e-06,2.3583278459313067e-07,2.900524703805514e-06,3.7350864087562365e-07,2.1750741760256347e-06
650.3990052521697,1.648924689672245e-07,2.2290917612052764e-06,1.651595355704457e-07,2.229569923153248e-06,2.426469487619704e-07,3.016082380585876e-06,3.740315954855171e-07,2.2610318902496887e-06
677.1421815482412,1.6530074661967807e-07,2.3202261957561633e-06,1.6556498618913157e-07,2.320725721113851e-06,2.497288430102576e-07,3.1361953742207373e-06,3.7454245006345284e-07,2.3506382297440736e-06
704.9849866454446,1.657365120505194e-07,2.41511945526384e-06,1.659977996961986e-07,2.415641357134713e-06,2.570909436825283e-07,3.2610438568737586e-06,3.7504354183500686e-07,2.444040680928025e-06
733.9726351991704,1.66202132257273e-07,2.5139236120874518e-06,1.664603392057559e-07,2.514468950836758e-06,2.6474607223831376e-07,3.390813815772391e-06,3.755371212857282e-07,2.54139150797071e-06
764.1522010058766,1.6670054891478333e-07,2.6167971752343974e-06,1.6695554456993312e-07,2.6173670613166713e-06,2.7270763184952264e-07,3.525699610430023e-06,3.7602654148915847e-07,2.6428498912884073e-06
795.5726934474478,1.672340780501606e-07,2.72390748138625e-06,1.6748572671788605e-07,2.7245030796359373e-06,2.809893908373338e-07,3.6659049411532274e-06,3.7651317280463127e-07,2.748582847723154e-06
828.2851370788098,1.678056082646239e-07,2.8354267706331392e-06,1.680537707878892e-07,2.836049303288082e-06,2.896057136829675e-07,3.811639983965132e-06,3.7699952171983534e-07,2.8587628179504093e-06
862.3426544880288,1.6841810525270228e-07,2.9515343112865187e-06,1.6866263901794912e-07,2.9521850616206187e-06,2.9857141836832673e-07,3.963123283868382e-06,3.7748805628251144e-07,2.973569313157789e-06
897.8005525634636,1.690754163038468e-07,3.072414437187284e-06,1.6931617785568622e-07,3.073094753716478e-06,3.0790209426634863e-07,4.120579093703989e-06,3.779827386520687e-07,3.0931880284142585e-06
934.7164123080624,1.6978068199443363e-07,3.1982630230298462e-06,1.7001752494173843e-07,3.1989743250184722e-06,3.176137939430822e-07,4.284244902219968e-06,3.784853848811418e-07,3.2178150305122567e-06
973.1501823466471,1.7053570727372842e-07,3.3292855824915074e-06,1.7076847935580008e-07,3.330029362136665e-06,3.277225398085362e-07,4.4543718539986895e-06,3.789958368100052e-07,3.347653917849215e-06
1013.1642762780488,1.713457821043695e-07,3.4656885414274585e-06,1.7157433612986336e-07,3.466466371788077e-06,3.382460770180737e-07,4.631209292468046e-06,3.7951965455755797e-07,3.4829142156064067e-06
1054.8236740301722,1.7221516785822769e-07,3.607688065831648e-06,1.72439359211149e-07,3.608501603835579e-06,3.4920248668571584e-07,4.8150190740941376e-06,3.8006083931912734e-07,3.6238138442211685e-06
1098.196027382591,1.7314701686679588e-07,3.7555162920862945e-06,1.7336670362688173e-07,3.7563672876803e-06,3.6061011096891874e-07,5.0060823070681765e-06,3.8061977608898654e-07,3.77058446162699e-06
1143.3517698280332,1.741445976417101e-07,3.909408093621649e-06,1.7435963981079555e-07,3.910298387005066e-06,3.7248802204405995e-07,5.2046842552709045e-06,3.8119951540981226e-07,3.923461989412503e-06
1190.3642309511577,1.7521407399837915e-07,4.0696092934817226e-06,1.7542435092524847e-07,4.070540837495701e-06,3.848567962068188e-07,5.411120540408871e-06,3.818042547662505e-07,4.082694847931312e-06
1239.309755510381,1.7635851498124366e-07,4.236375796395517e-06,1.7656391213867744e-07,4.237350644576087e-06,3.977369749774992e-07,5.625700838610339e-06,3.824364879792086e-07,4.2485406136425955e-06
1290.2678274161112,1.7758276680154234e-07,4.409973907673986e-06,1.7778319075806717e-07,4.410994232142243e-06,4.111502466581067e-07,5.848746442812873e-06,3.830995379496569e-07,4.421267609635234e-06
1343.321198806739,1.788916591428814e-07,4.590680541967759e-06,1.790870416628688e-07,4.591748639692067e-06,4.251191399642245e-07,6.080590983493584e-06,3.837968065315358e-07,4.601155229360614e-06
1398.5560244319877,1.8028979280074344e-07,4.778783700605962e-06,1.8048009637317798e-07,4.779901997805187e-06,4.396669655850319e-07,6.321581499819508e-06,3.845317294346538e-07,4.788494255490546e-06
1456.062001561853,1.8178192663854632e-07,4.9745829674134295e-06,1.8196715149072274e-07,4.975754028021591e-06,4.54817979969576e-07,6.57207823624562e-06,3.853079221703472e-07,4.983587552840901e-06
1515.9325156483283,1.8337277443400625e-07,5.1783896196766506e-06,1.8355296851056607e-07,5.179616151576396e-06,4.7059729995790457e-07,6.832455630129038e-06,3.861291018451051e-07,5.186749889208517e-06
1578.2647919764756,1.8506719091188346e-07,5.390527537193186e-06,1.8524246002656207e-07,5.391812401005162e-06,4.870310689501126e-07,7.103102528019102e-06,3.8699919128344204e-07,5.398309137882689e-06
1643.1600535510916,1.8686978434636095e-07,5.611333627971879e-06,1.870403031090371e-07,5.612679841905725e-06,5.041463713569323e-07,7.384423136201919e-06,3.8792217394372265e-07,5.618606615356207e-06
1710.7236854753774,1.8878493016365374e-07,5.841158372990777e-06,1.8895095802052135e-07,5.842569117058059e-06,5.219712051548678e-07,7.676838472608717e-06,3.889022518241148e-07,5.8479973048089945e-06
1781.0654060885513,1.908164989596397e-07,6.08036484809886e-06,1.9097838508977403e-07,6.081843465512521e-06,5.405347629479947e-07,7.980782241652358e-06,3.8994352341112505e-07,6.0868501807089516e-06
1854.299445140307,1.929702439354914e-07,6.329335920872554e-06,1.9312846770608334e-07,6.330885947180669e-06,5.598674694951626e-07,8.296712567690745e-06,3.9105085680531507e-07,6.335552816665108e-06
1930.5447292914844,1.9524903278124886e-07,6.588464234791137e-06,1.954042016043854e-07,6.590089369264088e-06,5.800004702640044e-07,8.62509890385842e-06,3.9222865703481497e-07,6.59450420509683e-06
2009.9250752421622,1.9765683815416789e-07,6.8581605632328706e-06,1.978097190958679e-07,6.859864686749743e-06,6.009663194335651e-07,8.966431245780255e-06,3.9348183420677486e-07,6.864121346506179e-06
2092.569390800818,2.001966552903907e-07,7.138852305463837e-06,2.003481950372264e-07,7.1406394717596755e-06,6.227986388356202e-07,9.32121888437381e-06,3.9481532476238144e-07,7.144838314677736e-06
2178.6118842210713,2.028712442508989e-07,7.430984007499065e-06,2.0302259763961583e-07,7.432858440669574e-06,6.455322496089452e-07,9.689990898284903e-06,3.9623416728310914e-07,7.437106565421331e-06
2268.1922821459616,2.0568292552972453e-07,7.73501921538564e-06,2.058354822026794e-07,7.736985301495738e-06,6.692033714937619e-07,1.0073297650787418e-05,3.977438819486248e-07,7.74139679073958e-06
2361.4560565136667,2.086334597855912e-07,8.051439173476317e-06,2.0878887592196437e-07,8.05350144765854e-06,6.938493281374757e-07,1.04717099652394e-05,3.993498667319564e-07,8.058197515091928e-06
2458.5546607931824,2.1172305859991293e-07,8.380746403966525e-06,2.1188327936047544e-07,8.382909517554844e-06,7.195087973798631e-07,1.0885822854048957e-05,4.0105759027088305e-07,8.388018793259753e-06
2559.645775933539,2.1495272213812405e-07,8.72346323627947e-06,2.151200239321927e-07,8.725731951105051e-06,7.46221941887303e-07,1.1316253068017986e-05,4.0287310126899647e-07,8.731390229024167e-06
2664.893566426,2.1832212086150768e-07,9.080134176919378e-06,2.184991368000292e-07,9.082513323637781e-06,7.740302975936387e-07,1.1763642426322755e-05,4.048024397757612e-07,9.088863581528062e-06
2774.4689468950514,2.218299666747089e-07,9.451326212721583e-06,2.2201971277120705e-07,9.453820644874071e-06,8.029768302004954e-07,1.2228657803177184e-05,4.068517728176177e-07,9.46101292137591e-06
2888.5498596510947,2.2547419915954896e-07,9.837629911091306e-06,2.2568009742627997e-07,9.840244453020064e-06,8.331060234467507e-07,1.2711992151357116e-05,4.090274519074916e-07,9.848435543346715e-06
3007.32156365561,2.292522810764777e-07,1.0239661725566542e-05,2.2947817966366262e-07,1.0242401115331715e-05,8.644640205431727e-07,1.321436679927463e-05,4.113360856148695e-07,1.0251754130175582e-05
3130.976935367991,2.3316159791915754e-07,1.0658063057804385e-05,2.334117855360111e-07,1.0660931888089974e-05,8.970987075149649e-07,1.3736530315733274e-05,4.137846905526975e-07,1.0671615574263385e-05
3259.7167819626447,2.371975808074155e-07,1.1093502661671114e-05,2.3747677088813987e-07,1.1096505277515522e-05,9.310594633459795e-07,1.4279261283791034e-05,4.163800642028042e-07,1.110869360192389e-05
3393.75016742499,2.4135595410997667e-07,1.1546677520565524e-05,2.4166927460482396e-07,1.154981794745851e-05,9.663976362773646e-07,1.4843368833131627e-05,4.191294575402737e-07,1.1563689146286885e-05
3533.294752055897,2.456313318438314e-07,1.2018314266123857e-05,2.459842811042466e-07,1.202159610585611e-05,1.003166342346829e-06,1.5429694196621344e-05,4.2204008865755886e-07,1.2037331909014907e-05
3678.577145935911,2.5001943849567334e-07,1.2509171191490518e-05,2.5041784160981395e-07,1.2512597558294252e-05,1.0414209779356191e-06,1.603911243500855e-05,4.2511992861333305e-07,1.2530381873564338e-05
3829.8332769232675,2.5451413688254363e-07,1.3020037244123601e-05,2.5496404454541754e-07,1.3023610643306129e-05,1.0812186529066298e-06,1.6672531965332633e-05,4.2837647583298416e-07,1.3043628769558706e-05
3987.3087737832443,2.5910965283753914e-07,1.35517357318573e-05,2.5961723389532003e-07,1.355545799011461e-05,1.122618746510627e-06,1.733089788344403e-05,4.318175946690985e-07,1.3577895290525991e-05
4151.259365071149,2.638013291958002e-07,1.4105124655121869e-05,2.6437275309063375e-07,1.4108996879378158e-05,1.1656831239531308e-06,1.8015192450333043e-05,4.354516009069505e-07,1.4134037447332269e-05
4321.95129441654,2.6858364624091055e-07,1.4681097641419737e-05,2.692249147774528e-07,1.4685120156372815e-05,1.2104757641119556e-06,1.8726436453149026e-05,4.3928644676625246e-07,1.4712945854996984e-05
4499.66175288319,2.734499444765669e-07,1.5280586509162146e-05,2.7416666918378965e-07,1.528475883697809e-05,1.2570628072351055e-06,1.9465691237258327e-05,4.4332992692455683e-07,1.531554766958091e-05
4684.679329106864,2.7839805701476563e-07,1.5904561530115228e-05,2.791953652633968e-07,1.590888248870812e-05,1.3055138241583687e-06,2.023405961876749e-05,4.4759096525787336e-07,1.59428075514186e-05
4877.304477941913,2.834241179102531e-07,1.6554034403311713e-05,2.8430641328096336e-07,1.655850215459342e-05,1.3559005418164154e-06,2.10326887429824e-05,4.52077843283211e-07,1.659573019430433e-05
5077.850008377724,2.885233238123429e-07,1.723005798487435e-05,2.894940767339868e-07,1.7234670125792654e-05,1.408297084241238e-06,2.1862770427745097e-05,4.56798212715829e-07,1.727536061528267e-05
5286.641591517374,2.936961576525958e-07,1.793372917406135e-05,2.9475785547094415e-07,1.7938482986016223e-05,1.4627814662504036e-06,2.272554330618057e-05,4.617615117494448e-07,1.7982786816129274e-05
5504.018289443407,2.9893971557216665e-07,1.8666188311078872e-05,3.000936633004082e-07,1.8671080887749313e-05,1.5194336553747164e-06,2.362229376314568e-05,4.669751365376347e-07,1.8719139640605836e-05
5730.333105829569,3.042531155489547e-07,1.9428623681095248e-05,3.054993886280116e-07,1.9433652183671196e-05,1.5783369883033986e-06,2.4554359599574092e-05,4.7244708342103015e-07,1.948559708182335e-05
5965.953559192664,3.0963461297941276e-07,2.0222268587783142e-05,3.1097202941532893e-07,2.0227430446421428e-05,1.6395774533186078e-06,2.552312862161032e-05,4.781834137470444e-07,2.0283382025269538e-05
6211.262279715393,3.1509038793694176e-07,2.104841991619808e-05,3.165166587828984e-07,2.105371322274582e-05,1.70324632876014e-06,2.6530053539479804e-05,4.841958797773925e-07,2.1113779199445007e-05
6466.657630609518,3.206216700962112e-07,2.1908411539322197e-05,3.2213343823785116e-07,2.191383511164656e-05,1.7694364333059528e-06,2.7576631623319655e-05,4.904907333395869e-07,2.197811159009418e-05
6732.554355028208,3.262236122043329e-07,2.2803639357397962e-05,3.2781635036299827e-07,2.2809192937065936e-05,1.8382424635636464e-06,2.866442464192382e-05,4.970714434076511e-07,2.2877762374482274e-05
7009.38424957824,3.319053312178516e-07,2.3735553961044932e-05,3.335739040909244e-07,2.3741238457474783e-05,1.909765891838406e-06,2.9795054886936266e-05,5.039476344507431e-07,2.3814170422806685e-05
7297.596865525738,3.3767242709979773e-07,2.470566612882862e-05,3.394111544524224e-07,2.471148370208132e-05,1.9841108589894e-06,3.097020871899119e-05,5.111270234966427e-07,2.4788834089690694e-05
7597.660238834169,3.435220681499886e-07,2.571554741393795e-05,3.453246996365856e-07,2.5721501483144744e-05,2.0613827254593784e-06,3.219163809196664e-05,5.186107588002169e-07,2.5803311735726734e-05
7910.061650220118,3.494636614363133e-07,2.6766832694847886e-05,3.513238993574513e-07,2.6772928000400893e-05,2.1416936634838893e-06,3.3461164994639333e-05,5.264065111014062e-07,2.6859226325186285e-05
8235.30841646112,3.5549777512427313e-07,2.786122568444135e-05,3.57409192388471e-07,2.7867468282014544e-05,2.22515744100916e-06,3.478068128185779e-05,5.345157591897997e-07,2.7958268081073774e-05
8573.92871424056,3.616317016063617e-07,2.900049507379878e-05,3.6358812120552926e-07,2.9006892203454142e-05,2.3118929794632147e-06,3.6152156364179236e-05,5.429421186681555e-07,2.9102194320545085e-05
8926.472437867556,3.6786637903350785e-07,3.0186487392818178e-05,3.698617891297117e-07,3.01930475162536e-05,2.4020220346112263e-06,3.7577633369323476e-05,5.516850844994388e-07,3.0292838145470814e-05
9293.512092264567,3.7420770014254504e-07,3.1421120258195034e-05,3.7623652663600664e-07,3.142785288106232e-05,2.4956713359568745e-06,3.9059238849581355e-05,5.60745348171951e-07,3.153210595889343e-05
9675.643722673107,3.806601486797873e-07,3.270639134152304e-05,3.8271729232956924e-07,3.271330694978721e-05,2.5929715081412736e-06,4.059918225013559e-05,5.70121357459161e-07,3.282198412124004e-05
10073.487882587067,3.8722371072611397e-07,3.404438000891679e-05,3.893044858462335e-07,3.405148996665813e-05,2.694056316223238e-06,4.219976019641028e-05,5.798075759518691e-07,3.4164540960941834e-05
10487.690641485688,3.93902657856522e-07,3.543724996186518e-05,3.9600293939877635e-07,3.5444566398457766e-05,2.7990650979659012e-06,4.386336005688517e-05,5.897999754935108e-07,3.5561930936958435e-05
10918.924634002584,4.0070814037141343e-07,3.688725517711831e-05,4.028245369287496e-07,3.6894790925500376e-05,2.9081437209088396e-06,4.559246451435887e-05,6.000982623177908e-07,3.701640027908408e-05
11367.890152234633,4.076354869794187e-07,3.839674322641064e-05,4.097649579520242e-07,3.840451175344682e-05,3.021438599956818e-06,4.7389654915064796e-05,6.106902510751127e-07,3.853028765752922e-05
11835.316282964517,4.146747718210859e-07,3.996814983932456e-05,4.1681452473201613e-07,3.9976165105677466e-05,3.139098963732316e-06,4.925760954185175e-05,6.215581694775238e-07,4.010602278451226e-05
12321.962091643712,4.218494276127168e-07,4.1604019583028135e-05,4.239976318625346e-07,4.1612296091259855e-05,3.2612891433112267e-06,5.1199116839263276e-05,6.327085698534307e-07,4.174614752984153e-05
12828.617855058625,4.2915041269115703e-07,4.330700514495555e-05,4.3130543011784135e-07,4.3315557850353355e-05,3.388169734234173e-06,5.321708262861154e-05,6.441243759650452e-07,4.345331039972981e-05
13356.106344681619,4.365806072749975e-07,4.5079857236172583e-05,4.3874123859333124e-07,4.508870152519717e-05,3.519909790451617e-06,5.531451531341161e-05,6.557964224824192e-07,4.523026102216587e-05
13905.284162791027,4.441389913020811e-07,4.692544412962219e-05,4.463043736750062e-07,4.69345957863537e-05,3.6566827889517778e-06,5.749454767120101e-05,6.677116632144112e-07,4.707986824405065e-05
14477.043133529785,4.5182399106741874e-07,4.884674842704503e-05,4.539935430866733e-07,4.8856223621596556e-05,3.7986681885806262e-06,5.976043445989723e-05,6.798574617621157e-07,4.9005116288002776e-05
15072.311751161988,4.5964117795357713e-07,5.0846895211913056e-05,4.6181467001866054e-07,5.0856710577016e-05,3.946054081579315e-06,6.211557357752621e-05,6.922295589940317e-07,5.100913417748774e-05
15692.056687878789,4.6758952664907377e-07,5.292911349675034e-05,4.6976694477490823e-07,5.2939286041108384e-05,4.099032532431583e-06,6.456347861405492e-05,7.048174192768638e-07,5.30951554293596e-05
16337.28436360253,4.7565787888086073e-07,5.5096772822489064e-05,4.778392573562314e-07,5.510731997593005e-05,4.257798123505887e-06,6.710780798853473e-05,7.175992070962659e-07,5.526655728574815e-05
17009.04258033824,4.838838726304674e-07,5.735339442007836e-05,4.860699339124602e-07,5.736433422120924e-05,4.422570738823435e-06,6.975237355046528e-05,7.306115796123337e-07,5.752686457369058e-05
17708.422223726546,4.92202414895016e-07,5.9702627767942866e-05,4.943931156097494e-07,5.971397841784522e-05,4.593538697288285e-06,7.250113624086233e-05,7.437728881494032e-07,5.9879741576724765e-05
18436.55903456127,5.006626372791402e-07,6.214827660309793e-05,5.028587144331609e-07,6.216005706047439e-05,4.7709400944832944e-06,7.535820017533874e-05,7.571365262225028e-07,6.232899638966743e-05
19194.635453148407,5.092519611574159e-07,6.469430867354984e-05,5.114540687692851e-07,6.470653838817164e-05,4.9549976079147705e-06,7.832784840260868e-05,7.706845848014363e-07,6.487860780728112e-05
19983.88253950173,5.179664760726456e-07,6.734484383218982e-05,5.201752664121991e-07,6.735754281376174e-05,5.145944450318633e-06,8.141452249246618e-05,7.844120626721549e-07,6.753270584742488e-05
20805.581972493168,5.268069134422908e-07,7.010417396673615e-05,5.290231060103504e-07,7.011736284937e-05,5.344023439904823e-06,8.46228422965011e-05,7.983194481689896e-07,7.02955918270746e-05
21661.068131204353,5.357723120619127e-07,7.297678234948541e-05,5.379966044539954e-07,7.2990482481833e-05,5.549485061090434e-06,8.79576227180385e-05,8.124101191503961e-07,7.317175948659722e-05
22551.7302618597,5.448734260736664e-07,7.596733952644384e-05,5.471066975912519e-07,7.598157297860619e-05,5.762591625796968e-06,9.14238807244466e-05,8.266992381041976e-07,7.616588607200978e-05
23479.014733859363,5.540667315088048e-07,7.908065479208323e-05,5.563093018144507e-07,7.909544419249724e-05,5.983593571721235e-06,9.502677301201579e-05,8.411395993630902e-07,7.928279647233607e-05
24444.42738857616,5.634254826023933e-07,8.23217754025568e-05,5.656785638720944e-07,8.233714474505287e-05,6.212796149086486e-06,9.877167458742209e-05,8.558288127996759e-07,8.25275327923884e-05
25449.53598473054,5.728796929541227e-07,8.56959985799964e-05,5.751436368083136e-07,8.571197217657115e-05,6.4504547014948555e-06,0.0001026642805803745,8.706891708949479e-07,8.590541082241711e-05
26495.97274431474,5.824619724055123e-07,8.920877577763499e-05,5.847375386888987e-07,8.922537916026978e-05,6.696875445309132e-06,0.00010671039687538654,8.857693806651752e-07,8.942188045726124e-05
27585.437003200535,5.921644273461479e-07,9.286578292803782e-05,5.944522851023505e-07,9.288304261774584e-05,6.952358224544129e-06,0.00011091606139208623,9.010689864825493e-07,9.308262329069338e-05
28719.697970734982,6.019772821171519e-07,9.667293384322246e-05,6.042779348068317e-07,9.669087736742563e-05,7.217212441886356e-06,0.00011528755620275541,9.165904915588697e-07,9.689355759724502e-05
29900.597602805465,6.119141218621705e-07,0.00010063648543184227,6.142284016101513e-07,0.0001006551414786404,7.491759456037706e-06,0.00011983157604250716,9.323556323372342e-07,0.00010086093583500865
31130.053593039782,6.219474553228767e-07,0.0001047628551573296,6.242758465455925e-07,0.00010478225340050903,7.776322836433369e-06,0.00012455493447217203,9.483465667345181e-07,0.00010499118044206638
32410.06248699877,6.321013112197389e-07,0.00010905859156496837,6.344446315985399e-07,0.00010907876325077094,8.071249663025545e-06,0.0001294645013602017,9.646030751163242e-07,0.00010929083550938044
33742.702924418336,6.423604986605798e-07,0.00011353079866975048,6.4471953158736e-07,0.00011355177615388373,8.376885764037288e-06,0.00013456784969571577,9.811177319816653e-07,0.00011376700227461027
35130.13901476694,6.527221982588417e-07,0.00011818665371913308,6.550978189766576e-07,0.0001182084707137696,8.693587677585965e-06,0.00013987255632711722,9.978980376961224e-07,0.00011842685396248668
36574.623851599,6.631825738672914e-07,0.00012303379134717262,6.655757764200212e-07,0.00012305648297809287,9.021728275671864e-06,0.00014538668152076304,1.014950209588349e-06,0.00012327801992146706
38078.503171412194,6.737431991185071e-07,0.00012808004145955766,6.761551882584628e-07,0.00012810364437087783,9.361686960870383e-06,0.00015111847820585198,1.0322866282768394e-06,0.00012832832285635155
39644.219162949994,6.843965726440488e-07,0.00013333358348145629,6.868286979700331e-07,0.00013335813577254878,9.71385246196255e-06,0.00015707656293632006,1.0499076237917936e-06,0.00013358593544695604
41274.31443313542,6.951334235077385e-07,0.0001388029365462745,6.975871907561237e-07,0.00013882847780297502,1.0078623705249629e-05,0.00016326989916035662,1.0678110768869116e-06,0.00013905936993009046
42971.43613607663,7.059427332146663e-07,0.00014449695989114948,7.084198260537755e-07,0.00014452353120416965,1.0456410376073275e-05,0.0001697078003766952,1.0859918742196433e-06,0.00014475747794641378
44738.34027184928,7.168139934721102e-07,0.0001504248157434163,7.193163163802556e-07,0.00015045245972769778,1.084763138460168e-05,0.00017639988872975338,1.1044448879231334e-06,0.00015068941350344765
46577.896162036755,7.277748931348002e-07,0.0001565963526097692,7.303049737420181e-07,0.00015662511409230244,1.1252737460779353e-05,0.00018335645108665793,1.1232150859054472e-06,0.00015686501127936696
48493.0911092961,7.387986235022854e-07,0.00016302142126382359,7.413590979516469e-07,0.00016305134646757907,1.1672163518455316e-05,0.00019058782212549237,1.1422758029231e-06,0.0001632941153440589
50487.03524851663,7.498727771016282e-07,0.0001697104927748138,7.524665708985219e-07,0.00016974162958170814,1.2106366207187801e-05,0.00019810495377721535,1.1616192441751736e-06,0.0001699871882989076
52562.96659744847,7.609956575026728e-07,0.00017667439493689586,7.636261169266578e-07,0.00017670679312043104,1.2555817076326024e-05,0.0002059191557583864,1.1812512438008202e-06,0.00017695504642947383
54724.25631500434,7.721653421776984e-07,0.00018392446755707695,7.748362624216002e-07,0.00018395817880123504,1.3021000417399233e-05,0.00021404225246849545,1.201176917810582e-06,0.0001842090178804892
56974.4141757719,7.833694045907529e-07,0.0001914724783140565,7.860849579632197e-07,0.00019150755608806724,1.350240828349165e-05,0.00022248651915272557,1.2213887349733364e-06,0.00019176086027378466
59317.094269627996,7.945910716669478e-07,0.00019933055747894688,7.973557421936075e-07,0.0001993670571830823,1.4000548377411163e-05,0.00023126456369477682,1.2418739729273473e-06,0.0001996226951163817
61756.100935710325,8.057913737924037e-07,0.00020751159779251708,8.086099974044446e-07,0.00020754957586666294,1.4515920243886916e-05,0.00024038989280093592,1.2625897170862801e-06,0.00020780740727954937
64295.39494038267,8.170225142569631e-07,0.00021602888168999337,8.199007894533401e-07,0.00021606839803043682,1.5049090503302702e-05,0.0002498761743602615,1.2836140959787926e-06,0.00021632825801164518
66939.09990922642,8.282559624620621e-07,0.00022489622063254664,8.312000329553115e-07,0.00022493733657403837,1.5600595631375242e-05,0.00025973778981922116,1.304915733479257e-06,0.00022519904478913695
69691.50902350346,8.394831042187258e-07,0.00023412802535162743,8.42499624337946e-07,0.0002341708043895409,1.6170995256113098e-05,0.00026998968966524553,1.3264955765174628e-06,0.00023443416532564477
72557.0919919648,8.506754892131405e-07,0.00024373926922670254,8.537715674564956e-07,0.00024378377656771543,1.6760857470163045e-05,0.00028064738901507853,1.3483243315167968e-06,0.00024404858339237861
75540.50230932694,8.618389735438738e-07,0.0002537455742568368,8.650224157289283e-07,0.00025379187754646026,1.7370776156441535e-05,0.0002917270476165932,1.3704205541426186e-06,0.0002540578986289753
78646.5848132031,8.729658889256885e-07,0.0002641632116377758,8.762451626344911e-07,0.00026421138066213016,1.80013548861442e-05,0.00030324547627951735,1.3927813989448723e-06,0.0002644783644991496
81880.38355176047,8.840417500480526e-07,0.0002750090786083083,8.874259368473587e-07,0.0002750591852775539,1.8653208556494522e-05,0.00031522013802371594,1.4153978412997585e-06,0.00027532685983822726
85247.14997488206,8.950513580762259e-07,0.000286300800224325,8.985502188927123e-07,0.0002863529184165155,1.93269679661752e-05,0.0003276692185192154,1.4382592848032593e-06,0.000286620991705236
88752.35146213221,9.059839197887606e-07,0.00029805668139521076,9.096079185677711e-07,0.00029811088727745775,2.0023278103552768e-05,0.00034061160257229295,1.4613592575415063e-06,0.0002983790411792783
92401.6802013766,9.168333775289448e-07,0.0003102959174275881,9.205938134657082e-07,0.00031035228920045223,2.0742803981200254e-05,0.00035406704230133833,1.4846969825037703e-06,0.0003106201819693645
96201.06243247418,9.27593209218825e-07,0.00032303827275661476,9.315020749427119e-07,0.00032309689120887236,2.148622119283333e-05,0.00036805589389858937,1.5082703364812735e-06,0.00032336414583866935
100156.66807105225,9.382519556255864e-07,0.00033630459236874845,9.423222345679257e-07,0.0003363655398384202,2.22542215796261e-05,0.0003825995855038417,1.5320712715579001e-06,0.00033663176142760656
104274.92072799284,9.4879508052333e-07,0.0003501162087500725,9.530402890663794e-07,0.00035017957034654896,2.304751378852781e-05,0.0003977200113464695,1.5560858235305255e-06,0.0003504443215449449
108562.50814090163,9.59091171791708e-07,0.00036449507995513187,9.635258129480349e-07,0.00036456093992522483,2.3866766395559674e-05,0.0004134399298142152,1.580142075301544e-06,0.00036482380364855245
113026.39303449888,9.693002373039837e-07,0.00037946576924387,9.73940560274249e-07,0.0003795342161740848,2.4712786765773018e-05,0.00042978431622789636,1.6044587314210575e-06,0.0003797947053927695
117673.82442756946,9.793917816033785e-07,0.0003950519666988484,9.842541227379517e-07,0.0003951230923627398,2.5586324428315784e-05,0.0004467774377597934,1.6289952737770404e-06,0.0003953806609595843
122512.34940483219,9.893641254154398e-07,0.00041127911671684877,9.944660424020199e-07,0.0004113530143374693,2.6488151340579308e-05,0.0004644453807989047,1.6537473743005657e-06,0.00041160708098698316
127549.82537284824,9.991543542449195e-07,0.0004281734740206352,1.0045146290283103e-06,0.000428250237209743,2.74190331561976e-05,0.0004828150834064185,1.6786343919109785e-06,0.00042850021801322754
132794.43281986716,1.0087891213702097e-06,0.00044576258214298393,1.0144275695642177e-06,0.00044584230693267465,2.8379787084133347e-05,0.0005019146785343247,1.7036870593532109e-06,0.0004460875592999078
138254.68860033475,1.0182703699598163e-06,0.00046407502279082586,1.0242079044279085e-06,0.00046415780695885595,2.937123645643639e-05,0.0005217733679940638,1.7288965442879347e-06,0.000464397637431845
143939.4597656346,1.0275692747897384e-06,0.00048314052481458335,1.033828271509311e-06,0.00048322646675051087,3.039421020256061e-05,0.0005424215611633592,1.7542247366301794e-06,0.0004834601636449897
149857.97796352327,1.0366794919027063e-06,0.0005029901818896933,1.0432837073333753e-06,0.0005030793811270734,3.1449566147976356e-05,0.0005638910030148451,1.7796526677760232e-06,0.0005033061887017681
156019.85442964343,1.0455997830573341e-06,0.0005236556493325719,1.0525744037435004e-06,0.0005237482063931352,3.253816983573279e-05,0.0005862139949071352,1.8051680404000835e-06,0.0005239673228043402
162435.09559545922,1.0543598263722782e-06,0.0005451714446047239,1.0617312784628911e-06,0.0005452674614859769,3.366093007364765e-05,0.0006094256666901929,1.830794939652904e-06,0.0005454780215816619
169114.11933796073,1.0629823898780568e-06,0.0005675721814300214,1.0707782448935696e-06,0.0005676717611313116,3.481875335805336e-05,0.0006335612326697298,1.8565541749354256e-06,0.0005678728383760408
176067.77189752526,1.0715068771259634e-06,0.0005908944996890997,1.0797555979783874e-06,0.0005909977462306025,3.601257424294929e-05,0.0006586579026052208,1.8824893351591706e-06,0.0005911883423952815
183307.3454914096,1.079629695622016e-06,0.0006151742073077436,1.088367673470695e-06,0.0006152812172250645,3.724325332932103e-05,0.0006847528815281687,1.908129880796397e-06,0.0006154604810548621
190844.596651474,1.087650634622037e-06,0.0006404533536746352,1.0969107023500845e-06,0.0006405642304263035,3.851184580278094e-05,0.0007118882188054803,1.9338980383792485e-06,0.0006407310632211429
198691.7653159221,1.095590502528567e-06,0.0006667725895131503,1.1054075096666277e-06,0.0006668874357081785,3.98193238681098e-05,0.0007401052068127474,1.9597992860812517e-06,0.0006670406826585043
206861.59470605347,1.1032751999148399e-06,0.000694173722384629,1.113691137697708e-06,0.0006942926353648328,4.116662857384585e-05,0.0007694467573170769,1.9855520723777935e-06,0.0006944312233695376
215367.35202031257,1.1108572594830238e-06,0.00072270218028214,1.121913232257427e-06,0.0007228252590927225,4.255483554390421e-05,0.0007999586812522466,2.011356111564427e-06,0.0007229479479809695
224222.8499792374,1.1184146956727837e-06,0.0007524042679340542,1.1301523930756256e-06,0.000752531610657611,4.398500421503871e-05,0.0008316878242408748,2.037288623658684e-06,0.0007526370020731046
233442.46925629553,1.1256551322744153e-06,0.0007833272651787584,1.1381306904199557e-06,0.0007834589613965474,4.545806800013174e-05,0.0008646828546241615,2.062887677138958e-06,0.0007835459189665623
243041.181831034,1.1327312878185511e-06,0.0008155219496564169,1.146001203106823e-06,0.0008156580893105042,4.697517097216017e-05,0.0008989949750048122,2.0884362278054e-06,0.0008157253862077052
253034.57530246602,1.1400841544208638e-06,0.000849042109319169,1.1541914723362656e-06,0.0008491827843169577,4.853755613147973e-05,0.0009346776434682902,2.1143211622351653e-06,0.0008492283396541637
263438.87820217875,1.146729796349677e-06,0.0008839387309946248,1.1617649484828195e-06,0.000884084016601983,5.0145947689263864e-05,0.0009717849423456043,2.139337136301358e-06,0.0008841072210565018
274270.9863482682,1.1536353589884519e-06,0.000920271880364701,1.1696563062458633e-06,0.0009204218597408077,5.180190066417562e-05,0.0010103754516700464,2.1648663816269388e-06,0.0009204208065650281
285548.49028289574,1.1607031852124536e-06,0.0009581002230535221,1.1777763819980256e-06,0.0009582549680208406,5.3506400550593215e-05,0.001050508642592439,2.1901280606380366e-06,0.0009582271991346801
297289.70383802993,1.1669172309221887e-06,0.0009974814471246304,1.1851693863814094e-06,0.00099764102742662,5.526040914575619e-05,0.0010922458049780397,2.214856971844636e-06,0.000997586691853338
309513.69387575274,1.1739943803852361e-06,0.001038485902012588,1.1934794460182238e-06,0.0010386503798763037,5.7065639654687836e-05,0.0011356534831718536,2.24034652652228e-06,0.0010385659441012121
322240.3112514332,1.180396416874344e-06,0.001081174378225547,1.2012535124681799e-06,0.0010813438103001354,5.8922688950193535e-05,0.0011807972326708703,2.2646723426617093e-06,0.0010812282504256943
335490.223050048,1.1869511763537525e-06,0.0011256193568568557,1.2092930010674233e-06,0.0011257937958298223,6.083319125537719e-05,0.0012277482106487956,2.28921813417731e-06,0.0011256449767591715
349284.946147998,1.1933946862500675e-06,0.001171891972658053,1.2173614335259005e-06,0.0011720714692628005,6.279829439553144e-05,0.001276579110302075,2.313653384110088e-06,0.0011718877133247794
363646.88215492363,1.199774918247594e-06,0.0012200681144274392,1.2255202859706197e-06,0.0012202527114040696,6.481921868074543e-05,0.0013273663145705007,2.3377538190896412e-06,0.0012200318345487137
378599.3537922616,1.2062154100931222e-06,0.0012702259670726885,1.2339023614136838e-06,0.0012704157039087356,6.689738694703654e-05,0.0013801885416676212,2.361888272114407e-06,0.0012701554358617152
394166.6427676185,1.2123461535539414e-06,0.0013224439144918678,1.2421793720155815e-06,0.0013226388397572341,6.903395788853003e-05,0.0014351263756071958,2.3855077678895876e-06,0.0013223375644547516
410374.0292064678,1.2188390666968493e-06,0.0013768127718832505,1.2509997507953967e-06,0.001377012909368251,7.123047588482431e-05,0.001492268685307139,2.4094811331177592e-06,0.0013766673386369026
427247.8327052035,1.2247910045151257e-06,0.001433415330770466,1.2595347782380594e-06,0.0014336207460925719,7.34880077848627e-05,0.0015517026244550771,2.4327894719479606e-06,0.001433229928296114
444815.45507221454,1.2310066756610397e-06,0.0014923465243978564,1.2685654151110168e-06,0.0014925572459015871,7.580827166983255e-05,0.0016135208698535952,2.456223082189132e-06,0.0014921175092353519
463105.42482639855,1.237013140015659e-06,0.0015537005471789758,1.2776585959931511e-06,0.001553916639068539,7.819244857662128e-05,0.0016778202493082579,2.4795095288072215e-06,0.001553426119813028
482147.44352536264,1.242961880723356e-06,0.0016175780728676765,1.2869789651454861e-06,0.0016177995979828961,8.064204996206545e-05,0.0017447016470099794,2.502736529986317e-06,0.0016172556022818409
501972.43399855646,1.2488298743050635e-06,0.0016840827519913875,1.2965206689980638e-06,0.0016843097861692932,8.315852249663178e-05,0.0018142696164040355,2.5259336660493543e-06,0.0016837096064694986
522612.5905636587,1.2545997061469393e-06,0.0017533222401041508,1.306279885791577e-06,0.0017535548737649324,8.574335386400338e-05,0.0018866327530534179,2.549142756056112e-06,0.0017528957868934401
544101.4313077674,1.2602655319312276e-06,0.0018254122517385562,1.3162647409441747e-06,0.0018256505933442798,8.839795879616338e-05,0.001961907521097342,2.572385054816272e-06,0.0018249297578997545
566473.8525182931,1.2657984042370923e-06,0.0019004593487326775,1.3264483629491703e-06,0.0019007035184715653,9.112409373599746e-05,0.002040201849783398,2.5956811642579442e-06,0.0018999180891018212
589766.1853519479,1.2712366014025813e-06,0.0019785969361616846,1.3368754464135828e-06,0.001978847073986244,9.392309051332137e-05,0.0021216494698262614,2.61913043723106e-06,0.0019779940375245155
614016.2548338557,1.2765575497529302e-06,0.0020599474093696583,1.3475214755868396e-06,0.002060203669984113,9.679660944363508e-05,0.0022063739524386,2.642744823173931e-06,0.0020592799882127324
639263.4412825939,1.2817686811701574e-06,0.0021446428378610917,1.3583884151838233e-06,0.0021449053889032333,9.97462605576697e-05,0.0022945082502943198,2.6665771616469554e-06,0.002143907922971792
665548.7442609189,1.2868708658260346e-06,0.0022328211293861735,1.3694682127087898e-06,0.0022330901494831737,0.00010277367550741231,0.002386191222577893,2.690660764321145e-06,0.0022320157303676756
692914.8491560178,1.2919359359784006e-06,0.002324625798016566,1.3808188817975581e-06,0.0023249014690973073,0.00010588052683371598,0.0024815667704511006,2.715172814258797e-06,0.002323746485324151
721406.1964974249,1.2966715363736157e-06,0.002420202530977829,1.3921466279358152e-06,0.0024204850636664176,0.00010906838887211456,0.0025807841503647593,2.7395365965187327e-06,0.002419247299481172
751069.0541251499,1.301836499597881e-06,0.0025197156384135977,1.4041590271448926e-06,0.0025200051772309015,0.0001123393138214815,0.002684002098145367,2.7653041460898397e-06,0.0025186787557583516
781951.5923252275,1.3063174167458582e-06,0.0026233122840671444,1.4157760991727474e-06,0.0026236090687821413,0.0001156945244619137,0.0027913788152736344,2.790302241759854e-06,0.0026221938017323195
814103.9620546977,1.3112397781355919e-06,0.0027311754059569037,1.4280597132113597e-06,0.0027314795742183636,0.00011913630822585365,0.00290308792161748,2.8166855917748903e-06,0.0027299689561082908
847578.3763830496,1.3159733618094586e-06,0.0028434715161721647,1.4403862684938058e-06,0.0028437832464467587,0.00012266617647200325,0.0030193029476991815,2.8432943917891027e-06,0.002842174458471348
882429.1952823831,1.3207049456074143e-06,0.0029603845432908706,1.4529191114660537e-06,0.0029607039896738722,0.00012628604264668922,0.003140207757606167,2.870451264885059e-06,0.002958993503248226
918713.0139039808,1.3254478461715402e-06,0.003082105749016311,1.4656525899207433e-06,0.0030824330424348086,0.0001299977722365497,0.0032659933863094957,2.8982496319792092e-06,0.0030806163242020875
956488.7544846472,1.330239236033247e-06,0.003208831909120848,1.4786069796654718e-06,0.003209167165514523,0.00013380326812937118,0.0033968584429781563,2.9267083305752046e-06,0.0032072402132445233
995817.7620320608,1.3350790776788943e-06,0.003340768820412092,1.4917650618330872e-06,0.0033411121338139393,0.00013770445837642524,0.0035330095140049447,2.9558571785923393e-06,0.003339070651888025
1036763.9039445297,1.3399878010998385e-06,0.003478130718610319,1.505129656792342e-06,0.0034784821604435657,0.00014170331357309888,0.00367466175627251,2.9857419737191866e-06,0.0034763216578226597
1079393.6737269145,1.3449694356628933e-06,0.0036211393917413596,1.5186886102330375e-06,0.0036214990130343187,0.00014580184463660237,0.0038220380776996803,3.0163715811123697e-06,0.003619214764038148
1123776.2989711692,1.3500243687692286e-06,0.0037700291547010534,1.53242551617827e-06,0.0037703969837981077,0.00015000203445503346,0.003975373699076148,3.047760322694733e-06,0.0037679839979015647
1169983.8537768237,1.3553247778448202e-06,0.003925036257122125,1.5464917923234103e-06,0.003925412295379469,0.000154306135705004,0.004134908440681059,3.0800439053849647e-06,0.003922867693642356
1218091.3757939884,1.3607387899124247e-06,0.004086426482384835,1.5607143772699436e-06,0.0040868106761620246,0.00015871595038995226,0.004300901443031593,3.113418235836738e-06,0.004084125932443174
1268176.9880789472,1.3663113772821603e-06,0.004254447633038821,1.5751437592182228e-06,0.00425483994430392,0.0001632338404982876,0.004473609164725654,3.147580986469806e-06,0.004252011101718714
1320322.0259602196,1.3720781825499935e-06,0.004429379801724073,1.589772716446471e-06,0.00442978013902746,0.00016786189639419907,0.004653308907431412,3.182777364149881e-06,0.004426800816574466
1374611.1691211173,1.3781351851133614e-06,0.004611501859717544,1.6046722980901175e-06,0.004611910117137446,0.00017260248677859722,0.004840282884141193,3.2190280506405423e-06,0.00460877532650517
1431132.5791132837,1.3844356610637548e-06,0.004801117833417586,1.6197554934462296e-06,0.004801533857212005,0.00017745765983367945,0.0050348331641910105,3.256413861001757e-06,0.004798236307218676
1489978.0425245308,1.3910451067347802e-06,0.004998519055784684,1.6350644289806657e-06,0.004998942700940551,0.00018243008794563816,0.005237257225460634,3.294799911322655e-06,0.004995478197132671
1551243.1200334697,1.3978673975758462e-06,0.0052040485299677175,1.650450796925405e-06,0.005204479561170848,0.0001875214553194778,0.005447891567078549,3.3344103610628024e-06,0.005200838227859805
1615027.3015929707,1.4051599751344716e-06,0.005418023448048997,1.6661132715429187e-06,0.005418461643379108,0.00019273485285236942,0.0056670601083599476,3.3752864013367848e-06,0.005414638096554923
1681434.1679945018,1.4128045565267544e-06,0.005640798322048789,1.6818917735306673e-06,0.005641243408723903,0.00019807231200356386,0.005895116313714348,3.4173909473683365e-06,0.005637229804647754
1750571.5590756596,1.4208688314434854e-06,0.005872733087577576,1.697791932156248e-06,0.005873184765680478,0.00020353639656240654,0.006132421788636857,3.4607714833083835e-06,0.005868973546355455
1822551.7488440895,1.4295092095598724e-06,0.0061142047961784424,1.7138602322277663e-06,0.006114662709390321,0.0002091297589686817,0.006379352507856944,3.5056594120508867e-06,0.006110245167660666
1897491.6278021662,1.43855231423045e-06,0.006365604072120796,1.7299146670321291e-06,0.006366067864348264,0.00021485475015269062,0.006636304053550415,3.551714907367087e-06,0.0063614363554054905
1975512.8927685209,1.4482872126901052e-06,0.006627341511726205,1.7460635584317975e-06,0.006627810755642957,0.0002207141865064365,0.006903684085997677,3.599385578348857e-06,0.006622956087946246
2056742.2445046713,1.4590813168134001e-06,0.006899853834400136,1.7624780487298881e-06,0.0069003280048310365,0.0002267107700259268,0.007181923351109963,3.6492095134175833e-06,0.0068952373104411106
2141311.593467683,1.4697364345483428e-06,0.007183545842571748,1.7782706978124146e-06,0.007184024560327949,0.00023284689179447186,0.0074714522826173505,3.6991243586678236e-06,0.007178693982462659
2229358.2740229913,1.481725287090787e-06,0.007478916465931881,1.7942385365409857e-06,0.007479399146658477,0.00023912571108726372,0.0077727459316235085,3.7514684133927998e-06,0.007473816312230349
2321025.2674652506,1.494441749299253e-06,0.0077864260353828416,1.8099053026970854e-06,0.007786912128841,0.00024554987353206625,0.008086277976237873,3.805144113042152e-06,0.0077810678118768435
2416461.434209381,1.5085849290436568e-06,0.00810659418380847,1.8254851929977078e-06,0.008107083011273311,0.0002521223758707985,0.00841255575277784,3.861112938149638e-06,0.008100962542833939
2515821.7555288514,1.523137730592584e-06,0.008439909250505251,1.8404827906327377e-06,0.008440400135000616,0.0002588460098291795,0.008752087916327941,3.917821271522851e-06,0.0084339926058242
2619267.5852338253,1.5398605897347333e-06,0.008786941821572403,1.8549914471734506e-06,0.008787434262055527,0.0002657239671696739,0.00910543014136184,3.977312357961115e-06,0.008780732208557993
2726966.9116977938,1.5574348747358027e-06,0.009148236430532653,1.8688437791724355e-06,0.00914872958093543,0.0002727591665866674,0.009473136225185785,4.037938577229171e-06,0.009141716162331424
2839094.630658269,1.5773256803471263e-06,0.009524399226525355,1.8818658470881111e-06,0.009524892515693594,0.000279954853570975,0.009855803311288576,4.101160721293468e-06,0.009517554954940418
2955832.8292345204,1.5983408728675348e-06,0.009916012981408586,1.8937832816866799e-06,0.009916505629819172,0.00028731411031086726,0.010254030677828123,4.165406768838376e-06,0.009908829462015892
3077371.081623585,1.6220963006859455e-06,0.010323737816039805,1.90429822639601e-06,0.010324229451389213,0.00029484027593956416,0.010668466130798233,4.232152036548499e-06,0.010316201200916876
3203906.7569547356,1.6485142469344035e-06,0.010748232139941956,1.9131489866119898e-06,0.010748722454484968,0.0003025366660167321,0.011099769831942274,4.301023571179556e-06,0.01074032468754104
3335645.3398023443,1.677713149189765e-06,0.011190159295793686,1.91960737930006e-06,0.01119064869695008,0.00031040662777588585,0.011548623966313013,4.3714857592789314e-06,0.011181873598279324
3472800.7638776274,1.7102063609163738e-06,0.011650274653378985,1.9239647376544566e-06,0.01165076346515659,0.0003184537054456084,0.012015757357658002,4.444241089326631e-06,0.01164158279784064
3615595.759441169,1.7470389489364172e-06,0.012129314099241152,1.9251967859665043e-06,0.012129804519116015,0.0003266814116532703,0.012501916513301823,4.519453321175657e-06,0.012120199516439212
3764262.2150003603,1.7882956601548376e-06,0.012628042774698754,1.92288907798749e-06,0.01262853895602636,0.00033509334212949543,0.013007875861018979,4.5968351665945244e-06,0.012618492383847331
3919041.553879215,1.8338916561472503e-06,0.013147258530961069,1.916929392882229e-06,0.013147767531165252,0.0003436931738124529,0.013534442756286952,4.676281522895401e-06,0.0131372649926506
4080185.1262719594,1.8823322430175945e-06,0.013687831592605254,1.9091356600581863e-06,0.013688360565755042,0.0003524847565842821,0.014082466300003857,4.757842300501213e-06,0.013677365207479161
4247954.617417159,1.9339740737057054e-06,0.014250641665181921,1.899765234690651e-06,0.014251202201893694,0.00036147189527045834,0.014652830549003697,4.84246559623917e-06,0.014239688205538822
4422622.472555178,1.9861131546845957e-06,0.01483654310285902,1.8900555060777543e-06,0.014837146768579189,0.000370658451552194,0.015246430221633514,4.928892636791737e-06,0.01482510773178244
4604472.339359101,2.0378058772432275e-06,0.015446582540084302,1.882513434573297e-06,0.01544723376361384,0.00038004866732432705,0.01586424032861706,5.017893708913601e-06,0.015434610412185567
4793799.528557558,2.0896905683064135e-06,0.016081676087916632,1.8757245282430166e-06,0.016082385535163203,0.0003896464167391882,0.016507237683905895,5.109702592088891e-06,0.016069171363018518
4990911.4934975,2.140932512559374e-06,0.01674288909382688,1.8706545355506827e-06,0.016743660862973866,0.0003994560670124789,0.017176457353604152,5.203872163917659e-06,0.01672981863212912
5196128.329425692,2.1920835917203444e-06,0.017431287988331167,1.8668657529366373e-06,0.01743212761441779,0.0004094818462369716,0.017872973716552377,5.300761420088335e-06,0.01741762952133309
5409783.2932997,2.243647745483927e-06,0.018147987058968782,1.8640629966980086e-06,0.018148902270132557,0.0004197280421349448,0.018597907197131815,5.400879239073683e-06,0.018133730560865362
5632223.34497255,2.2949795483504315e-06,0.01889416050814944,1.8624649881631085e-06,0.01889515250104014,0.00043019939418637243,0.01935241598502702,5.503215988761201e-06,0.018879261699258767
5863809.710629815,2.346761373404988e-06,0.01967102164398122,1.8617500372082158e-06,0.019672094686637706,0.0004409003776462983,0.02013771656134639,5.608438301111506e-06,0.019655448669788238
6104918.469394275,2.3990362305595133e-06,0.020479803459127408,1.861591300190119e-06,0.020480963644895576,0.00045183561383485457,0.020955063632670773,5.716585582985086e-06,0.02046354207251075
6355941.16405054,2.4521037300706675e-06,0.02132184634031003,1.86210020784495e-06,0.02132309918648062,0.00046300992571441,0.0218057781672334,5.827974778980546e-06,0.02130486833472897
6617285.436881583,2.5057475848436412e-06,0.022198492189351757,1.8630548420130662e-06,0.022199842771337405,0.00047442825999838837,0.02269121798885182,5.942225347329866e-06,0.022180774253116726
6889375.691649636,2.5602775902696797e-06,0.02311119142186177,1.8645762955308188e-06,0.023112644357426198,0.0004860956716964826,0.023612813948754467,6.059632549590229e-06,0.023092696131350624
7172653.782796504,2.616002148743664e-06,0.024061466913464943,1.8668022793365988e-06,0.024063026102117836,0.0004980173347228424,0.024572059431770696,6.180492553640165e-06,0.02404213626962699
7467579.732982482,2.672390125943774e-06,0.025050765130043784,1.869175206389105e-06,0.025052436755656143,0.0005101984557711952,0.02557046844068912,6.304248223562018e-06,0.025030584281905334
7774632.480129124,2.7297931358885713e-06,0.026080720711213007,1.8718067780229385e-06,0.02608251194684075,0.0005226443500653303,0.026609657065051733,6.431448809120738e-06,0.026059667312041776
8094310.655178982,2.7887041590512654e-06,0.027153106583327258,1.8752075237991795e-06,0.027155020496376393,0.0005353607465673763,0.02769132267942498,6.562300353596835e-06,0.027131098704718897
8427133.391835373,2.8483004198819665e-06,0.02826950645401609,1.8785195475176834e-06,0.02827155047625887,0.0005483531383023453,0.028817160462096647,6.696154368469744e-06,0.02824653724857234
8773641.169597114,2.90956574081101e-06,0.029431838368481743,1.8822741385349574e-06,0.02943402304461675,0.000561627010175517,0.029989021237465316,6.834665321572082e-06,0.029407877530385297
9134396.691457167,2.971813363730515e-06,0.03064199432128953,1.8864794396892647e-06,0.03064431814798566,0.0005751891745108749,0.031208771985298846,6.975497602146841e-06,0.030616942668283596
9509985.797690779,3.0352698336454117e-06,0.031901834802315905,1.8905886876783689e-06,0.03190431134651349,0.0005890446950134991,0.03247836637000249,7.1207618852860585e-06,0.03187570635321619
9901018.417216657,3.1003977148796746e-06,0.03321351419767234,1.89514604336972e-06,0.033216152492302115,0.0006032000282747249,0.033799875994840536,7.270519920117954e-06,0.03318625740952764
10308129.558076436,3.166859923832319e-06,0.034579166390637,1.9001468246715536e-06,0.03458196819850626,0.0006176621396478726,0.03517541722567483,7.423366958575864e-06,0.03455068550714989
10731980.338640748,3.2344971057300942e-06,0.03600091353286057,1.9051239671536543e-06,0.036003888277180894,0.0006324370543900638,0.03660718631110636,7.5801036400351825e-06,0.03597118309377663
11173259.061216539,3.3037545591217966e-06,0.03748110277654567,1.910271995349518e-06,0.037484263939967156,0.0006475310914823314,0.03809750848128649,7.74188430748007e-06,0.03745010184474824
11632682.329799091,3.374712378745059e-06,0.039022221669415116,1.9159640361452568e-06,0.039025573563126255,0.000662951812085331,0.039648796014218966,7.90750522907075e-06,0.03898984632909637
12110996.213783888,3.4470933681954165e-06,0.04062667170413111,1.921736326067366e-06,0.040630224776933115,0.0006787058454408803,0.041263524935594056,8.077523120608682e-06,0.040592881719112496
12608977.459528109,3.5210917707307887e-06,0.04229709426748478,1.927747551364149e-06,0.04230085827150394,0.0006948004290933008,0.042944307409306236,8.252060175794835e-06,0.04226182850529201
13127434.751729246,3.596737673439061e-06,0.04403619929811418,1.9339890645244097e-06,0.044040184432079084,0.0007112429372882521,0.04469385137936916,8.43123155839519e-06,0.04399939493062177
13667210.026669214,3.6740725366295988e-06,0.04584680826163461,1.9404496269415088e-06,0.045851025561690295,0.0007280408820370856,0.04651497726423949,8.615215881291387e-06,0.045808403006806594
14229179.83945658,3.753134987767294e-06,0.04773187089011917,1.947165036918373e-06,0.047736330650751974,0.000745202121721185,0.04841062198643539,8.803976878354637e-06,0.047691789717610414
14814256.787487207,3.833969806523857e-06,0.04969443783414611,1.9541024176138666e-06,0.049699152021725666,0.0007627345063265715,0.05038384046082636,8.99780743585222e-06,0.049652612716958276
15423390.992434891,3.916625893457059e-06,0.05173768982620502,1.9612443184181124e-06,0.051742671877184024,0.0007806461102478397,0.05243781416698639,9.196996460042692e-06,0.05169405699492391
16057571.643178672,4.001126545747909e-06,0.0538649867771887,1.9687267428656665e-06,0.05387024519648711,0.0007989457685927323,0.05457586155164143,9.400893239398918e-06,0.0538194357904308
16717828.602172432,4.087538121347457e-06,0.0560797083392679,1.976317607946677e-06,0.05608526161727094,0.0008176412519323089,0.056801420885399335,9.611026148667709e-06,0.056032201523370656
17405234.0778651,4.17590463507461e-06,0.05838552608954464,1.9842481416867134e-06,0.05839138477564509,0.0008367419839228081,0.05911809599357113,9.826328747654574e-06,0.05833595171989647
18120904.36588817,4.266229988814007e-06,0.06078616007211109,1.9924542095995314e-06,0.06079233621365699,0.0008562571089049155,0.06152961629009446,1.0047030866333688e-05,0.060734415198151336
18866001.661837,4.35863930517499e-06,0.06328543765688807,2.0007258107673924e-06,0.06329195632214392,0.0008761946041409572,0.06403987043990479,1.0275290546373716e-05,0.06323150716193675
19641735.94859051,4.4530884506952015e-06,0.0658876269103164,2.009706543823987e-06,0.06589448162952127,0.0008965674362599304,0.06665292354112873,1.0506184295147954e-05,0.06583124464364094
20449366.96123387,4.549736079738205e-06,0.06859662319793913,2.018405060962522e-06,0.06860385850748442,0.0009173799459530236,0.06937297151830689,1.0747925774082188e-05,0.068537906938761
21290206.232775044,4.648414409597756e-06,0.07141709368737084,2.0276403211985283e-06,0.0714247077626643,0.0009386473397601791,0.07220441239424182,1.0993093935180003e-05,0.07135580840595471
22165619.223977376,4.749728767149671e-06,0.0743535074590151,2.0370546765471493e-06,0.074361541892624,0.0009603748798887006,0.07515185502024693,1.1249078305446647e-05,0.07428968470154353
23077027.54076684,4.8527318247592875e-06,0.07741072403648977,2.0469793830530216e-06,0.07741915732811769,0.0009825812291870376,0.07821997506488562,1.1505195925376393e-05,0.07734401078528723
24025911.242814854,4.958509241325977e-06,0.08059366184541232,2.057200133171597e-06,0.08060253425877296,0.0010052695606897152,0.08141381991982023,1.1772173076421901e-05,0.08052404932014347
25013811.247045714,5.066672919796165e-06,0.08390737659194951,2.0675145255156073e-06,0.08391672090617958,0.001028452134421766,0.08473849524326502,1.2048617094154737e-05,0.08383484408310847
26042331.829971634,5.1771168635034525e-06,0.08735730669288717,2.0780896666662863e-06,0.08736713918023556,0.0010521427514955117,0.08819935832502158,1.2331853826052139e-05,0.08728171360868184
27113143.232919123,5.289944152763321e-06,0.09094910015838166,2.089023906166673e-06,0.09095943326670311,0.001076353932485335,0.09180200594258812,1.2621370840356532e-05,0.09087025944863668
28227984.374377307,5.4057789831524995e-06,0.09468889795450407,2.100924274670991e-06,0.09469973826059533,0.001101098671198515,0.09555234784747398,1.2916647079295063e-05,0.09460647525688785
29388665.67387289,5.5238925019278335e-06,0.09858207204321139,2.1124254140332333e-06,0.09859347471030813,0.001126383266129181,0.0994562952355213,1.3225493330884401e-05,0.09849622481892911
30597071.991957538,5.644830366089108e-06,0.1026354581290078,2.1245499484197227e-06,0.1026474385170577,0.001152226033793182,0.1035202530586581,1.3541618206544273e-05,0.10254594063793003
31855165.691081908,5.768456151459631e-06,0.10685552149884682,2.137072822404464e-06,0.10686809850925333,0.0011786400720332933,0.10775075322501691,1.3865624156943642e-05,0.10676213495311855
33164989.822327122,5.895015773809218e-06,0.1112490848963434,2.149976296120245e-06,0.11126229666984289,0.0012056362990593913,0.11215465475079336,1.4201086690888168e-05,0.11115173302563655
34528671.44316852,6.024316617458276e-06,0.11582336278469985,2.163351619256127e-06,0.11583721618565215,0.0012332338152213794,0.11673904239534236,1.4542521967959e-05,0.11572173867368785
35948425.07165965,6.15678178473847e-06,0.12058563095237054,2.1770791281800703e-06,0.12060018542421083,0.001261439042821201,0.12151136793270866,1.4899616906456333e-05,0.12047975201797892
37426556.282645695,6.292186609674911e-06,0.125543750345502,2.1912856479279447e-06,0.12555902294578147,0.0012902737790426771,0.1264793082617983,1.526483855994612e-05,0.12543334563343994
38965465.45184663,6.430702332862137e-06,0.13070573914815614,2.2059628966338032e-06,0.13072176128505683,0.0013197513337453828,0.13165090634270926,1.5640977474593826e-05,0.13059061227818872
40567651.65388917,6.572413615376195e-06,0.13607997484262185,2.2211292211905657e-06,0.1360967807067745,0.0013498872958702926,0.13703452338698638,1.602874018917265e-05,0.135959930810335
42235716.720619924,6.71739199928655e-06,0.14167518606055535,2.236805639813445e-06,0.14169281028428615,0.0013806981386839264,0.14263886178694257,1.6428418522604915e-05,0.14155001567550907
43972369.46628725,6.8657266506458746e-06,0.1475004599214367,2.253010199966719e-06,0.14751893902402005,0.0014122005389571666,0.14847298329801847,1.6840535097780994e-05,0.14736994689777236
45780430.086455286,7.017507026314587e-06,0.15356525092927775,2.269779239616732e-06,0.15358462452143207,0.0014444115612341775,0.1545463228350039,1.726596972738384e-05,0.15342918021238555
47662834.73779292,7.172792332678023e-06,0.15987941948795448,2.287115681285154e-06,0.1598997236459031,0.0014773499604008782,0.1608686953447647,1.7704241594774905e-05,0.1597375345416825
49622640.30617492,7.331710774491475e-06,0.16645320365553806,2.305073312352485e-06,0.16647448292253988,0.0015110328467449767,0.16745033226219833,1.8157270794331775e-05,0.16630528013840998
51663029.37083848,7.4943395862864214e-06,0.1732972873983049,2.323671425781252e-06,0.17331958491533261,0.001545479728653085,0.17430187437824607,1.8625059104644067e-05,0.17314307044644894
53787315.37265635,7.660735034861764e-06,0.18042279513680712,2.3428838497627174e-06,0.18044614868067432,0.001580711561975601,0.18143439349459067,1.910676642411465e-05,0.18026197703144947
55998947.99491973,7.831141862488867e-06,0.18784124867692903,2.3629623595410554e-06,0.18786572633643248,0.001616742683269475,0.18885946153497055,1.9609004368569618e-05,0.18767368072209112
58301518.76536862,8.005350849326095e-06,0.19556481957259472,2.383397431042014e-06,0.19559042584372252,0.0016536073702311527,0.19658900929200623,2.0118669887347737e-05,0.1953899448957801
60698766.88856719,8.183916612167738e-06,0.20360585675730877,2.405090085012391e-06,0.20363269675931142,0.0016913063629599456,0.20463565738884226,2.065754207910064e-05,0.20342370420569894
63194585.318095274,8.366553296503502e-06,0.21197755904878635,2.427296913425403e-06,0.21200565620914616,0.0017298793503797674,0.21301231505089993,2.1208475398013047e-05,0.21178764435652567
65793027.07841702,8.553718761626839e-06,0.22069349768282273,2.4507722489585038e-06,0.22072293973694446,0.0017693354916753835,0.22173264048736838,2.178586421013668e-05,0.22049566629281744
68498311.84669265,8.744684561469681e-06,0.22976791943062994,2.4733867874592235e-06,0.22979862894261546,0.0018097362926228582,0.23081046246540196,2.2353061064252848e-05,0.22956106824614858
71314832.80522202,8.941269389156239e-06,0.23921543367419876,2.49961796535479e-06,0.23924766973128495,0.0018510291682875516,0.2402610457461462,2.29864372955905e-05,0.2390002911655793
74247163.77564758,9.141910448146776e-06,0.24905117937312335,2.5255510630163215e-06,0.24908491767954508,0.0018933046926908708,0.2500990825695,2.362258878349707e-05,0.24882698320088947
77300066.64650236,9.347455984469439e-06,0.25929143899386287,2.5526066815521447e-06,0.25932674711602616,0.0019365678534309094,0.26034076087739527,2.4282586829874833e-05,0.25905778930707346
80478499.10616454,9.557862671259646e-06,0.2699526933718089,2.5805170584704336e-06,0.26998962598264226,0.0019808488972344975,0.2710025742827038,2.4964022507605443e-05,0.26970913987724776
83787622.69377664,9.773514015036245e-06,0.2810524959332787,2.6097460426074003e-06,0.2810911317413315,0.002026169718542696,0.28210189550191145,2.567286139143947e-05,0.28079860490098335
87232811.1812031,9.994335109375348e-06,0.2926085877737752,2.640150623350965e-06,0.2926490007936703,0.002072560040430758,0.29365657675845397,2.6408911032698132e-05,0.2923439617311613
90819659.29963824,1.0220640154044166e-05,0.30464006624788903,2.6716616807854508e-06,0.3046823239199548,0.0021200513795574948,0.305685410063287,2.717071035677133e-05,0.30436412673358615
94553991.82503611,1.0452534264911841e-05,0.317166182948967,2.7050147480815626e-06,0.31721039083745384,0.002168663572812503,0.31820783131137115,2.7969021849028964e-05,0.3168786152805525
98441873.03711429,1.0690028964002484e-05,0.3302072346753662,2.739679323855068e-06,0.3302534725084327,0.0022184347042645083,0.33124403858523166,2.879805369503596e-05,0.3299075628842412
102489616.56729746,1.09333635297439e-05,0.34378460431271624,2.775396934184428e-06,0.34383294130635006,0.0022694003112770735,0.3448151723078112,2.9655322638778693e-05,0.3434721876684593
106703795.65158638,1.1182639901511742e-05,0.35792000984370254,2.813073019985554e-06,0.35797055460362165,0.002321581766885574,0.3589431539246759,3.0552651754081045e-05,0.35759448810853417
111091253.80500712,1.1438017086654875e-05,0.3726363354918791,2.8529672431827528e-06,0.3726892029699655,0.002375010593508126,0.373650831511176,3.149306248417785e-05,0.37229736282717957
115659115.9349731,1.1700041705399095e-05,0.38795866303527443,2.893382486020368e-06,0.3880139100844034,0.0024297407679433353,0.3889622918398354,3.2459175175696935e-05,0.3876051438618595
120414799.91160761,1.1968330627050546e-05,0.4039102266881288,2.9364615221131184e-06,0.4039679844739332,0.002485783289233135,0.40490189741409804,3.3475468782235e-05,0.4035419659611129
125366028.61381596,1.2243604008584933e-05,0.4205183195449478,2.9812351621221292e-06,0.4205786918145395,0.002543184825890526,0.4214958557568014,3.4532973270621195e-05,0.420134464202043
130520842.47066948,1.2525493654579826e-05,0.43780871522314574,3.0276301217381226e-06,0.43787179925666475,0.002601983725365943,0.4387706062472119,3.563240916820941e-05,0.4374087265835223
135887612.5184674,1.2814731501275952e-05,0.4558102743463588,3.07814977910916e-06,0.4558762499032556,0.0026621909875682442,0.4567545197887299,3.679932003266497e-05,0.4553937400669764
141475053.99468037,1.3111045854492396e-05,0.4745518240216887,3.1290787966194127e-06,0.47462075702554585,0.00272388421776413,0.475476350700488,3.7999851588198274e-05,0.474117806486512
147292240.49085137,1.3415065873329841e-05,0.4940647975819763,3.180104380238647e-06,0.49413676366763243,0.0027871028162003513,0.49496674951034064,3.923525943998684e-05,0.4936120223320453
153348618.68743697,1.37266645184696e-05,0.5143789969564073,3.2388493745389476e-06,0.5144542634828461,0.0028518138918700218,0.5152569833860902,4.057383680776614e-05,0.5139077779538522
159654023.69451743,1.4046291534074712e-05,0.535529575754049,3.294314805258642e-06,0.5356081410900109,0.002918162035484919,0.5363801135640649,4.1922465875321254e-05,0.5350380152189689
166218695.02328777,1.4373933207169595e-05,0.557548666225794,3.3589091523042787e-06,0.5576308266398415,0.0029860716624422316,0.5583701370305836,4.3388927026878444e-05,0.5570371218986497
173053293.21426633,1.4709964364615825e-05,0.5804738119960997,3.4218268092079493e-06,0.5805596165797381,0.0030556837839955508,0.5812627814723111,4.488477553333965e-05,0.5799406690720939
180168917.14922383,1.5054570657608599e-05,0.6043415772415507,3.488160666807612e-06,0.6044311986796685,0.0031269916404331193,0.6050951037215027,4.6455879634876455e-05,0.6037860290992673
187577122.07494614,1.5407952545917994e-05,0.6291906299119246,3.55805104703925e-06,0.6292842455174331,0.003200035416870995,0.6299056524749855,4.810569878687867e-05,0.6286118530438237
195289938.36810002,1.5770334978430556e-05,0.6550614340503388,3.6309283682970517e-06,0.6551592142259938,0.0032748608444688274,0.6557346063145526,4.98327862242269e-05,0.6544584567298805
203319891.07167485,1.6141945866889526e-05,0.6819959706267463,3.7071660318047736e-06,0.6820980985499985,0.0033515049899237813,0.6826237813809293,5.164333144716817e-05,0.6813678216155709
211680020.23472562,1.6523000500220336e-05,0.7100379902680725,3.7867798442051523e-06,0.7101446551285939,0.003430007452225235,0.7106167127356402,5.354092798644737e-05,0.7093836463638787
220383902.0884485,1.6913718247899072e-05,0.7392330503407357,3.869682565760738e-06,0.7393444462243814,0.00351040788872673,0.7397587211974079,5.5528590985336116e-05,0.7385514236720341
229445671.0929728,1.731430234621628e-05,0.7696285291837056,3.956251560605247e-06,0.7697448638058445,0.003592740768206396,0.7700969910636412,5.761308743122017e-05,0.7689185293317954
238880042.89068297,1.772497585866945e-05,0.8012738505616039,4.045894180642604e-06,0.8013953292048694,0.0036770475737043966,0.801680637608116,5.979398428594359e-05,0.8005342602787665
248702338.20332998,1.814599038643089e-05,0.8342200599533943,4.142119813485649e-06,0.834346953752094,0.0037633338897514594,0.8345607692585848,6.210157946579316e-05,0.8334500219860446
258928507.71175063,1.8577317627943436e-05,0.8685215772945424,4.235857709806231e-06,0.8686540187133122,0.0038517055798833674,0.8687907340400981,6.447338203569262e-05,0.86771913618833
269575157.9585931,1.9019500107289994e-05,0.9042329683116629,4.338424937233922e-06,0.9043712824226298,0.0039421019620976255,0.9044257888277493,6.699713657520377e-05,0.9033974060163943
280659578.3161132,1.947235809304398e-05,0.9414128109908969,4.4441441566036076e-06,0.9415572399730667,0.004034593248931131,0.9415237644901854,6.96361292098847e-05,0.9405427209078908
292199769.06283617,1.9936304656187407e-05,0.9801218825256651,4.548295767615652e-06,0.9802726131319714,0.004129244587789575,0.9801446827324201,7.235999790908996e-05,0.9792152981632993
304214470.6146767,2.0411206605027e-05,1.0204213832665832,4.669645602936799e-06,1.0205788854191353,0.004225916756390462,1.0203510487727927,7.53118623720334e-05,1.0194782784708254
316723193.9579882,2.0897506083772152e-05,1.0623792034658972,4.780265674581759e-06,1.0625435591102,0.004324858628021855,1.0622080365444833,7.829117432803921e-05,1.0613965721016316
329746252.33396053,2.139505589630857e-05,1.1060622431565463,4.893053480662359e-06,1.1062337328549288,0.004425971078871142,1.1057833817897684,8.139676504851882e-05,1.1050384226189656
343304794.22582114,2.1903933565134642e-05,1.1515395831729378,5.034546652935694e-06,1.1517188682952557,0.004529034811202337,1.1511476404669443,8.483088421399042e-05,1.150475386392543
357420837.7024068,2.2424284174998722e-05,1.1988895374325903,5.14327208397938e-06,1.1990764494792365,0.004634561757777764,1.198374338486961,8.81418816132233e-05,1.1977798309063936
372117306.1738785,2.2955924009471387e-05,1.2481843470011866,5.279930539005065e-06,1.2483795556590083,0.0047420337732772865,1.2475398043579882,9.17826857431521e-05,1.2470297821395357
387418065.6176431,2.349896022228072e-05,1.2995066456451418,5.41705610074587e-06,1.299710477157659,0.004851657232624694,1.2987239265233559,9.555785124446659e-05,1.2983050844869557
403347963.3349353,2.4053289516136425e-05,1.3529399962458721,5.5489263028426185e-06,1.353152718966757,0.004963454275728252,1.352009566533977,9.942646826452917e-05,1.3516887807612248
419932868.3009959,2.461862105990107e-05,1.4085699140206536,5.679255107911042e-06,1.4087918431634474,0.005077365979835014,1.4074826740074027,0.00010341007092144037,1.4072668901004057
437199713.1743738,2.5194869973849246e-05,1.4664867528048888,5.8256703845742054e-06,1.4667184781371443,0.005193181435775814,1.4652335400918275,0.00010765542348508505,1.4651310431229092
455176538.0335708,2.578177666033646e-05,1.526785488486845,5.96679838931169e-06,1.5270273329084798,0.005311029989829544,1.525355579716594,0.00011199670902151938,1.5253743507285618
473892535.9120542,2.637898640985636e-05,1.5895633619780973,6.111171300970856e-06,1.5898157773678476,0.005430768197196777,1.5879461606654335,0.00011649853214350219,1.588094781399869
493378100.2055832,2.698610956395225e-05,1.6549220607543054,6.263558510810489e-06,1.6551855829309234,0.005552269672270445,1.6531067231207743,0.00012119833198931316,1.6533943697969102
513664874.0288369,2.7602726235847414e-05,1.7229687565288034,6.404776474987895e-06,1.723243697047922,0.005675608799580077,1.7209428455122204,0.00012594216231678434,1.7213785898882623
534785801.6014837,2.8228285002249463e-05,1.7938134231726912,6.5411282677603595e-06,1.7941001943719614,0.005800622689630538,1.7915644370759547,0.00013077336172679336,1.792157922742883
556775181.7471672,2.8862264346741758e-05,1.8675712656792545,6.690296196526066e-06,1.867870561981616,0.005927014849550338,1.8650864282583441,0.00013584099537301126,1.865848804910906
579668723.5922517,2.9503914346822494e-05,1.9443621078668503,6.8319988722563225e-06,1.9446743605274288,0.006054841479318007,1.9416276150892937,0.00014096518953176428,1.9425694516412713
603503604.5548016,3.0152467279975956e-05,2.024309969366496,6.985174737214016e-06,2.024635892720583,0.00618377034866304,2.021312267193017,0.0001462983075663223,2.022445378178951
628318530.717959,3.080709222979711e-05,2.10754512171683,7.137490001665276e-06,2.1078852920696596,0.006313749207399866,2.1042695314620614,0.00015172860212456953,2.1056057564401867
