t,accepted_steps,residual_evals,jacobian_evals,error_test_failures,accepted_steps_faults,residual_evals_faults,jacobian_evals_faults,error_test_failures_faults
0,0,0,0,0,39,39,39,28
0.01,0.0478603530114,0.037125619106,0.208526518938,0,39,39,39,28
0.02,0.0518487157624,0.0402194206982,0.229379170832,0,39,39,39,28
0.03,0.0518487157624,0.0402194206982,0.229379170832,0,39,39,39,28
0.04,0.0558370785134,0.0433132222904,0.250231822726,0,39,39,39,28
0.05,0.0558370785134,0.0433132222904,0.250231822726,0,39,39,39,28
0.06,0.0558370785134,0.0433132222904,0.250231822726,0,39,39,39,28
0.07,0.0598254412643,0.0464070238825,0.27108447462,0,39,39,39,28
0.08,0.0598254412643,0.0464070238825,0.27108447462,0,39,39,39,28
0.09,0.0598254412643,0.0464070238825,0.27108447462,0,39,39,39,28
0.1,0.0598254412643,0.0464070238825,0.27108447462,0,39,39,39,28
0.11,0.0598254412643,0.0464070238825,0.27108447462,0,39,39,39,28
0.12,0.0598254412643,0.0464070238825,0.27108447462,0,39,39,39,28
0.13,0.0598254412643,0.0464070238825,0.27108447462,0,39,39,39,28
0.14,0.0638138040153,0.0495008254747,0.291937126514,0,39,39,39,28
0.15,0.0638138040153,0.0495008254747,0.291937126514,0,39,39,39,28
0.16,0.0638138040153,0.0495008254747,0.291937126514,0,39,39,39,28
0.17,0.0638138040153,0.0495008254747,0.291937126514,0,39,39,39,28
0.18,0.0638138040153,0.0495008254747,0.291937126514,0,39,39,39,28
0.19,0.0638138040153,0.0495008254747,0.291937126514,0,39,39,39,28
0.2,0.0638138040153,0.0495008254747,0.291937126514,0,39,39,39,28
0.21,0.0638138040153,0.0495008254747,0.291937126514,0,39,39,39,28
0.22,0.0638138040153,0.0495008254747,0.291937126514,0,39,39,39,28
0.23,0.0638138040153,0.0495008254747,0.291937126514,0,39,39,39,28
0.24,0.0638138040153,0.0495008254747,0.291937126514,0,39,39,39,28
0.25,0.0638138040153,0.0495008254747,0.291937126514,0,39,39,39,28
0.26,0.0638138040153,0.0495008254747,0.291937126514,0,39,39,39,28
0.27,0.0638138040153,0.0495008254747,0.291937126514,0,39,39,39,28
0.28,0.0678021667662,0.0525946270669,0.312789778408,0,39,39,39,28
0.29,0.0678021667662,0.0525946270669,0.312789778408,0,39,39,39,28
0.3,0.0678021667662,0.0525946270669,0.312789778408,0,39,39,39,28
0.31,0.0678021667662,0.0525946270669,0.312789778408,0,39,39,39,28
0.32,0.0678021667662,0.0525946270669,0.312789778408,0,39,39,39,28
0.33,0.0678021667662,0.0525946270669,0.312789778408,0,39,39,39,28
0.34,0.0678021667662,0.0525946270669,0.312789778408,0,39,39,39,28
0.35,0.0678021667662,0.0525946270669,0.312789778408,0,39,39,39,28
0.36,0.0678021667662,0.0525946270669,0.312789778408,0,39,39,39,28
0.37,0.0678021667662,0.0525946270669,0.312789778408,0,39,39,39,28
0.38,0.0678021667662,0.0525946270669,0.312789778408,0,39,39,39,28
0.39,0.0678021667662,0.0525946270669,0.312789778408,0,39,39,39,28
0.4,0.0678021667662,0.0525946270669,0.312789778408,0,39,39,39,28
0.41,0.0678021667662,0.0525946270669,0.312789778408,0,39,39,39,28
0.42,0.0678021667662,0.0525946270669,0.312789778408,0,39,39,39,28
0.43,0.0678021667662,0.0525946270669,0.312789778408,0,39,39,39,28
0.44,0.0678021667662,0.0525946270669,0.312789778408,0,39,39,39,28
0.45,0.0678021667662,0.0525946270669,0.312789778408,0,39,39,39,28
0.46,0.0678021667662,0.0525946270669,0.312789778408,0,39,39,39,28
0.47,0.0678021667662,0.0525946270669,0.312789778408,0,39,39,39,28
0.48,0.0678021667662,0.0525946270669,0.312789778408,0,39,39,39,28
0.49,0.0678021667662,0.0525946270669,0.312789778408,0,39,39,39,28
0.5,0.0678021667662,0.0525946270669,0.312789778408,0,39,39,39,28
0.51,0.0678021667662,0.0525946270669,0.312789778408,0,39,39,39,28
0.52,0.0678021667662,0.0525946270669,0.312789778408,0,39,39,39,28
0.53,0.0678021667662,0.0525946270669,0.312789778408,0,39,39,39,28
0.54,0.0678021667662,0.0525946270669,0.312789778408,0,39,39,39,28
0.55,0.0717905295172,0.0556884286591,0.333642430301,0,39,39,39,28
0.56,0.0717905295172,0.0556884286591,0.333642430301,0,39,39,39,28
0.57,0.0717905295172,0.0556884286591,0.333642430301,0,39,39,39,28
0.58,0.0717905295172,0.0556884286591,0.333642430301,0,39,39,39,28
0.59,0.0717905295172,0.0556884286591,0.333642430301,0,39,39,39,28
0.6,0.0717905295172,0.0556884286591,0.333642430301,0,39,39,39,28
0.61,0.0717905295172,0.0556884286591,0.333642430301,0,39,39,39,28
0.62,0.0717905295172,0.0556884286591,0.333642430301,0,39,39,39,28
0.63,0.0717905295172,0.0556884286591,0.333642430301,0,39,39,39,28
0.64,0.0717905295172,0.0556884286591,0.333642430301,0,39,39,39,28
0.65,0.0717905295172,0.0556884286591,0.333642430301,0,39,39,39,28
0.66,0.0717905295172,0.0556884286591,0.333642430301,0,39,39,39,28
0.67,0.0717905295172,0.0556884286591,0.333642430301,0,39,39,39,28
0.68,0.0717905295172,0.0556884286591,0.333642430301,0,39,39,39,28
0.69,0.0717905295172,0.0556884286591,0.333642430301,0,39,39,39,28
0.7,0.0717905295172,0.0556884286591,0.333642430301,0,39,39,39,28
0.71,0.0717905295172,0.0556884286591,0.333642430301,0,39,39,39,28
0.72,0.0717905295172,0.0556884286591,0.333642430301,0,39,39,39,28
0.73,0.0717905295172,0.0556884286591,0.333642430301,0,39,39,39,28
0.74,0.0717905295172,0.0556884286591,0.333642430301,0,39,39,39,28
0.75,0.0717905295172,0.0556884286591,0.333642430301,0,39,39,39,28
0.76,0.0717905295172,0.0556884286591,0.333642430301,0,39,39,39,28
0.77,0.0717905295172,0.0556884286591,0.333642430301,0,39,39,39,28
0.78,0.0717905295172,0.0556884286591,0.333642430301,0,39,39,39,28
0.79,0.0717905295172,0.0556884286591,0.333642430301,0,39,39,39,28
0.8,0.0717905295172,0.0556884286591,0.333642430301,0,39,39,39,28
0.81,0.0717905295172,0.0556884286591,0.333642430301,0,39,39,39,28
0.82,0.0717905295172,0.0556884286591,0.333642430301,0,39,39,39,28
0.83,0.0717905295172,0.0556884286591,0.333642430301,0,39,39,39,28
0.84,0.0717905295172,0.0556884286591,0.333642430301,0,39,39,39,28
0.85,0.0717905295172,0.0556884286591,0.333642430301,0,39,39,39,28
0.86,0.0717905295172,0.0556884286591,0.333642430301,0,39,39,39,28
0.87,0.0717905295172,0.0556884286591,0.333642430301,0,39,39,39,28
0.88,0.0717905295172,0.0556884286591,0.333642430301,0,39,39,39,28
0.89,0.0717905295172,0.0556884286591,0.333642430301,0,39,39,39,28
0.9,0.0717905295172,0.0556884286591,0.333642430301,0,39,39,39,28
0.91,0.0717905295172,0.0556884286591,0.333642430301,0,39,39,39,28
0.92,0.0717905295172,0.0556884286591,0.333642430301,0,39,39,39,28
0.93,0.0717905295172,0.0556884286591,0.333642430301,0,39,39,39,28
0.94,0.0717905295172,0.0556884286591,0.333642430301,0,39,39,39,28
0.95,0.0717905295172,0.0556884286591,0.333642430301,0,39,39,39,28
0.96,0.0717905295172,0.0556884286591,0.333642430301,0,39,39,39,28
0.97,0.0717905295172,0.0556884286591,0.333642430301,0,39,39,39,28
0.98,0.0717905295172,0.0556884286591,0.333642430301,0,39,39,39,28
0.99,0.0717905295172,0.0556884286591,0.333642430301,0,39,39,39,28
1,0.0757788922681,0.073978509178,0.396200385983,0,39,39,39,28
1.01,0.144287305346,0.148734335133,0.557045064619,0,39,39,39,28
1.02,0.16257432308,0.16489944175,0.557557885132,0,39,39,39,28
1.03,0.17548368698,0.179860213565,0.575594170143,0.0178571428571,39,39,39,28
1.04,0.186202073492,0.191173598561,0.586972914296,0.190476190476,39,39,39,28
1.05,0.195583416713,0.20045479479,0.589467789958,0.21130952381,39,39,39,28
1.06,0.204243208901,0.209685435527,0.591076240912,0.21130952381,39,39,39,28
1.07,0.209545550692,0.216551463193,0.604600620278,0.21130952381,39,39,39,28
1.08,0.214582191696,0.224431985742,0.611761765357,0.229166666667,39,39,39,28
1.09,0.220160125914,0.230993295042,0.612295953392,0.238095238095,39,39,39,28
1.1,0.226056647226,0.235919886988,0.612779746328,0.238095238095,39,39,39,28
1.11,0.230345474064,0.239484676366,0.613785663488,0.238095238095,39,39,39,28
1.12,0.234744856848,0.243908220638,0.614298484001,0.238095238095,39,39,39,28
1.13,0.238382850432,0.248319488987,0.615862976776,0.238095238095,39,39,39,28
1.14,0.242264948621,0.252493638793,0.620781139041,0.238095238095,39,39,39,28
1.15,0.248315991153,0.274693580913,0.672106499181,0.238095238095,39,39,39,28
1.15,0.248315991153,0.274693580913,0.672106499181,0.238095238095,39,39,39,28
1.16,0.314595354104,0.34633306112,0.838357913762,0.238095238095,39,39,39,28
1.17,0.333494071644,0.363546609244,0.838870734275,0.247023809524,39,39,39,28
1.18,0.3453939472,0.376789120562,0.856033896123,0.247023809524,39,39,39,28
1.19,0.355389562675,0.3856826889,0.859174485692,0.303571428571,39,39,39,28
1.2,0.364200318304,0.393142504007,0.860759871984,0.303571428571,39,39,39,28
1.21,0.372246251446,0.402345946097,0.862336751728,0.321428571429,39,39,39,28
1.22,0.376947269826,0.408421537503,0.87569296742,0.321428571429,39,39,39,28
1.23,0.384030314168,0.418585702063,0.880565515331,0.321428571429,39,39,39,28
1.24,0.388607825527,0.422974957293,0.881099703365,0.321428571429,39,39,39,28
1.25,0.393186865351,0.426703483522,0.881099703365,0.321428571429,39,39,39,28
1.26,0.397887304545,0.430843707109,0.882609137327,0.333333333333,39,39,39,28
1.27,0.403678033337,0.436943473502,0.883636422008,0.333333333333,39,39,39,28
1.28,0.407266487639,0.44058362963,0.884682994483,0.333333333333,39,39,39,28
1.29,0.409396693904,0.443060636931,0.887992423602,0.333333333333,39,39,39,28
1.3,0.413380065141,0.447919530418,0.897079632574,0.333333333333,39,39,39,28
1.31,0.416156141483,0.451439398585,0.898148472549,0.333333333333,39,39,39,28
1.32,0.418801994867,0.454130892267,0.900288567903,0.35119047619,39,39,39,28
1.33,0.421573349655,0.45852972989,0.905063554821,0.619047619048,39,39,39,28
1.34,0.424733798326,0.461132004552,0.905063554821,0.619047619048,39,39,39,28
1.35,0.426845039915,0.462915953756,0.905609108558,0.619047619048,39,39,39,28
1.36,0.429927407037,0.465731628714,0.906634749584,0.619047619048,39,39,39,28
1.37,0.432772637532,0.468101591006,0.906634749584,0.619047619048,39,39,39,28
1.38,0.434918524004,0.470294716904,0.907180303321,0.619047619048,39,39,39,28
1.39,0.437168339756,0.472269457717,0.907180303321,0.619047619048,39,39,39,28
1.4,0.439266905016,0.474703320194,0.910887350242,0.619047619048,39,39,39,28
1.41,0.44154114741,0.477577867229,0.914613305893,0.619047619048,39,39,39,28
1.42,0.443190002289,0.479088613725,0.915640590574,0.619047619048,39,39,39,28
1.43,0.444779625241,0.480921913678,0.918903505361,0.619047619048,39,39,39,28
1.44,0.447363893878,0.483613984746,0.922170320725,0.619047619048,39,39,39,28
1.45,0.449274966016,0.485709562423,0.922704508759,0.619047619048,39,39,39,28
1.46,0.451117132048,0.48736215783,0.923227794997,0.619047619048,39,39,39,28
1.47,0.452695793348,0.48868220075,0.923797595566,0.619047619048,39,39,39,28
1.48,0.454189654361,0.490352356794,0.924310416079,0.619047619048,39,39,39,28
1.49,0.455613997167,0.491684393521,0.925378792148,0.619047619048,39,39,39,28
1.5,0.457855526519,0.494260195119,0.929619591031,0.619047619048,39,39,39,28
1.51,0.458476986967,0.494799713331,0.930189391601,0.619047619048,39,39,39,28
1.52,0.459926658139,0.496094814609,0.930702212114,0.619047619048,39,39,39,28
1.53,0.461964531575,0.497761058479,0.930702212114,0.619047619048,39,39,39,28
1.54,0.462863585042,0.498455486828,0.930702212114,0.619047619048,39,39,39,28
1.55,0.464696401696,0.499874130595,0.930702212114,0.619047619048,39,39,39,28
1.56,0.466250601696,0.501076162065,0.930702212114,0.619047619048,39,39,39,28
1.57,0.467455092384,0.502087681672,0.930702212114,0.619047619048,39,39,39,28
1.58,0.4691060451,0.503446977493,0.930702212114,0.619047619048,39,39,39,28
1.59,0.470104629931,0.504285849446,0.930702212114,0.619047619048,39,39,39,28
1.6,0.472230447835,0.506262824255,0.930702212114,0.619047619048,39,39,39,28
1.61,0.473576236332,0.507676460757,0.931272012684,0.619047619048,39,39,39,28
1.62,0.47388322821,0.507918791706,0.931272012684,0.619047619048,39,39,39,28
1.63,0.476548387129,0.510673076252,0.931795298921,0.619047619048,39,39,39,28
1.64,0.477345367032,0.511665030579,0.932308119434,0.619047619048,39,39,39,28
1.65,0.478654207519,0.51291360825,0.932308119434,0.619047619048,39,39,39,28
1.66,0.480690335367,0.514887171933,0.932308119434,0.619047619048,39,39,39,28
1.67,0.481303195003,0.5155152234,0.932810884643,0.619047619048,39,39,39,28
1.68,0.482998070973,0.517150009031,0.932810884643,0.619047619048,39,39,39,28
1.69,0.48457404087,0.518966619618,0.933323705156,0.619047619048,39,39,39,28
1.7,0.485660130327,0.519978866646,0.933323705156,0.619047619048,39,39,39,28
1.71,0.487193885151,0.521466270883,0.933323705156,0.619047619048,39,39,39,28
1.72,0.488211597118,0.5223433019,0.933323705156,0.619047619048,39,39,39,28
1.73,0.489623421758,0.523597257916,0.933869258893,0.619047619048,39,39,39,28
1.74,0.491071194753,0.524856057225,0.934949958731,0.619047619048,39,39,39,28
1.75,0.492468451465,0.525958427342,0.934949958731,0.619047619048,39,39,39,28
1.76,0.493704149645,0.527151822712,0.935495512468,0.619047619048,39,39,39,28
1.77,0.4948042726,0.528155523172,0.935495512468,0.619047619048,39,39,39,28
1.78,0.495516869216,0.528787252117,0.935495512468,0.619047619048,39,39,39,28
1.79,0.497129343558,0.530557219048,0.935979305405,0.636904761905,39,39,39,28
1.8,0.498587088638,0.532549408454,0.936472402052,0.672619047619,39,39,39,28
1.81,0.499484999502,0.533311753581,0.936472402052,0.672619047619,39,39,39,28
1.82,0.50051832052,0.534203099139,0.936472402052,0.672619047619,39,39,39,28
1.83,0.501936525644,0.535672107798,0.936472402052,0.672619047619,39,39,39,28
1.84,0.502816134031,0.536727135739,0.936472402052,0.672619047619,39,39,39,28
1.85,0.504502914749,0.538275047724,0.937029815653,0.672619047619,39,39,39,28
1.86,0.505824297055,0.539381778915,0.937029815653,0.672619047619,39,39,39,28
1.87,0.506331168492,0.539773845105,0.937029815653,0.672619047619,39,39,39,28
1.88,0.507824473847,0.54108000194,0.937029815653,0.672619047619,39,39,39,28
1.89,0.509049851624,0.542034364874,0.937029815653,0.672619047619,39,39,39,28
1.9,0.510176854461,0.54324235214,0.937029815653,0.690476190476,39,39,39,28
1.91,0.511431675152,0.544298624869,0.937029815653,0.690476190476,39,39,39,28
1.92,0.512421545928,0.545066059501,0.937029815653,0.690476190476,39,39,39,28
1.93,0.513935828245,0.54631096278,0.937029815653,0.690476190476,39,39,39,28
1.94,0.514865931029,0.547111969225,0.937029815653,0.690476190476,39,39,39,28
1.95,0.516091236096,0.548133655344,0.937029815653,0.690476190476,39,39,39,28
1.96,0.51720008422,0.549074469369,0.93757536939,0.690476190476,39,39,39,28
1.97,0.518625751211,0.550257844217,0.93757536939,0.690476190476,39,39,39,28
1.98,0.519448833572,0.551047537396,0.93757536939,0.690476190476,39,39,39,28
1.99,0.520876279792,0.552310477368,0.93757536939,0.690476190476,39,39,39,28
2,0.521297683116,0.552643682906,0.93757536939,0.690476190476,39,39,39,28
2.01,0.523095047609,0.554405460859,0.938120923127,0.690476190476,39,39,39,28
2.02,0.524137264264,0.555373630349,0.938120923127,0.690476190476,39,39,39,28
2.03,0.524867668521,0.556018473889,0.938655111161,0.690476190476,39,39,39,28
2.04,0.526379615876,0.557267327958,0.93915787637,0.690476190476,39,39,39,28
2.05,0.5276902617,0.558432064069,0.93915787637,0.690476190476,39,39,39,28
2.06,0.528501149582,0.559149188479,0.93915787637,0.690476190476,39,39,39,28
2.07,0.529632577926,0.560109529224,0.93915787637,0.690476190476,39,39,39,28
2.08,0.530875835638,0.561229101321,0.93915787637,0.690476190476,39,39,39,28
2.09,0.531879272991,0.562087257901,0.93915787637,0.690476190476,39,39,39,28
2.1,0.533094246507,0.563176435831,0.939681162607,0.690476190476,39,39,39,28
2.11,0.534116252634,0.563969544122,0.939681162607,0.690476190476,39,39,39,28
2.12,0.535147400121,0.564851614719,0.939681162607,0.690476190476,39,39,39,28
2.13,0.536571110196,0.566038056003,0.939681162607,0.690476190476,39,39,39,28
2.14,0.537477288424,0.566733515477,0.939681162607,0.690476190476,39,39,39,28
2.15,0.538792440625,0.567835362062,0.939681162607,0.690476190476,39,39,39,28
2.16,0.539832574459,0.568721400438,0.939681162607,0.690476190476,39,39,39,28
2.17,0.5408342135,0.569647105748,0.939681162607,0.690476190476,39,39,39,28
2.18,0.541829644269,0.570504981299,0.939681162607,0.690476190476,39,39,39,28
2.19,0.543190970564,0.571790641445,0.939681162607,0.690476190476,39,39,39,28
2.2,0.544021614072,0.572509321332,0.939681162607,0.690476190476,39,39,39,28
2.21,0.545221047255,0.573749137897,0.940238576208,0.690476190476,39,39,39,28
2.22,0.546537117776,0.575007223623,0.940238576208,0.690476190476,39,39,39,28
2.23,0.547364886458,0.575797452016,0.940238576208,0.690476190476,39,39,39,28
2.24,0.548694517843,0.577132555511,0.940238576208,0.690476190476,39,39,39,28
2.25,0.54962685434,0.578012491601,0.940238576208,0.690476190476,39,39,39,28
2.26,0.551432917281,0.579794397059,0.940238576208,0.690476190476,39,39,39,28
2.27,0.552037790229,0.580340494403,0.940238576208,0.690476190476,39,39,39,28
2.28,0.552732282537,0.581027098204,0.940238576208,0.690476190476,39,39,39,28
2.29,0.554279818674,0.582476072442,0.940238576208,0.690476190476,39,39,39,28
2.3,0.5550103606,0.583122429621,0.940238576208,0.690476190476,39,39,39,28
2.31,0.55601709199,0.583980467911,0.940772764242,0.690476190476,39,39,39,28
2.32,0.557034461136,0.585007281903,0.941853464081,0.690476190476,39,39,39,28
2.33,0.558235753401,0.586248553751,0.942910938352,0.690476190476,39,39,39,28
2.34,0.559275155553,0.587290447184,0.942910938352,0.690476190476,39,39,39,28
2.35,0.560400898559,0.58817097205,0.942910938352,0.690476190476,39,39,39,28
2.36,0.561311300277,0.589022399865,0.942910938352,0.690476190476,39,39,39,28
2.37,0.562316577329,0.590038904197,0.942910938352,0.690476190476,39,39,39,28
2.38,0.563659746526,0.591394440705,0.942910938352,0.690476190476,39,39,39,28
2.39,0.564461307849,0.592237017719,0.942910938352,0.690476190476,39,39,39,28
2.4,0.565355919101,0.593148017789,0.942910938352,0.690476190476,39,39,39,28
2.41,0.56650065307,0.594280122648,0.942910938352,0.690476190476,39,39,39,28
2.42,0.567814342133,0.595435037125,0.942910938352,0.690476190476,39,39,39,28
2.43,0.568435600091,0.595999585584,0.942910938352,0.690476190476,39,39,39,28
2.44,0.569847595136,0.597325212654,0.942910938352,0.690476190476,39,39,39,28
2.45,0.570679437825,0.598205023627,0.942910938352,0.690476190476,39,39,39,28
2.46,0.572181871882,0.599519877273,0.942910938352,0.690476190476,39,39,39,28
2.47,0.573119507983,0.600421773522,0.942910938352,0.690476190476,39,39,39,28
2.48,0.574053285166,0.601148551738,0.942910938352,0.690476190476,39,39,39,28
2.49,0.575137447729,0.602225493481,0.942910938352,0.690476190476,39,39,39,28
2.5,0.575951083109,0.602934261206,0.942910938352,0.690476190476,39,39,39,28
2.51,0.577372227583,0.604112443691,0.942910938352,0.690476190476,39,39,39,28
2.52,0.578517347519,0.605172043698,0.942910938352,0.690476190476,39,39,39,28
2.53,0.579112279886,0.605701321198,0.942910938352,0.690476190476,39,39,39,28
2.54,0.580322970541,0.606714702271,0.942910938352,0.690476190476,39,39,39,28
2.55,0.581228444173,0.607561543499,0.942910938352,0.690476190476,39,39,39,28
2.56,0.582245811234,0.608669820276,0.943445126387,0.690476190476,39,39,39,28
2.57,0.58297655346,0.609454625823,0.943445126387,0.690476190476,39,39,39,28
2.58,0.584103728807,0.610497128908,0.944513502455,0.690476190476,39,39,39,28
2.59,0.584797367306,0.611187709478,0.945036788693,0.690476190476,39,39,39,28
2.6,0.585911488168,0.61236385301,0.946686331034,0.690476190476,39,39,39,28
2.61,0.586938937916,0.613404827976,0.947220519068,0.690476190476,39,39,39,28
2.62,0.587925789471,0.614302318121,0.947220519068,0.690476190476,39,39,39,28
2.63,0.588569230671,0.615030174157,0.947754707102,0.690476190476,39,39,39,28
2.64,0.589693115054,0.616306292283,0.948324507672,0.690476190476,39,39,39,28
2.65,0.590698828136,0.617321785137,0.948324507672,0.690476190476,39,39,39,28
2.66,0.591896810527,0.618558625737,0.948324507672,0.690476190476,39,39,39,28
2.67,0.592500865546,0.619178434989,0.948324507672,0.690476190476,39,39,39,28
2.68,0.593056189343,0.619686929796,0.948324507672,0.690476190476,39,39,39,28
2.69,0.5941659201,0.62063578946,0.948847793909,0.690476190476,39,39,39,28
2.7,0.59537454398,0.621801531893,0.949371080147,0.690476190476,39,39,39,28
2.71,0.596465051061,0.622782546328,0.949371080147,0.690476190476,39,39,39,28
2.72,0.597082266269,0.623425306924,0.949371080147,0.690476190476,39,39,39,28
2.73,0.59767501892,0.624022696586,0.949371080147,0.690476190476,39,39,39,28
2.74,0.598830586216,0.625238355464,0.949916633884,0.690476190476,39,39,39,28
2.75,0.600133323296,0.626543016619,0.949916633884,0.690476190476,39,39,39,28
2.76,0.601050026449,0.62732933102,0.949916633884,0.690476190476,39,39,39,28
2.77,0.601763898137,0.627885646386,0.949916633884,0.690476190476,39,39,39,28
2.78,0.602546130167,0.628488658691,0.949916633884,0.690476190476,39,39,39,28
2.79,0.603477752241,0.629359631213,0.950439920121,0.690476190476,39,39,39,28
2.8,0.604604635513,0.630303121557,0.950439920121,0.690476190476,39,39,39,28
2.81,0.605521949822,0.631012382463,0.950439920121,0.690476190476,39,39,39,28
2.82,0.606508995391,0.631932897506,0.950439920121,0.690476190476,39,39,39,28
2.83,0.607421759443,0.632782554975,0.950439920121,0.690476190476,39,39,39,28
2.84,0.608224609993,0.63340142846,0.950439920121,0.690476190476,39,39,39,28
2.85,0.608963898964,0.634041872796,0.950439920121,0.690476190476,39,39,39,28
2.86,0.609978869747,0.634834208088,0.950439920121,0.690476190476,39,39,39,28
2.87,0.611172904611,0.635829198785,0.950439920121,0.690476190476,39,39,39,28
2.88,0.612198465458,0.636701165566,0.950997333722,0.690476190476,39,39,39,28
2.89,0.612699774317,0.637162505904,0.950997333722,0.690476190476,39,39,39,28
2.9,0.613292443707,0.637699001921,0.950997333722,0.690476190476,39,39,39,28
2.91,0.614723718256,0.638802025718,0.950997333722,0.690476190476,39,39,39,28
2.92,0.615661134983,0.639691694314,0.950997333722,0.690476190476,39,39,39,28
2.93,0.616541752392,0.64052409875,0.950997333722,0.690476190476,39,39,39,28
2.94,0.617260581739,0.641157611587,0.950997333722,0.690476190476,39,39,39,28
2.95,0.617872415654,0.641693110899,0.950997333722,0.690476190476,39,39,39,28
2.96,0.619108059102,0.642810647195,0.950997333722,0.690476190476,39,39,39,28
2.97,0.620127490658,0.643677722449,0.950997333722,0.690476190476,39,39,39,28
2.98,0.621033305291,0.644522573959,0.951510154235,0.690476190476,39,39,39,28
2.99,0.621521581032,0.644901523505,0.951510154235,0.690476190476,39,39,39,28
3,0.622353882901,0.645699796887,0.951510154235,0.690476190476,39,39,39,28
3.01,0.623466300792,0.646631115712,0.951510154235,0.690476190476,39,39,39,28
3.02,0.624588133425,0.647572306921,0.951510154235,0.690476190476,39,39,39,28
3.03,0.625397041622,0.648200230634,0.951510154235,0.690476190476,39,39,39,28
3.04,0.625825555057,0.648608793152,0.951510154235,0.690476190476,39,39,39,28
3.05,0.62682222499,0.649386015987,0.951510154235,0.690476190476,39,39,39,28
3.06,0.628132943769,0.650552608723,0.951510154235,0.690476190476,39,39,39,28
3.07,0.628970019868,0.651332867172,0.951510154235,0.690476190476,39,39,39,28
3.08,0.629483425256,0.651739329671,0.951510154235,0.690476190476,39,39,39,28
3.09,0.630592229365,0.652747554051,0.951510154235,0.690476190476,39,39,39,28
3.1,0.631091421023,0.653277321173,0.951510154235,0.690476190476,39,39,39,28
3.11,0.632690322104,0.654505648312,0.951510154235,0.690476190476,39,39,39,28
3.12,0.633111725427,0.655007871615,0.952022974748,0.690476190476,39,39,39,28
3.13,0.633663556429,0.655596504521,0.952022974748,0.690476190476,39,39,39,28
3.14,0.635054501233,0.656817136965,0.952022974748,0.690476190476,39,39,39,28
3.15,0.635671409724,0.657366987393,0.952022974748,0.690476190476,39,39,39,28
3.16,0.636783743017,0.658229519576,0.952022974748,0.690476190476,39,39,39,28
3.17,0.637475994465,0.65883394857,0.952022974748,0.690476190476,39,39,39,28
3.18,0.638503433756,0.659699418121,0.952022974748,0.690476190476,39,39,39,28
3.19,0.639521862346,0.660660860336,0.952022974748,0.690476190476,39,39,39,28
3.2,0.640448941352,0.661530562984,0.952568528485,0.690476190476,39,39,39,28
3.21,0.641254378107,0.66215409263,0.952568528485,0.690476190476,39,39,39,28
3.22,0.641542758246,0.662381604331,0.952568528485,0.690476190476,39,39,39,28
3.23,0.642436521705,0.663224217497,0.952568528485,0.690476190476,39,39,39,28
3.24,0.643297959336,0.664108502233,0.952568528485,0.699404761905,39,39,39,28
3.25,0.644512583702,0.66513535706,0.953114082222,0.699404761905,39,39,39,28
3.26,0.645331703788,0.665998833925,0.954205189696,0.699404761905,39,39,39,28
3.27,0.646122090778,0.666683143479,0.954205189696,0.699404761905,39,39,39,28
3.28,0.646934599498,0.667382587874,0.954205189696,0.699404761905,39,39,39,28
3.29,0.6474614086,0.667784489758,0.954205189696,0.699404761905,39,39,39,28
3.3,0.648163850856,0.668481170207,0.954205189696,0.699404761905,39,39,39,28
3.31,0.649176318101,0.669340902612,0.954205189696,0.699404761905,39,39,39,28
3.32,0.650613535926,0.670842956561,0.954205189696,0.699404761905,39,39,39,28
3.33,0.651019396707,0.671153443755,0.954205189696,0.699404761905,39,39,39,28
3.34,0.65150719612,0.671534396909,0.954205189696,0.699404761905,39,39,39,28
3.35,0.652329251775,0.672162514465,0.954205189696,0.699404761905,39,39,39,28
3.36,0.653454878751,0.673105438649,0.954205189696,0.699404761905,39,39,39,28
3.37,0.654477253747,0.673905966783,0.954205189696,0.699404761905,39,39,39,28
3.38,0.655186158496,0.674460535278,0.954205189696,0.699404761905,39,39,39,28
3.39,0.655481156654,0.674686753876,0.954205189696,0.699404761905,39,39,39,28
3.4,0.656295789152,0.675323644223,0.954205189696,0.699404761905,39,39,39,28
3.41,0.657530059907,0.676564468627,0.954205189696,0.699404761905,39,39,39,28
3.42,0.658233254237,0.677112255655,0.954205189696,0.699404761905,39,39,39,28
3.43,0.659137767942,0.677821476917,0.954205189696,0.699404761905,39,39,39,28
3.44,0.659648708138,0.678213733611,0.954205189696,0.699404761905,39,39,39,28
3.45,0.660560711801,0.67914906164,0.954718010209,0.699404761905,39,39,39,28
3.46,0.661394011559,0.67979604959,0.954718010209,0.699404761905,39,39,39,28
3.47,0.662299550485,0.680563825211,0.954718010209,0.699404761905,39,39,39,28
3.48,0.663118452337,0.681349577792,0.954718010209,0.699404761905,39,39,39,28
3.49,0.664032620061,0.68230361017,0.954718010209,0.699404761905,39,39,39,28
3.5,0.664735410873,0.682914735273,0.954718010209,0.699404761905,39,39,39,28
3.51,0.665532365959,0.683612768924,0.954718010209,0.699404761905,39,39,39,28
3.52,0.66622628027,0.684366140437,0.954718010209,0.699404761905,39,39,39,28
3.53,0.667049240666,0.685170756623,0.95527542381,0.699404761905,39,39,39,28
3.54,0.668059729238,0.686048172786,0.95527542381,0.699404761905,39,39,39,28
3.55,0.668884589626,0.686687711349,0.95527542381,0.699404761905,39,39,39,28
3.56,0.669373537419,0.687211759669,0.95527542381,0.699404761905,39,39,39,28
3.57,0.6703060081,0.688110291032,0.955788244323,0.699404761905,39,39,39,28
3.58,0.671008468108,0.688650626983,0.955788244323,0.699404761905,39,39,39,28
3.59,0.672032866269,0.689691447819,0.955788244323,0.699404761905,39,39,39,28
3.6,0.672837225515,0.690323964218,0.955788244323,0.699404761905,39,39,39,28
3.61,0.673662999072,0.691033629793,0.955788244323,0.699404761905,39,39,39,28
3.62,0.674545736666,0.691797978006,0.955788244323,0.699404761905,39,39,39,28
3.63,0.675047387103,0.692255292072,0.955788244323,0.699404761905,39,39,39,28
3.64,0.675865576086,0.69288216925,0.955788244323,0.699404761905,39,39,39,28
3.65,0.67697844268,0.693755918315,0.955788244323,0.699404761905,39,39,39,28
3.66,0.677708786592,0.69432597135,0.955788244323,0.699404761905,39,39,39,28
3.67,0.678715919733,0.695280593449,0.955788244323,0.699404761905,39,39,39,28
3.68,0.679217893624,0.695803895561,0.95631153056,0.699404761905,39,39,39,28
3.69,0.679939876456,0.696515900433,0.95631153056,0.699404761905,39,39,39,28
3.7,0.680950249737,0.697308447217,0.95631153056,0.699404761905,39,39,39,28
3.71,0.681553034395,0.697779210461,0.95631153056,0.699404761905,39,39,39,28
3.72,0.682968814258,0.699095748745,0.95631153056,0.699404761905,39,39,39,28
3.73,0.683481541241,0.699569728831,0.95631153056,0.699404761905,39,39,39,28
3.74,0.68377955134,0.699799915982,0.95631153056,0.699404761905,39,39,39,28
3.75,0.684891281958,0.700740350739,0.95631153056,0.699404761905,39,39,39,28
3.76,0.685888467845,0.701875490138,0.95631153056,0.71130952381,39,39,39,28
3.77,0.686950513568,0.702705170029,0.95631153056,0.71130952381,39,39,39,28
3.78,0.687653391192,0.703405726599,0.95631153056,0.71130952381,39,39,39,28
3.79,0.68795248441,0.70363303181,0.95631153056,0.71130952381,39,39,39,28
3.8,0.688854296342,0.704330153115,0.95631153056,0.71130952381,39,39,39,28
3.81,0.689779195016,0.70511507408,0.95631153056,0.71130952381,39,39,39,28
3.82,0.690885207105,0.70598052117,0.95631153056,0.71130952381,39,39,39,28
3.83,0.691584024378,0.706525290697,0.95631153056,0.71130952381,39,39,39,28
3.84,0.692189665503,0.706996875333,0.95631153056,0.71130952381,39,39,39,28
3.85,0.693006937604,0.707703406796,0.95631153056,0.71130952381,39,39,39,28
3.86,0.694059412712,0.708684945055,0.95631153056,0.71130952381,39,39,39,28
3.87,0.694659463498,0.709162321337,0.95631153056,0.71130952381,39,39,39,28
3.88,0.695452723308,0.709767961543,0.95631153056,0.71130952381,39,39,39,28
3.89,0.696475358634,0.71065013137,0.95631153056,0.71130952381,39,39,39,28
3.9,0.697280725973,0.711423266014,0.95631153056,0.71130952381,39,39,39,28
3.91,0.697897958581,0.711904791594,0.95631153056,0.71130952381,39,39,39,28
3.92,0.698698870066,0.712600960582,0.95631153056,0.71130952381,39,39,39,28
3.93,0.699403020488,0.713362531941,0.95631153056,0.71130952381,39,39,39,28
3.94,0.700306623819,0.71414937573,0.95631153056,0.71130952381,39,39,39,28
3.95,0.70156395561,0.715282272011,0.95631153056,0.71130952381,39,39,39,28
3.96,0.702073373802,0.715739698124,0.95631153056,0.71130952381,39,39,39,28
3.97,0.702758829961,0.716277568722,0.95631153056,0.71130952381,39,39,39,28
3.98,0.703265259349,0.716737283479,0.95631153056,0.71130952381,39,39,39,28
3.99,0.704365955134,0.717760451833,0.95631153056,0.71130952381,39,39,39,28
4,0.70507698823,0.718474217776,0.95631153056,0.71130952381,39,39,39,28
4.01,0.705899302283,0.719187664918,0.95631153056,0.71130952381,39,39,39,28
4.02,0.706589074979,0.719798088777,0.95631153056,0.71130952381,39,39,39,28
4.03,0.707401942692,0.720421592572,0.95631153056,0.71130952381,39,39,39,28
4.04,0.708447437716,0.72123662136,0.95631153056,0.71130952381,39,39,39,28
4.05,0.709243737176,0.72193815117,0.956834816798,0.71130952381,39,39,39,28
4.06,0.709851969887,0.722408577599,0.956834816798,0.71130952381,39,39,39,28
4.07,0.710356463616,0.722808601565,0.956834816798,0.71130952381,39,39,39,28
4.08,0.711361367975,0.723733637353,0.956834816798,0.71130952381,39,39,39,28
4.09,0.712181105405,0.724522188716,0.956834816798,0.71130952381,39,39,39,28
4.1,0.713175744693,0.725309338049,0.956834816798,0.71130952381,39,39,39,28
4.11,0.713483115179,0.725549543454,0.956834816798,0.71130952381,39,39,39,28
4.12,0.714506499617,0.726495747311,0.956834816798,0.71130952381,39,39,39,28
4.13,0.715342862999,0.727300351593,0.956834816798,0.71130952381,39,39,39,28
4.14,0.715938581312,0.727757476475,0.956834816798,0.71130952381,39,39,39,28
4.15,0.717128690274,0.728833380189,0.956834816798,0.71130952381,39,39,39,28
4.16,0.717340284236,0.729062560548,0.956834816798,0.71130952381,39,39,39,28
4.17,0.718257737766,0.729782035494,0.956834816798,0.71130952381,39,39,39,28
4.18,0.719075875075,0.730416619096,0.956834816798,0.71130952381,39,39,39,28
4.19,0.719574755394,0.730948717047,0.956834816798,0.71130952381,39,39,39,28
4.2,0.720575508064,0.731866920497,0.956834816798,0.71130952381,39,39,39,28
4.21,0.721374879455,0.732495637893,0.956834816798,0.71130952381,39,39,39,28
4.22,0.722106272956,0.733063647011,0.956834816798,0.71130952381,39,39,39,28
4.23,0.723251820086,0.733952955095,0.956834816798,0.71130952381,39,39,39,28
4.24,0.723748054974,0.734480756317,0.957347637311,0.71130952381,39,39,39,28
4.25,0.724156439458,0.734802328523,0.957347637311,0.71130952381,39,39,39,28
4.26,0.725046922254,0.735641108462,0.957347637311,0.71130952381,39,39,39,28
4.27,0.725950144433,0.736659420443,0.957347637311,0.71130952381,39,39,39,28
4.28,0.72666143221,0.737369496048,0.957347637311,0.71130952381,39,39,39,28
4.29,0.727169243163,0.737769417408,0.957347637311,0.71130952381,39,39,39,28
4.3,0.728098065317,0.73865271918,0.957347637311,0.71130952381,39,39,39,28
4.31,0.728825195786,0.739219779756,0.957347637311,0.71130952381,39,39,39,28
4.32,0.729828395443,0.740079884044,0.957347637311,0.71130952381,39,39,39,28
4.33,0.730429455993,0.740694189262,0.957347637311,0.71130952381,39,39,39,28
4.34,0.730929063055,0.74117102225,0.957347637311,0.71130952381,39,39,39,28
4.35,0.731945654874,0.74218809695,0.957347637311,0.71130952381,39,39,39,28
4.36,0.732563493176,0.742671575359,0.957347637311,0.71130952381,39,39,39,28
4.37,0.733462104915,0.743528933905,0.957347637311,0.71130952381,39,39,39,28
4.38,0.733774412435,0.743855423092,0.957347637311,0.71130952381,39,39,39,28
4.39,0.734600338035,0.744568187089,0.957347637311,0.71130952381,39,39,39,28
4.4,0.735724694898,0.745514137752,0.957347637311,0.71130952381,39,39,39,28
4.41,0.736322455194,0.746113264257,0.957347637311,0.71130952381,39,39,39,28
4.42,0.737019275621,0.746663203183,0.957347637311,0.71130952381,39,39,39,28
4.43,0.737522810632,0.747125995366,0.957347637311,0.71130952381,39,39,39,28
4.44,0.73834727854,0.747840266508,0.95791743788,0.71130952381,39,39,39,28
4.45,0.73906011231,0.748392526758,0.95791743788,0.71130952381,39,39,39,28
4.46,0.740074955012,0.749257440236,0.95791743788,0.71130952381,39,39,39,28
4.47,0.740556232937,0.749705385277,0.95791743788,0.71130952381,39,39,39,28
4.48,0.741286803397,0.750273789016,0.95791743788,0.71130952381,39,39,39,28
4.49,0.742324353782,0.751229942329,0.95791743788,0.71130952381,39,39,39,28
4.5,0.743225398276,0.752072447939,0.95791743788,0.71130952381,39,39,39,28
4.51,0.743331352928,0.752157634071,0.95791743788,0.71130952381,39,39,39,28
4.52,0.744447129717,0.753256267302,0.95791743788,0.71130952381,39,39,39,28
4.53,0.74473400815,0.753555810217,0.95791743788,0.71130952381,39,39,39,28
4.54,0.745856151689,0.75465057028,0.958462991618,0.71130952381,39,39,39,28
4.55,0.746558470619,0.755203853539,0.958462991618,0.71130952381,39,39,39,28
4.56,0.747060571949,0.755658011779,0.958462991618,0.71130952381,39,39,39,28
4.57,0.747894408204,0.756386001734,0.958462991618,0.71130952381,39,39,39,28
4.58,0.748499755656,0.756944331069,0.959008545355,0.71130952381,39,39,39,28
4.59,0.749522894187,0.757740484335,0.959008545355,0.71130952381,39,39,39,28
4.6,0.75023738247,0.758515831247,0.959542733389,0.71130952381,39,39,39,28
4.61,0.750837450741,0.759070577644,0.959542733389,0.71130952381,39,39,39,28
4.62,0.751331422,0.759604422253,0.959542733389,0.71130952381,39,39,39,28
4.63,0.752140894605,0.760235458956,0.959542733389,0.71130952381,39,39,39,28
4.64,0.753053146295,0.760934207773,0.959542733389,0.71130952381,39,39,39,28
4.65,0.753762731904,0.761561154914,0.959542733389,0.71130952381,39,39,39,28
4.66,0.754704891832,0.762457941426,0.959542733389,0.71130952381,39,39,39,28
4.67,0.755105245279,0.762920137978,0.959542733389,0.71130952381,39,39,39,28
4.68,0.755713469577,0.763466604705,0.959542733389,0.71130952381,39,39,39,28
4.69,0.756526654551,0.764185052414,0.959542733389,0.71130952381,39,39,39,28
4.7,0.757433102101,0.764972700533,0.959542733389,0.71130952381,39,39,39,28
4.71,0.758121170438,0.765730482347,0.959542733389,0.71130952381,39,39,39,28
4.72,0.758524637571,0.76604537652,0.959542733389,0.71130952381,39,39,39,28
4.73,0.759124128154,0.766570652816,0.959542733389,0.71130952381,39,39,39,28
4.74,0.759948451101,0.767294768366,0.959542733389,0.71130952381,39,39,39,28
4.75,0.761102079266,0.768440542934,0.959542733389,0.71130952381,39,39,39,28
4.76,0.761607440788,0.768915761317,0.959542733389,0.71130952381,39,39,39,28
4.77,0.762402035964,0.769695642625,0.959542733389,0.71130952381,39,39,39,28
4.78,0.762705200431,0.770010697741,0.959542733389,0.71130952381,39,39,39,28
4.79,0.763695063894,0.770854726398,0.959542733389,0.71130952381,39,39,39,28
4.8,0.764098960565,0.771327602338,0.959542733389,0.71130952381,39,39,39,28
4.81,0.764840896321,0.771997719634,0.959542733389,0.71130952381,39,39,39,28
4.82,0.765736343127,0.772918164301,0.960035830036,0.71130952381,39,39,39,28
4.83,0.766255457024,0.773326649861,0.960035830036,0.71130952381,39,39,39,28
4.84,0.76688594466,0.773898507807,0.960035830036,0.71130952381,39,39,39,28
4.85,0.767472434352,0.774422902684,0.960035830036,0.71130952381,39,39,39,28
4.86,0.768604135084,0.775443211424,0.960035830036,0.71130952381,39,39,39,28
4.87,0.769091752508,0.77591036193,0.960035830036,0.71130952381,39,39,39,28
4.88,0.769907511847,0.776618375605,0.960035830036,0.71130952381,39,39,39,28
4.89,0.770320497638,0.777022816032,0.960581383773,0.71130952381,39,39,39,28
4.9,0.771124797132,0.77765252372,0.960581383773,0.71130952381,39,39,39,28
4.91,0.771745495505,0.778205808351,0.960581383773,0.71130952381,39,39,39,28
4.92,0.772256885985,0.778608682336,0.960581383773,0.71130952381,39,39,39,28
4.93,0.773167989124,0.779566600114,0.960581383773,0.71130952381,39,39,39,28
4.94,0.773763688506,0.780095645167,0.960581383773,0.71130952381,39,39,39,28
4.95,0.774476809112,0.780740604204,0.960581383773,0.71130952381,39,39,39,28
4.96,0.774985162712,0.781137249611,0.960581383773,0.71130952381,39,39,39,28
4.97,0.775705393247,0.781774330853,0.960581383773,0.71130952381,39,39,39,28
4.98,0.776617960572,0.782723346168,0.96110467001,0.71130952381,39,39,39,28
4.99,0.777212021967,0.7834014287,0.96110467001,0.71130952381,39,39,39,28
5,0.777727191091,0.783810674332,0.96110467001,0.71130952381,39,39,39,28
5.01,0.77851266223,0.784492011839,0.96110467001,0.71130952381,39,39,39,28
5.02,0.779260190254,0.785246584127,0.96110467001,0.71130952381,39,39,39,28
5.03,0.779877154429,0.785731443033,0.96110467001,0.71130952381,39,39,39,28
5.04,0.780184240827,0.785977528708,0.96110467001,0.71130952381,39,39,39,28
5.05,0.780879334356,0.786811649871,0.961607435219,0.71130952381,39,39,39,28
5.06,0.781877558068,0.787746985618,0.961607435219,0.71130952381,39,39,39,28
5.07,0.782199491337,0.788079177939,0.961607435219,0.71130952381,39,39,39,28
5.08,0.783220538852,0.789164539302,0.962130721457,0.71130952381,39,39,39,28
5.09,0.783818108948,0.789633550689,0.962130721457,0.71130952381,39,39,39,28
5.1,0.784558519928,0.790465719967,0.962676275194,0.71130952381,39,39,39,28
5.11,0.785346228694,0.791226299157,0.962676275194,0.71130952381,39,39,39,28
5.12,0.785861284461,0.791785292989,0.962676275194,0.71130952381,39,39,39,28
5.13,0.786270455363,0.792182815379,0.962676275194,0.71130952381,39,39,39,28
5.14,0.787078939436,0.79289310581,0.962676275194,0.71130952381,39,39,39,28
5.15,0.787787015021,0.793446806106,0.962676275194,0.71130952381,39,39,39,28
5.16,0.788284102136,0.793997499836,0.962676275194,0.71130952381,39,39,39,28
5.17,0.789120484427,0.794820224512,0.962676275194,0.71130952381,39,39,39,28
5.18,0.789631731621,0.795380893785,0.962676275194,0.71130952381,39,39,39,28
5.19,0.790528605353,0.796235008001,0.962676275194,0.71130952381,39,39,39,28
5.2,0.790935608483,0.796723483962,0.962676275194,0.71130952381,39,39,39,28
5.21,0.791449886159,0.797220064979,0.962676275194,0.71130952381,39,39,39,28
5.22,0.79194309611,0.797670441629,0.962676275194,0.71130952381,39,39,39,28
5.23,0.792556309601,0.798305765917,0.9637916295,0.71130952381,39,39,39,28
5.24,0.792975067717,0.798795749687,0.9637916295,0.71130952381,39,39,39,28
5.25,0.793897330976,0.799579884849,0.9637916295,0.71130952381,39,39,39,28
5.26,0.794796805036,0.800285335887,0.9637916295,0.71130952381,39,39,39,28
5.27,0.795094792639,0.800523366668,0.9637916295,0.71130952381,39,39,39,28
5.28,0.795912006264,0.801384336579,0.964849103772,0.71130952381,39,39,39,28
5.29,0.796115586612,0.801618667881,0.96537239001,0.71130952381,39,39,39,28
5.3,0.796821539804,0.802173017786,0.96537239001,0.71130952381,39,39,39,28
5.31,0.797325571393,0.802648745241,0.96537239001,0.71130952381,39,39,39,28
5.32,0.798081101297,0.803314538773,0.96537239001,0.71130952381,39,39,39,28
5.33,0.7986808718,0.803848010531,0.96537239001,0.71130952381,39,39,39,28
5.34,0.799480327197,0.804630592771,0.96537239001,0.71130952381,39,39,39,28
5.35,0.799773428081,0.804931575209,0.965917943747,0.71130952381,39,39,39,28
5.36,0.800487737016,0.805651291275,0.965917943747,0.71130952381,39,39,39,28
5.37,0.800997753527,0.806130486765,0.965917943747,0.71130952381,39,39,39,28
5.38,0.801200906412,0.806287181921,0.965917943747,0.71130952381,39,39,39,28
5.39,0.802171802689,0.807037477244,0.965917943747,0.71130952381,39,39,39,28
5.4,0.802377091841,0.80719781182,0.965917943747,0.71130952381,39,39,39,28
5.41,0.803347088316,0.80816347597,0.96643076426,0.723214285714,39,39,39,28
5.42,0.803960869209,0.808724064392,0.96643076426,0.723214285714,39,39,39,28
5.43,0.80427578226,0.809056493642,0.966964952294,0.723214285714,39,39,39,28
5.44,0.804983510264,0.80998145231,0.966964952294,0.758928571429,39,39,39,28
5.45,0.805595319175,0.810597600798,0.966964952294,0.758928571429,39,39,39,28
5.46,0.806099117099,0.811079394615,0.966964952294,0.758928571429,39,39,39,28
5.47,0.806651406284,0.811690894943,0.966964952294,0.758928571429,39,39,39,28
5.48,0.807252956005,0.812233526526,0.966964952294,0.758928571429,39,39,39,28
5.49,0.807850124845,0.812918053509,0.966964952294,0.758928571429,39,39,39,28
5.5,0.80835665712,0.813309804612,0.966964952294,0.758928571429,39,39,39,28
5.51,0.809162101314,0.814015527968,0.966964952294,0.758928571429,39,39,39,28
5.52,0.809563475302,0.814543010704,0.966964952294,0.758928571429,39,39,39,28
5.53,0.810398412777,0.815286795978,0.966964952294,0.758928571429,39,39,39,28
5.54,0.810836954069,0.815711670403,0.966964952294,0.758928571429,39,39,39,28
5.55,0.811454714423,0.81627099915,0.967488238531,0.758928571429,39,39,39,28
5.56,0.812055280393,0.816894300177,0.967488238531,0.758928571429,39,39,39,28
5.57,0.812430161167,0.817325608871,0.967488238531,0.758928571429,39,39,39,28
5.58,0.812632005925,0.817552706438,0.967488238531,0.758928571429,39,39,39,28
5.59,0.813442232289,0.818257650331,0.967488238531,0.758928571429,39,39,39,28
5.6,0.814158647836,0.818900745387,0.967488238531,0.758928571429,39,39,39,28
5.61,0.814819653469,0.819491832599,0.967488238531,0.758928571429,39,39,39,28
5.62,0.815534853613,0.820200332281,0.967488238531,0.758928571429,39,39,39,28
5.63,0.816043643144,0.820674011707,0.967488238531,0.758928571429,39,39,39,28
5.64,0.816142262473,0.82075266516,0.967488238531,0.758928571429,39,39,39,28
5.65,0.816837643818,0.821291467544,0.967488238531,0.758928571429,39,39,39,28
5.66,0.817341324267,0.821753493983,0.967488238531,0.758928571429,39,39,39,28
5.67,0.817940937671,0.82235658794,0.967488238531,0.758928571429,39,39,39,28
5.68,0.818497442624,0.822792790229,0.967488238531,0.758928571429,39,39,39,28
5.69,0.818890439969,0.823172478018,0.967488238531,0.758928571429,39,39,39,28
5.7,0.819815124563,0.823977150416,0.968058039101,0.758928571429,39,39,39,28
5.71,0.820526508242,0.824689144966,0.968592227135,0.758928571429,39,39,39,28
5.72,0.820728578008,0.824934192148,0.96912641517,0.758928571429,39,39,39,28
5.73,0.821434344265,0.825629833032,0.96912641517,0.758928571429,39,39,39,28
5.74,0.821739370944,0.82595148967,0.96912641517,0.758928571429,39,39,39,28
5.75,0.822058598549,0.826197085654,0.96912641517,0.758928571429,39,39,39,28
5.76,0.82279151152,0.82698830932,0.96912641517,0.767857142857,39,39,39,28
5.77,0.823291830224,0.827446360364,0.96912641517,0.767857142857,39,39,39,28
5.78,0.82388639476,0.827971959415,0.969639235682,0.767857142857,39,39,39,28
5.79,0.824510523067,0.828469461931,0.969639235682,0.767857142857,39,39,39,28
5.8,0.825122384411,0.829027238324,0.969639235682,0.767857142857,39,39,39,28
5.81,0.825508778049,0.829394161385,0.969639235682,0.767857142857,39,39,39,28
5.82,0.826347700912,0.830204031741,0.969639235682,0.767857142857,39,39,39,28
5.83,0.826681011287,0.830461095955,0.969639235682,0.767857142857,39,39,39,28
5.84,0.827282672989,0.831083103511,0.969639235682,0.767857142857,39,39,39,28
5.85,0.827789313104,0.831481212254,0.969639235682,0.767857142857,39,39,39,28
5.86,0.828200486306,0.831801748718,0.969639235682,0.767857142857,39,39,39,28
5.87,0.828697744523,0.832341402947,0.969639235682,0.767857142857,39,39,39,28
5.88,0.829304276826,0.832963691654,0.969639235682,0.767857142857,39,39,39,28
5.89,0.830013076045,0.833669865102,0.969639235682,0.767857142857,39,39,39,28
5.9,0.830658686484,0.834360338559,0.970196649283,0.767857142857,39,39,39,28
5.91,0.830858009174,0.834583675218,0.97068044222,0.767857142857,39,39,39,28
5.92,0.831363378363,0.834972939263,0.97068044222,0.767857142857,39,39,39,28
5.93,0.83166595881,0.835205375179,0.97068044222,0.767857142857,39,39,39,28
5.94,0.832184947406,0.835699177336,0.97068044222,0.767857142857,39,39,39,28
5.95,0.83280629413,0.836179018068,0.97068044222,0.767857142857,39,39,39,28
5.96,0.833288931249,0.836868003081,0.971807656391,0.767857142857,39,39,39,28
5.97,0.834327304852,0.837815488348,0.972341844425,0.767857142857,39,39,39,28
5.98,0.834526845907,0.837967222346,0.972341844425,0.767857142857,39,39,39,28
5.99,0.835045623158,0.838458509185,0.972341844425,0.767857142857,39,39,39,28
6,0.835657732858,0.839017921404,0.972341844425,0.767857142857,39,39,39,28
6.01,0.835858888438,0.839169459346,0.972341844425,0.767857142857,39,39,39,28
6.02,0.836268988216,0.83972404978,0.972876032459,0.767857142857,39,39,39,28
6.03,0.83647604337,0.83988606024,0.972876032459,0.767857142857,39,39,39,28
6.04,0.837290611431,0.840585062994,0.972876032459,0.767857142857,39,39,39,28
6.05,0.838230054552,0.841554003947,0.97343344606,0.767857142857,39,39,39,28
6.06,0.838828087734,0.842020776646,0.97343344606,0.767857142857,39,39,39,28
6.07,0.839125082389,0.842334195107,0.97343344606,0.767857142857,39,39,39,28
6.08,0.839643302034,0.84273931543,0.97343344606,0.767857142857,39,39,39,28
6.09,0.840050032179,0.843052046718,0.97343344606,0.767857142857,39,39,39,28
6.1,0.840447842164,0.843425768574,0.97343344606,0.767857142857,39,39,39,28
6.11,0.840976959036,0.843909917541,0.97343344606,0.767857142857,39,39,39,28
6.12,0.841712796266,0.844639136134,0.97343344606,0.767857142857,39,39,39,28
6.13,0.842015510188,0.844877091973,0.97343344606,0.767857142857,39,39,39,28
6.14,0.842607678292,0.845408154449,0.97343344606,0.767857142857,39,39,39,28
6.15,0.843104822745,0.845883380383,0.97343344606,0.767857142857,39,39,39,28
6.16,0.843307157375,0.846115167711,0.97343344606,0.767857142857,39,39,39,28
6.17,0.844021167094,0.84683000133,0.97343344606,0.767857142857,39,39,39,28
6.18,0.844752328333,0.847555603501,0.97343344606,0.767857142857,39,39,39,28
6.19,0.845482997192,0.848120715511,0.97343344606,0.767857142857,39,39,39,28
6.2,0.845680422762,0.848270237303,0.97343344606,0.767857142857,39,39,39,28
6.21,0.845782986865,0.84842802823,0.97343344606,0.767857142857,39,39,39,28
6.22,0.846382572079,0.849111984968,0.973978999797,0.767857142857,39,39,39,28
6.23,0.846892745381,0.849508740011,0.973978999797,0.767857142857,39,39,39,28
6.24,0.847394180852,0.849967948793,0.973978999797,0.767857142857,39,39,39,28
6.25,0.847788230655,0.850347699959,0.973978999797,0.767857142857,39,39,39,28
6.26,0.848733423455,0.851164446462,0.973978999797,0.767857142857,39,39,39,28
6.27,0.849266932167,0.851582282216,0.973978999797,0.767857142857,39,39,39,28
6.28,0.849776665259,0.851978287875,0.973978999797,0.767857142857,39,39,39,28
6.29,0.849974750762,0.852133828367,0.973978999797,0.767857142857,39,39,39,28
6.3,0.850476882378,0.85259532921,0.974513187831,0.767857142857,39,39,39,28
6.31,0.850887843532,0.852987758057,0.974513187831,0.767857142857,39,39,39,28
6.32,0.851194064981,0.853313398526,0.974513187831,0.767857142857,39,39,39,28
6.33,0.851385092045,0.853458692115,0.974513187831,0.767857142857,39,39,39,28
6.34,0.852227120014,0.854364103127,0.975070601432,0.767857142857,39,39,39,28
6.35,0.853030617549,0.855068210251,0.975070601432,0.767857142857,39,39,39,28
6.36,0.853524137238,0.855676470013,0.975070601432,0.767857142857,39,39,39,28
6.37,0.853743987401,0.855848565185,0.975070601432,0.767857142857,39,39,39,28
6.38,0.854258918346,0.85623926802,0.975070601432,0.767857142857,39,39,39,28
6.39,0.854776435755,0.856727221712,0.975070601432,0.767857142857,39,39,39,28
6.4,0.85527488362,0.857190790334,0.975070601432,0.767857142857,39,39,39,28
6.41,0.855609559834,0.857453401168,0.975070601432,0.767857142857,39,39,39,28
6.42,0.856024400825,0.857777216826,0.975070601432,0.767857142857,39,39,39,28
6.43,0.856720792721,0.85845677004,0.975070601432,0.767857142857,39,39,39,28
6.44,0.857312741272,0.858925499041,0.975070601432,0.767857142857,39,39,39,28
6.45,0.857415305375,0.859006385557,0.975070601432,0.767857142857,39,39,39,28
6.46,0.858247888314,0.859968325697,0.975070601432,0.767857142857,39,39,39,28
6.47,0.858850545665,0.860645655867,0.975070601432,0.767857142857,39,39,39,28
6.48,0.859180025846,0.860905000334,0.975070601432,0.767857142857,39,39,39,28
6.49,0.859388492914,0.861068178516,0.975070601432,0.767857142857,39,39,39,28
6.5,0.859795617038,0.861461689321,0.975070601432,0.767857142857,39,39,39,28
6.51,0.860513057509,0.862013108713,0.975070601432,0.767857142857,39,39,39,28
6.52,0.861213521239,0.862564984354,0.975070601432,0.767857142857,39,39,39,28
6.53,0.861617583099,0.862876624863,0.975070601432,0.767857142857,39,39,39,28
6.54,0.862207867612,0.86341263906,0.975070601432,0.767857142857,39,39,39,28
6.55,0.862443111273,0.863668282084,0.975070601432,0.767857142857,39,39,39,28
6.56,0.86286267161,0.864162513668,0.975070601432,0.767857142857,39,39,39,28
6.57,0.863276695806,0.864567387476,0.975070601432,0.767857142857,39,39,39,28
6.58,0.863982494215,0.865199076396,0.975070601432,0.767857142857,39,39,39,28
6.59,0.864287609791,0.865433191357,0.975070601432,0.767857142857,39,39,39,28
6.6,0.864780711579,0.865887946018,0.975070601432,0.767857142857,39,39,39,28
6.61,0.865373708848,0.866411329914,0.975070601432,0.767857142857,39,39,39,28
6.62,0.865674110522,0.86672074023,0.975070601432,0.767857142857,39,39,39,28
6.63,0.866117004457,0.867063127723,0.975070601432,0.767857142857,39,39,39,28
6.64,0.866848452741,0.867877044529,0.975583421945,0.767857142857,39,39,39,28
6.65,0.867264622529,0.868290755159,0.975583421945,0.767857142857,39,39,39,28
6.66,0.867562749331,0.86851743853,0.975583421945,0.767857142857,39,39,39,28
6.67,0.867966770783,0.868911257622,0.975583421945,0.767857142857,39,39,39,28
6.68,0.868675683549,0.869527894851,0.975583421945,0.767857142857,39,39,39,28
6.69,0.869064340137,0.869830356579,0.975583421945,0.767857142857,39,39,39,28
6.7,0.869693289159,0.870576593316,0.975583421945,0.767857142857,39,39,39,28
6.71,0.869795853262,0.870655488779,0.975583421945,0.767857142857,39,39,39,28
6.72,0.870207083883,0.870970235899,0.975583421945,0.767857142857,39,39,39,28
6.73,0.870808772034,0.871604729546,0.975583421945,0.767857142857,39,39,39,28
6.74,0.871112150104,0.87184389374,0.975583421945,0.767857142857,39,39,39,28
6.75,0.871619672736,0.87230618862,0.975583421945,0.767857142857,39,39,39,28
6.76,0.872337228487,0.873033894789,0.976117609979,0.767857142857,39,39,39,28
6.77,0.872786809592,0.873481955473,0.976117609979,0.767857142857,39,39,39,28
6.78,0.873078140718,0.873709291407,0.976117609979,0.767857142857,39,39,39,28
6.79,0.873581523828,0.874175698279,0.976117609979,0.767857142857,39,39,39,28
6.8,0.874085678883,0.874646878637,0.976640896217,0.767857142857,39,39,39,28
6.81,0.87439255719,0.874884580016,0.976640896217,0.767857142857,39,39,39,28
6.82,0.875094678655,0.875423722252,0.976640896217,0.767857142857,39,39,39,28
6.83,0.875493089669,0.875813994235,0.976640896217,0.767857142857,39,39,39,28
6.84,0.876145711381,0.876418700366,0.976640896217,0.767857142857,39,39,39,28
6.85,0.87624471148,0.876496636614,0.976640896217,0.767857142857,39,39,39,28
6.86,0.87663121251,0.87686484038,0.976640896217,0.767857142857,39,39,39,28
6.87,0.87705201423,0.877198108752,0.976640896217,0.767857142857,39,39,39,28
6.88,0.877656201537,0.877664419242,0.976640896217,0.767857142857,39,39,39,28
6.89,0.87827024513,0.878217032737,0.976640896217,0.767857142857,39,39,39,28
6.9,0.87877893601,0.878854598459,0.976640896217,0.767857142857,39,39,39,28
6.91,0.879171938474,0.879388176196,0.976640896217,0.767857142857,39,39,39,28
6.92,0.879514466761,0.879657211011,0.976640896217,0.767857142857,39,39,39,28
6.93,0.87992361412,0.880048629148,0.976640896217,0.767857142857,39,39,39,28
6.94,0.88063557335,0.880678914027,0.976640896217,0.767857142857,39,39,39,28
6.95,0.880815951961,0.88081999284,0.976640896217,0.767857142857,39,39,39,28
6.96,0.881021093295,0.880974061074,0.976640896217,0.767857142857,39,39,39,28
6.97,0.881716401967,0.881507976209,0.976640896217,0.767857142857,39,39,39,28
6.98,0.882128595589,0.88190895936,0.976640896217,0.767857142857,39,39,39,28
6.99,0.883079231263,0.882660746336,0.976640896217,0.767857142857,39,39,39,28
7,0.883289079992,0.882825111885,0.976640896217,0.767857142857,39,39,39,28
7.01,0.883391235473,0.882899649751,0.976640896217,0.767857142857,39,39,39,28
7.02,0.883994964821,0.88366163424,0.977198309817,0.767857142857,39,39,39,28
7.03,0.884516934731,0.88407143421,0.977198309817,0.767857142857,39,39,39,28
7.04,0.885298724588,0.884750856177,0.977198309817,0.767857142857,39,39,39,28
7.05,0.885506374861,0.885069528836,0.977198309817,0.767857142857,39,39,39,28
7.06,0.88604254185,0.885485679925,0.977198309817,0.767857142857,39,39,39,28
7.07,0.886236836648,0.885635424179,0.977198309817,0.767857142857,39,39,39,28
7.08,0.88685535395,0.886210392836,0.977198309817,0.767857142857,39,39,39,28
7.09,0.887170215315,0.886459041104,0.977198309817,0.767857142857,39,39,39,28
7.1,0.887567581397,0.886759433074,0.977198309817,0.767857142857,39,39,39,28
7.11,0.888266509996,0.887514387262,0.977721596055,0.767857142857,39,39,39,28
7.12,0.888453321826,0.887662765889,0.977721596055,0.767857142857,39,39,39,28
7.13,0.889324279975,0.888515959793,0.977721596055,0.767857142857,39,39,39,28
7.14,0.889827199101,0.889061930193,0.977721596055,0.767857142857,39,39,39,28
7.15,0.890126580069,0.889301490723,0.977721596055,0.767857142857,39,39,39,28
7.16,0.890532633845,0.889621658427,0.977721596055,0.767857142857,39,39,39,28
7.17,0.890727764827,0.889773181377,0.977721596055,0.767857142857,39,39,39,28
7.18,0.891629317176,0.890623688648,0.977721596055,0.767857142857,39,39,39,28
7.19,0.891837461575,0.890870043601,0.977721596055,0.767857142857,39,39,39,28
7.2,0.891837461575,0.890870043601,0.977721596055,0.767857142857,39,39,39,28
7.21,0.892230647329,0.89125665402,0.977721596055,0.767857142857,39,39,39,28
7.22,0.892762790716,0.891834329628,0.977721596055,0.767857142857,39,39,39,28
7.23,0.89306289396,0.892153438379,0.977721596055,0.767857142857,39,39,39,28
7.24,0.893979780137,0.893355720733,0.977721596055,0.785714285714,39,39,39,28
7.25,0.894771738209,0.894044905922,0.977721596055,0.785714285714,39,39,39,28
7.26,0.895273574469,0.894565562165,0.977721596055,0.785714285714,39,39,39,28
7.27,0.89537866064,0.894733150568,0.977721596055,0.785714285714,39,39,39,28
7.28,0.89582323985,0.89518056742,0.977721596055,0.785714285714,39,39,39,28
7.29,0.895925803952,0.895261967502,0.977721596055,0.785714285714,39,39,39,28
7.3,0.896419771719,0.895647859472,0.977721596055,0.785714285714,39,39,39,28
7.31,0.896419771719,0.895647859472,0.977721596055,0.785714285714,39,39,39,28
7.32,0.897122876782,0.896188078368,0.977721596055,0.785714285714,39,39,39,28
7.33,0.897631177301,0.896667500505,0.977721596055,0.785714285714,39,39,39,28
7.34,0.89834285559,0.89738990457,0.977721596055,0.785714285714,39,39,39,28
7.35,0.899043658535,0.898139073052,0.977721596055,0.785714285714,39,39,39,28
7.36,0.89926193722,0.898383197399,0.977721596055,0.785714285714,39,39,39,28
7.37,0.89957296839,0.898872353925,0.977721596055,0.785714285714,39,39,39,28
7.38,0.899966627932,0.899323183152,0.977721596055,0.785714285714,39,39,39,28
7.39,0.90036090815,0.899628765568,0.977721596055,0.785714285714,39,39,39,28
7.4,0.900763962255,0.899943359171,0.977721596055,0.785714285714,39,39,39,28
7.41,0.900977188648,0.900191802967,0.977721596055,0.785714285714,39,39,39,28
7.42,0.90150786539,0.900866538871,0.978234416568,0.785714285714,39,39,39,28
7.43,0.902010524037,0.901321351177,0.978804217138,0.785714285714,39,39,39,28
7.44,0.902316364717,0.901562778996,0.978804217138,0.785714285714,39,39,39,28
7.45,0.902621206031,0.90179919835,0.978804217138,0.785714285714,39,39,39,28
7.46,0.903422527289,0.90242053165,0.978804217138,0.785714285714,39,39,39,28
7.47,0.904026553863,0.902884367213,0.978804217138,0.785714285714,39,39,39,28
7.48,0.904331080066,0.903278108184,0.979349770875,0.785714285714,39,39,39,28
7.49,0.904745985872,0.90367986611,0.979349770875,0.785714285714,39,39,39,28
7.5,0.905170692733,0.904097574194,0.979349770875,0.785714285714,39,39,39,28
7.51,0.905669161048,0.904482264168,0.979349770875,0.785714285714,39,39,39,28
7.52,0.905669161048,0.904482264168,0.979349770875,0.785714285714,39,39,39,28
7.53,0.906269235419,0.905103767331,0.979349770875,0.785714285714,39,39,39,28
7.54,0.906858794823,0.905718191881,0.979349770875,0.785714285714,39,39,39,28
7.55,0.906963880994,0.905874064378,0.979349770875,0.785714285714,39,39,39,28
7.56,0.907560080141,0.906495011967,0.979349770875,0.785714285714,39,39,39,28
7.57,0.908000274979,0.906926321061,0.979349770875,0.785714285714,39,39,39,28
7.58,0.908434573632,0.907343403914,0.979349770875,0.785714285714,39,39,39,28
7.59,0.908834182495,0.907653380998,0.979349770875,0.785714285714,39,39,39,28
7.6,0.90923811019,0.907966871867,0.979349770875,0.785714285714,39,39,39,28
7.61,0.909639029039,0.908356006202,0.979349770875,0.785714285714,39,39,39,28
7.62,0.91024133047,0.908896490662,0.979349770875,0.785714285714,39,39,39,28
7.63,0.910756660749,0.909463439088,0.979349770875,0.785714285714,39,39,39,28
7.64,0.911050879829,0.909769615087,0.979873057112,0.785714285714,39,39,39,28
7.65,0.911155537077,0.909853409288,0.979873057112,0.785714285714,39,39,39,28
7.66,0.911358346996,0.910010241,0.979873057112,0.785714285714,39,39,39,28
7.67,0.911966025482,0.91046851076,0.979873057112,0.785714285714,39,39,39,28
7.68,0.912451545434,0.911059822574,0.980385877625,0.785714285714,39,39,39,28
7.69,0.913286580961,0.911797406767,0.980385877625,0.785714285714,39,39,39,28
7.7,0.913588211765,0.912031295757,0.980385877625,0.785714285714,39,39,39,28
7.71,0.914131033155,0.912531882895,0.980385877625,0.785714285714,39,39,39,28
7.72,0.914131033155,0.912531882895,0.980385877625,0.785714285714,39,39,39,28
7.73,0.914731118948,0.913311531362,0.980385877625,0.785714285714,39,39,39,28
7.74,0.914932534783,0.913468259022,0.980385877625,0.785714285714,39,39,39,28
7.75,0.915343916471,0.913863554533,0.980385877625,0.785714285714,39,39,39,28
7.76,0.915751854516,0.914174632445,0.980385877625,0.785714285714,39,39,39,28
7.77,0.916356244365,0.91471627502,0.980385877625,0.785714285714,39,39,39,28
7.78,0.916751107571,0.915104530732,0.980385877625,0.785714285714,39,39,39,28
7.79,0.916751107571,0.915104530732,0.980385877625,0.785714285714,39,39,39,28
7.8,0.917485069415,0.915986843947,0.980385877625,0.785714285714,39,39,39,28
7.81,0.917888603889,0.916306555932,0.980385877625,0.785714285714,39,39,39,28
7.82,0.918182195055,0.916602568586,0.980385877625,0.785714285714,39,39,39,28
7.83,0.918981047665,0.917521414954,0.980385877625,0.785714285714,39,39,39,28
7.84,0.919507904296,0.9181001992,0.980385877625,0.785714285714,39,39,39,28
7.85,0.919706818364,0.918327448789,0.980385877625,0.785714285714,39,39,39,28
7.86,0.920134985953,0.918657920032,0.980385877625,0.785714285714,39,39,39,28
7.87,0.920233605283,0.918821238667,0.980385877625,0.785714285714,39,39,39,28
7.88,0.920646081622,0.919213179158,0.980385877625,0.785714285714,39,39,39,28
7.89,0.921036431376,0.919581809406,0.980385877625,0.785714285714,39,39,39,28
7.9,0.92153120842,0.920056147884,0.980385877625,0.785714285714,39,39,39,28
7.91,0.921953704291,0.920465370538,0.980385877625,0.785714285714,39,39,39,28
7.92,0.922272026166,0.920719538883,0.980385877625,0.785714285714,39,39,39,28
7.93,0.922994672928,0.921443526484,0.980385877625,0.785714285714,39,39,39,28
7.94,0.923496892437,0.922157087347,0.980385877625,0.785714285714,39,39,39,28
7.95,0.923698413066,0.922307695752,0.980385877625,0.785714285714,39,39,39,28
7.96,0.924302041622,0.92285321082,0.980385877625,0.785714285714,39,39,39,28
7.97,0.92460155805,0.923230944429,0.980385877625,0.785714285714,39,39,39,28
7.98,0.924900080265,0.923461120833,0.980385877625,0.785714285714,39,39,39,28
7.99,0.925290091674,0.923834815364,0.980385877625,0.785714285714,39,39,39,28
8,0.925622962403,0.924090997095,0.980385877625,0.785714285714,39,39,39,28
8.01,0.925622962403,0.924090997095,0.980385877625,0.785714285714,39,39,39,28
8.02,0.926341225021,0.924721046573,0.980385877625,0.785714285714,39,39,39,28
8.03,0.927043678635,0.925341918368,0.980385877625,0.785714285714,39,39,39,28
8.04,0.92735448641,0.925585810252,0.980385877625,0.785714285714,39,39,39,28
8.05,0.927967804592,0.926390217184,0.980931431362,0.821428571429,39,39,39,28
8.06,0.928275894798,0.926627015009,0.980931431362,0.821428571429,39,39,39,28
8.07,0.928571356803,0.926862138104,0.980931431362,0.821428571429,39,39,39,28
8.08,0.928669976133,0.927013412592,0.980931431362,0.821428571429,39,39,39,28
8.09,0.92896923195,0.92732532429,0.980931431362,0.821428571429,39,39,39,28
8.1,0.929592697869,0.92796183814,0.981501231932,0.821428571429,39,39,39,28
8.11,0.930083293439,0.928413252357,0.981501231932,0.821428571429,39,39,39,28
8.12,0.93058303706,0.928957683145,0.981501231932,0.821428571429,39,39,39,28
8.13,0.93109085324,0.92942319213,0.981501231932,0.821428571429,39,39,39,28
8.14,0.931189472569,0.929504851448,0.981501231932,0.821428571429,39,39,39,28
8.15,0.931399648441,0.929757343909,0.981501231932,0.821428571429,39,39,39,28
8.16,0.931798107002,0.930159881002,0.981501231932,0.821428571429,39,39,39,28
8.17,0.93219255162,0.930462335373,0.981501231932,0.821428571429,39,39,39,28
8.18,0.9325953495,0.930847029617,0.981501231932,0.821428571429,39,39,39,28
8.19,0.932896194357,0.931085997754,0.981501231932,0.821428571429,39,39,39,28
8.2,0.933504217334,0.931700548893,0.982024518169,0.821428571429,39,39,39,28
8.21,0.933717456612,0.93187120511,0.982024518169,0.821428571429,39,39,39,28
8.22,0.934125037272,0.932347551801,0.982024518169,0.821428571429,39,39,39,28
8.23,0.934423224851,0.932587743156,0.982024518169,0.821428571429,39,39,39,28
8.24,0.93462337467,0.932812276874,0.982024518169,0.821428571429,39,39,39,28
8.25,0.935324570664,0.933519583227,0.98258193177,0.821428571429,39,39,39,28
8.26,0.935711882069,0.933884916886,0.98258193177,0.821428571429,39,39,39,28
8.27,0.936238967374,0.934289927574,0.98258193177,0.821428571429,39,39,39,28
8.28,0.936546330756,0.934849654542,0.983127485507,0.839285714286,39,39,39,28
8.29,0.936749140675,0.935086358751,0.983127485507,0.839285714286,39,39,39,28
8.3,0.937186718967,0.935525129846,0.98364030602,0.839285714286,39,39,39,28
8.31,0.937801061034,0.936239150395,0.98364030602,0.839285714286,39,39,39,28
8.32,0.938201292057,0.936641287687,0.98364030602,0.839285714286,39,39,39,28
8.33,0.938881208571,0.937471024686,0.98364030602,0.839285714286,39,39,39,28
8.34,0.939087163906,0.937630564655,0.98364030602,0.839285714286,39,39,39,28
8.35,0.93940126126,0.937960946749,0.98364030602,0.839285714286,39,39,39,28
8.36,0.93949988059,0.938036583993,0.98364030602,0.839285714286,39,39,39,28
8.37,0.939596639177,0.938114757852,0.98364030602,0.839285714286,39,39,39,28
8.38,0.94010429041,0.938592890166,0.98364030602,0.839285714286,39,39,39,28
8.39,0.940396644391,0.938895370634,0.98364030602,0.839285714286,39,39,39,28
8.4,0.94060305174,0.939054579616,0.98364030602,0.839285714286,39,39,39,28
8.41,0.941303006734,0.939837421373,0.98364030602,0.839285714286,39,39,39,28
8.42,0.941907895062,0.940386900286,0.98364030602,0.839285714286,39,39,39,28
8.43,0.942417398799,0.941088109217,0.984133402667,0.85119047619,39,39,39,28
8.44,0.942731004485,0.941407732407,0.984133402667,0.85119047619,39,39,39,28
8.45,0.94323331686,0.942053447975,0.984133402667,0.863095238095,39,39,39,28
8.46,0.943425826815,0.942199350238,0.984133402667,0.863095238095,39,39,39,28
8.47,0.943743105598,0.942443003886,0.984133402667,0.863095238095,39,39,39,28
8.48,0.943945915518,0.942833690431,0.984133402667,0.863095238095,39,39,39,28
8.49,0.944247546322,0.94322790451,0.984678956404,0.863095238095,39,39,39,28
8.5,0.944558107525,0.943478828114,0.984678956404,0.863095238095,39,39,39,28
8.51,0.94495716306,0.943866343435,0.984678956404,0.863095238095,39,39,39,28
8.52,0.945791642964,0.94460807385,0.984678956404,0.863095238095,39,39,39,28
8.53,0.946196011238,0.945013255779,0.984678956404,0.863095238095,39,39,39,28
8.54,0.946590711845,0.94539282466,0.984678956404,0.863095238095,39,39,39,28
8.55,0.946991264816,0.945861443571,0.984678956404,0.863095238095,39,39,39,28
8.56,0.947503883653,0.946494930366,0.984678956404,0.875,39,39,39,28
8.57,0.947703368942,0.946648421357,0.984678956404,0.875,39,39,39,28
8.58,0.947808887566,0.946732215558,0.984678956404,0.875,39,39,39,28
8.59,0.948198217352,0.947040543731,0.984678956404,0.875,39,39,39,28
8.6,0.948593963999,0.947341775266,0.984678956404,0.875,39,39,39,28
8.61,0.948809983967,0.947595911956,0.984678956404,0.875,39,39,39,28
8.62,0.949416226573,0.948228655768,0.984678956404,0.875,39,39,39,28
8.63,0.950032579206,0.948878142432,0.984678956404,0.875,39,39,39,28
8.64,0.950139863832,0.948963612518,0.984678956404,0.875,39,39,39,28
8.65,0.950938897437,0.949815416263,0.984678956404,0.875,39,39,39,28
8.66,0.95114527136,0.950052591171,0.984678956404,0.875,39,39,39,28
8.67,0.951336298424,0.950197884759,0.984678956404,0.875,39,39,39,28
8.68,0.951626120717,0.950511759487,0.984678956404,0.875,39,39,39,28
8.69,0.951944246928,0.950758887185,0.984678956404,0.875,39,39,39,28
8.7,0.952143936128,0.951063507157,0.984678956404,0.875,39,39,39,28
8.71,0.952759004947,0.951617533234,0.984678956404,0.875,39,39,39,28
8.72,0.953262539853,0.952007207845,0.984678956404,0.875,39,39,39,28
8.73,0.95365964457,0.952318536713,0.984678956404,0.875,39,39,39,28
8.74,0.954068086607,0.952868415392,0.984678956404,0.875,39,39,39,28
8.75,0.954396322394,0.953200423867,0.984678956404,0.875,39,39,39,28
8.76,0.954887979111,0.95366644562,0.985202242642,0.875,39,39,39,28
8.77,0.955194220861,0.953976315628,0.985736430676,0.875,39,39,39,28
8.78,0.955710856189,0.95445357372,0.985736430676,0.875,39,39,39,28
8.79,0.955920704917,0.954619930322,0.985736430676,0.875,39,39,39,28
8.8,0.956017463505,0.95469810418,0.985736430676,0.875,39,39,39,28
8.81,0.956411908123,0.955081445068,0.985736430676,0.875,39,39,39,28
8.82,0.956914644372,0.955552786089,0.985736430676,0.875,39,39,39,28
8.83,0.957212804757,0.955859713916,0.985736430676,0.875,39,39,39,28
8.84,0.957731337418,0.956426788695,0.985736430676,0.875,39,39,39,28
8.85,0.958321612457,0.9571048509,0.986306231246,0.875,39,39,39,28
8.86,0.95863353843,0.957425488579,0.986306231246,0.875,39,39,39,28
8.87,0.958938764086,0.95782209298,0.986306231246,0.875,39,39,39,28
8.88,0.959435607002,0.958284985179,0.986306231246,0.875,39,39,39,28
8.89,0.959529875479,0.958358455166,0.986306231246,0.875,39,39,39,28
8.9,0.959632439581,0.95843735063,0.986306231246,0.875,39,39,39,28
8.91,0.960043527973,0.958754257618,0.986306231246,0.875,39,39,39,28
8.92,0.960648315665,0.95944663759,0.986306231246,0.875,39,39,39,28
8.93,0.961060593543,0.959850198643,0.986306231246,0.875,39,39,39,28
8.94,0.961453189429,0.960164310799,0.986306231246,0.875,39,39,39,28
8.95,0.961767213703,0.960403391643,0.986306231246,0.875,39,39,39,28
8.96,0.962061814896,0.960720776757,0.986306231246,0.875,39,39,39,28
8.97,0.962471313457,0.961047425535,0.986306231246,0.875,39,39,39,28
8.98,0.962771832146,0.961347212012,0.986306231246,0.875,39,39,39,28
8.99,0.962972767064,0.961497530945,0.986306231246,0.875,39,39,39,28
9,0.963585700168,0.962274544847,0.986829517483,0.875,39,39,39,28
9.01,0.963685470695,0.962424932094,0.986829517483,0.875,39,39,39,28
9.02,0.964183996502,0.962894297601,0.986829517483,0.875,39,39,39,28
9.03,0.964581458289,0.963298452622,0.986829517483,0.875,39,39,39,28
9.04,0.965084862784,0.964081910939,0.98737507122,0.892857142857,39,39,39,28
9.05,0.965377998072,0.964311353388,0.98737507122,0.892857142857,39,39,39,28
9.06,0.965689876669,0.964560938164,0.98737507122,0.892857142857,39,39,39,28
9.07,0.96579203215,0.96463547603,0.98737507122,0.892857142857,39,39,39,28
9.08,0.965899316776,0.964720946115,0.98737507122,0.892857142857,39,39,39,28
9.09,0.966395972003,0.965174295939,0.987887891733,0.892857142857,39,39,39,28
9.1,0.966695529632,0.965406753752,0.987887891733,0.892857142857,39,39,39,28
9.11,0.967090478832,0.965782760449,0.98843344547,0.892857142857,39,39,39,28
9.12,0.967499178416,0.966105030448,0.98843344547,0.892857142857,39,39,39,28
9.13,0.967807143629,0.966349756549,0.98843344547,0.892857142857,39,39,39,28
9.14,0.968528287785,0.966896587243,0.98843344547,0.892857142857,39,39,39,28
9.15,0.968939580815,0.967378311192,0.98843344547,0.892857142857,39,39,39,28
9.16,0.969252705131,0.967627641608,0.98843344547,0.892857142857,39,39,39,28
9.17,0.969445973706,0.967778111672,0.98843344547,0.892857142857,39,39,39,28
9.18,0.969736160014,0.968080257847,0.98843344547,0.892857142857,39,39,39,28
9.19,0.969839969835,0.968397793768,0.988956731708,0.910714285714,39,39,39,28
9.2,0.970120215623,0.968613568228,0.988956731708,0.910714285714,39,39,39,28
9.21,0.970454511067,0.969264117773,0.989469552221,0.910714285714,39,39,39,28
9.22,0.970868709914,0.969668369857,0.989469552221,0.910714285714,39,39,39,28
9.23,0.97137188724,0.970221618906,0.989469552221,0.910714285714,39,39,39,28
9.24,0.971777629675,0.970540656127,0.989469552221,0.910714285714,39,39,39,28
9.25,0.972186693225,0.971020903526,0.989469552221,0.910714285714,39,39,39,28
9.26,0.972600288498,0.971506262905,0.989469552221,0.910714285714,39,39,39,28
9.27,0.972899658029,0.971813187426,0.989469552221,0.910714285714,39,39,39,28
9.28,0.973280040854,0.972179547532,0.989469552221,0.910714285714,39,39,39,28
9.29,0.973587518356,0.972490137387,0.989469552221,0.910714285714,39,39,39,28
9.3,0.973686137685,0.972653456021,0.989469552221,0.910714285714,39,39,39,28
9.31,0.974167439136,0.973026839958,0.989469552221,0.910714285714,39,39,39,28
9.32,0.974167439136,0.973026839958,0.989469552221,0.910714285714,39,39,39,28
9.33,0.974580095844,0.97343512357,0.989469552221,0.910714285714,39,39,39,28
9.34,0.974685182014,0.973602711973,0.989469552221,0.910714285714,39,39,39,28
9.35,0.975103434612,0.974013133272,0.989469552221,0.910714285714,39,39,39,28
9.36,0.975617006819,0.974489494759,0.990003740255,0.910714285714,39,39,39,28
9.37,0.976236958803,0.975140230679,0.990516560768,0.910714285714,39,39,39,28
9.38,0.97653452297,0.975435205621,0.99102938128,0.910714285714,39,39,39,28
9.39,0.976727410776,0.975590334926,0.99102938128,0.910714285714,39,39,39,28
9.4,0.977026979283,0.976061090716,0.99102938128,0.928571428571,39,39,39,28
9.41,0.977229678304,0.976291798863,0.991552667518,0.928571428571,39,39,39,28
9.42,0.977429000994,0.976515135522,0.992036460455,0.928571428571,39,39,39,28
9.43,0.977833222824,0.976893225615,0.992036460455,0.928571428571,39,39,39,28
9.44,0.978337595695,0.977365960462,0.992036460455,0.928571428571,39,39,39,28
9.45,0.978542990091,0.977529366796,0.992036460455,0.928571428571,39,39,39,28
9.46,0.979345163953,0.978698005245,0.993644911408,0.928571428571,39,39,39,28
9.47,0.979449821201,0.978867813362,0.993644911408,0.928571428571,39,39,39,28
9.48,0.979851573041,0.979271078857,0.993644911408,0.928571428571,39,39,39,28
9.49,0.979851573041,0.979271078857,0.993644911408,0.928571428571,39,39,39,28
9.5,0.980367508801,0.979907123856,0.993644911408,0.928571428571,39,39,39,28
9.51,0.980571021823,0.980067888957,0.993644911408,0.928571428571,39,39,39,28
9.52,0.980969602974,0.980518470482,0.993644911408,0.928571428571,39,39,39,28
9.53,0.981363906615,0.980825613196,0.993644911408,0.928571428571,39,39,39,28
9.54,0.981568861365,0.980988735575,0.993644911408,0.928571428571,39,39,39,28
9.55,0.981667480694,0.981064372819,0.993644911408,0.928571428571,39,39,39,28
9.56,0.982080328533,0.98153538483,0.993644911408,0.928571428571,39,39,39,28
9.57,0.982688611628,0.982021343157,0.993644911408,0.928571428571,39,39,39,28
9.58,0.983102848425,0.982494568474,0.993644911408,0.928571428571,39,39,39,28
9.59,0.983293224259,0.982716853311,0.993644911408,0.928571428571,39,39,39,28
9.6,0.983585732307,0.983019423836,0.993644911408,0.928571428571,39,39,39,28
9.61,0.983686681227,0.983179181005,0.993644911408,0.928571428571,39,39,39,28
9.62,0.983993383283,0.983504318324,0.993644911408,0.928571428571,39,39,39,28
9.63,0.98449784243,0.983894567532,0.993644911408,0.928571428571,39,39,39,28
9.64,0.985101178617,0.984513050073,0.993644911408,0.928571428571,39,39,39,28
9.65,0.985204988438,0.984592434053,0.993644911408,0.928571428571,39,39,39,28
9.66,0.985506760652,0.984837737314,0.993644911408,0.928571428571,39,39,39,28
9.67,0.986008603496,0.985456501229,0.993644911408,0.946428571429,39,39,39,28
9.68,0.98631728388,0.985698832178,0.993644911408,0.946428571429,39,39,39,28
9.69,0.986725869071,0.986096455038,0.993644911408,0.946428571429,39,39,39,28
9.7,0.986828433174,0.986177855119,0.993644911408,0.946428571429,39,39,39,28
9.71,0.987021948973,0.986328370138,0.993644911408,0.946428571429,39,39,39,28
9.72,0.987531426702,0.986804239205,0.993644911408,0.946428571429,39,39,39,28
9.73,0.987925940489,0.987113008492,0.993644911408,0.946428571429,39,39,39,28
9.74,0.988319680792,0.987421063541,0.993644911408,0.946428571429,39,39,39,28
9.75,0.988714725791,0.987806244804,0.993644911408,0.946428571429,39,39,39,28
9.76,0.989025163302,0.988134478662,0.993644911408,0.946428571429,39,39,39,28
9.77,0.989129820549,0.988219382721,0.993644911408,0.946428571429,39,39,39,28
9.78,0.98933215518,0.988376809612,0.993644911408,0.946428571429,39,39,39,28
9.79,0.989640835564,0.988692987434,0.993644911408,0.946428571429,39,39,39,28
9.8,0.98996191107,0.989020260813,0.993644911408,0.946428571429,39,39,39,28
9.81,0.99037059743,0.989337879053,0.993644911408,0.946428571429,39,39,39,28
9.82,0.990773154585,0.989643271833,0.993644911408,0.946428571429,39,39,39,28
9.83,0.990965588641,0.989795552702,0.993644911408,0.946428571429,39,39,39,28
9.84,0.991255016328,0.990174372323,0.993644911408,0.946428571429,39,39,39,28
9.85,0.991569053706,0.990501143583,0.993644911408,0.946428571429,39,39,39,28
9.86,0.991667673035,0.990815757394,0.994202325009,0.982142857143,39,39,39,28
9.87,0.992478328018,0.9919386603,0.995248897485,1,39,39,39,28
9.88,0.992676406315,0.992164495738,0.995248897485,1,39,39,39,28
9.89,0.992980220056,0.992470153401,0.995761717997,1,39,39,39,28
9.9,0.993286421208,0.992709608322,0.995761717997,1,39,39,39,28
9.91,0.993895066226,0.993347413353,0.995761717997,1,39,39,39,28
9.92,0.994096249658,0.993661488003,0.996307271734,1,39,39,39,28
9.93,0.994194868987,0.99374314732,0.996307271734,1,39,39,39,28
9.94,0.994194868987,0.99374314732,0.996307271734,1,39,39,39,28
9.95,0.994598672464,0.994056381043,0.996307271734,1,39,39,39,28
9.96,0.994797995153,0.994360604218,0.996791064671,1,39,39,39,28
9.97,0.995411851785,0.994992275655,0.997314350909,1,39,39,39,28
9.98,0.995612221216,0.995224997342,0.997314350909,1,39,39,39,28
9.99,0.995810221414,0.995379933667,0.997314350909,1,39,39,39,28
10,1,1,1,1,39,39,39,28
