time_s,accepted_steps,residual_evaluations,error_test_failures
0,0,0,0
0.01,361,582,17
0.02,675,1096,21
0.03,933,1554,39
0.04,1255,2059,52
0.05,1649,2713,75
0.06,1950,3290,101
0.07,2156,3668,110
0.08,2515,4296,146
0.09,2817,4801,165
0.1,3171,5411,192
0.11,3544,6053,225
0.12,3828,6517,241
0.13,4210,7192,259
0.14,4539,7813,295
0.15,4890,8410,319
0.16,5293,9053,346
0.17,5532,9462,361
0.18,5878,10054,387
0.19,6185,10588,405
0.2,6545,11199,422
0.21,6837,11676,442
0.22,7055,12051,458
0.23,7382,12604,472
0.24,7702,13143,494
0.25,8000,13617,508
0.26,8328,14163,520
0.27,8680,14784,536
0.28,8977,15258,553
0.29,9306,15800,566
0.3,9635,16325,570
0.31,9998,16945,588
0.32,10265,17445,609
0.33,10622,18018,635
0.34,10915,18485,654
0.35,11218,19030,679
0.36,11568,19601,700
0.37,11888,20166,730
0.38,12176,20652,748
0.39,12488,21159,774
0.4,12786,21663,799
0.41,13136,22231,822
0.42,13449,22813,840
0.43,13800,23444,869
0.44,14110,23952,881
0.45,14403,24457,899
0.46,14796,25081,918
0.47,15118,25653,949
0.48,15459,26206,961
0.49,15845,26914,987
0.5,16146,27426,1008
0.51,16476,27970,1033
0.52,16754,28481,1056
0.53,17078,29062,1077
0.54,17473,29721,1109
0.55,17792,30277,1129
0.56,18152,30889,1157
0.57,18462,31393,1166
0.58,18810,31945,1183
0.59,19104,32458,1194
0.6,19381,32942,1213
0.61,19768,33609,1240
0.62,20103,34163,1247
0.63,20421,34748,1287
0.64,20696,35241,1320
0.65,21050,35871,1336
0.66,21404,36487,1356
0.67,21707,36992,1378
0.68,22124,37605,1395
0.69,22445,38143,1411
0.7,22857,38923,1435
0.71,23177,39443,1445
0.72,23397,39846,1460
0.73,23737,40484,1486
0.74,24129,41175,1516
0.75,24415,41651,1521
0.76,24628,42032,1539
0.77,24894,42486,1555
0.78,25275,43076,1573
0.79,25531,43541,1587
0.8,25893,44219,1605
0.81,26172,44668,1617
0.82,26521,45201,1635
0.83,26896,45860,1672
0.84,27237,46444,1690
0.85,27528,46960,1705
0.86,27921,47620,1726
0.87,28190,48072,1739
0.88,28494,48639,1762
0.89,28810,49198,1783
0.9,29161,49792,1815
0.91,29466,50304,1828
0.92,29769,50830,1836
0.93,30142,51429,1848
0.94,30465,51972,1864
0.95,30842,52572,1892
0.96,31089,52998,1909
0.97,31411,53494,1922
0.98,31741,54026,1943
0.99,32037,54543,1957
1,32398,55125,1974
1.01,32811,55778,2004
1.02,33107,56339,2023
1.03,33487,57009,2060
1.04,33814,57589,2076
1.05,34048,58035,2092
1.06,34355,58594,2113
1.07,34680,59114,2125
1.08,35051,59717,2142
1.09,35425,60395,2158
1.1,35713,60890,2171
1.11,36022,61390,2182
1.12,36379,62043,2213
1.13,36711,62599,2224
1.14,36968,63043,2244
1.15,37314,63608,2273
1.16,37668,64235,2301
1.17,38087,64900,2319
1.18,38435,65486,2341
1.19,38732,66041,2363
1.2,39068,66624,2374
1.21,39446,67199,2387
1.22,39762,67741,2400
1.23,40012,68164,2420
1.24,40378,68767,2438
1.25,40683,69267,2461
1.26,40963,69729,2487
1.27,41322,70387,2499
1.28,41640,70907,2516
1.29,41983,71509,2536
1.3,42378,72175,2568
1.31,42733,72811,2587
1.32,42970,73221,2601
1.33,43245,73701,2630
1.34,43584,74235,2646
1.35,43964,74911,2677
1.36,44308,75506,2697
1.37,44592,75990,2708
1.38,44862,76480,2729
1.39,45243,77140,2766
1.4,45566,77718,2794
1.41,45930,78316,2815
1.42,46189,78790,2835
1.43,46525,79375,2867
1.44,46856,79918,2883
1.45,47147,80399,2898
1.46,47510,81038,2929
1.47,47822,81583,2951
1.48,48085,82016,2965
1.49,48377,82513,2983
1.5,48748,83135,3008
1.51,49042,83611,3026
1.52,49281,84032,3038
1.53,49595,84562,3053
1.54,49944,85159,3081
1.55,50299,85799,3110
1.56,50601,86359,3141
1.57,51029,87071,3156
1.58,51361,87609,3173
1.59,51766,88293,3197
1.6,52069,88843,3214
1.61,52378,89393,3246
1.62,52687,89949,3283
1.63,53004,90548,3323
1.64,53394,91206,3346
1.65,53716,91749,3363
1.66,54103,92371,3386
1.67,54464,92967,3400
1.68,54764,93465,3412
1.69,55114,94059,3430
1.7,55388,94496,3448
1.71,55678,95004,3465
1.72,55941,95456,3475
1.73,56322,96046,3484
1.74,56631,96538,3498
1.75,56936,97098,3524
1.76,57253,97589,3539
1.77,57527,98045,3552
1.78,57839,98559,3580
1.79,58181,99158,3601
1.8,58547,99800,3629
1.81,58914,100459,3657
1.82,59295,101126,3685
1.83,59646,101713,3706
1.84,60062,102401,3743
1.85,60380,102913,3758
1.86,60716,103507,3770
1.87,60999,103968,3788
1.88,61336,104569,3811
1.89,61669,105174,3837
1.9,61956,105633,3853
1.91,62263,106157,3878
1.92,62555,106645,3895
1.93,62875,107222,3913
1.94,63215,107852,3933
1.95,63552,108454,3966
1.96,63932,109113,4000
1.97,64215,109576,4019
1.98,64614,110302,4068
1.99,64935,110816,4083
2,65297,111393,4099
2.01,65582,111870,4119
2.02,65957,112473,4135
2.03,66288,112997,4153
2.04,66616,113558,4176
2.05,66990,114147,4194
2.06,67237,114571,4207
2.07,67517,115083,4226
2.08,67899,115744,4241
2.09,68219,116367,4272
2.1,68519,116886,4278
2.11,68818,117342,4288
2.12,69109,117880,4308
2.13,69457,118436,4321
2.14,69748,118952,4342
2.15,70104,119560,4363
2.16,70425,120075,4389
2.17,70705,120535,4409
2.18,70995,121031,4436
2.19,71294,121532,4452
2.2,71629,122111,4474
2.21,71952,122649,4489
2.22,72300,123281,4521
2.23,72664,123928,4548
2.24,73024,124549,4569
2.25,73365,125127,4581
2.26,73677,125686,4609
2.27,74008,126249,4622
2.28,74323,126798,4637
2.29,74702,127476,4667
2.3,75006,128047,4693
2.31,75435,128792,4726
2.32,75741,129288,4736
2.33,76086,129901,4771
2.34,76393,130433,4785
2.35,76616,130820,4803
2.36,76903,131307,4819
2.37,77203,131814,4842
2.38,77501,132322,4861
2.39,77896,132973,4889
2.4,78147,133405,4901
2.41,78404,133832,4907
2.42,78723,134363,4925
2.43,79086,134966,4943
2.44,79445,135580,4960
2.45,79737,136065,4971
2.46,80107,136668,4998
2.47,80415,137229,5023
2.48,80736,137733,5037
2.49,81046,138235,5055
2.5,81381,138820,5072
2.51,81738,139416,5092
2.52,82033,139977,5123
2.53,82406,140620,5156
2.54,82777,141271,5173
2.55,83106,141781,5184
2.56,83426,142315,5205
2.57,83797,142942,5220
2.58,84183,143598,5248
2.59,84606,144335,5286
2.6,84949,144933,5314
2.61,85240,145436,5335
2.62,85578,146010,5354
2.63,85949,146634,5381
2.64,86279,147229,5388
2.65,86582,147716,5405
2.66,86937,148336,5414
2.67,87299,148981,5427
2.68,87580,149465,5450
2.69,87882,149987,5466
2.7,88201,150525,5494
2.71,88646,151269,5522
2.72,89002,151910,5556
2.73,89358,152496,5577
2.74,89682,153067,5598
2.75,90061,153688,5615
2.76,90426,154284,5641
2.77,90786,154956,5671
2.78,91167,155622,5702
2.79,91549,156249,5720
2.8,91884,156801,5743
2.81,92202,157341,5766
2.82,92539,157924,5785
2.83,92896,158567,5823
2.84,93201,159089,5836
2.85,93456,159562,5860
2.86,93751,160068,5877
2.87,94051,160558,5884
2.88,94372,161129,5907
2.89,94784,161863,5931
2.9,95155,162501,5964
2.91,95451,163019,5994
2.92,95756,163569,6012
2.93,96045,164051,6031
2.94,96357,164654,6059
2.95,96675,165171,6080
2.96,97034,165848,6112
2.97,97328,166340,6132
2.98,97597,166822,6154
2.99,97900,167329,6166
3,98255,167964,6189
