t,Bus_Bus_1_va,Bus_Bus_1_vb,Bus_Bus_1_vc,Bus_Bus_2_va,Bus_Bus_2_vb,Bus_Bus_2_vc,LineLumped_line_1_2_i12a,LineLumped_line_1_2_i12b,LineLumped_line_1_2_i12c
0.0000000000000000e+00,0.0000000000000000e+00,0.0000000000000000e+00,0.0000000000000000e+00,0.0000000000000000e+00,0.0000000000000000e+00,0.0000000000000000e+00,0.0000000000000000e+00,0.0000000000000000e+00,0.0000000000000000e+00
5.0000000000000001e-04,3.8362833022828656e+05,-1.5200659588493500e+05,-2.2607814936043165e+05,1.7506895985356561e+05,-7.7830979578657483e+04,-9.9879625434686939e+04,8.4740683477530933e+02,-3.9611559108958431e+02,-4.4057610039026292e+02
1.0000000000000000e-03,2.4039477233453494e+05,-5.0759965345704302e+04,-2.0698709031220819e+05,3.2821521309354424e+05,-1.1713394472907040e+05,-2.0410512565578913e+05,4.5645882984586848e+02,-6.0699075468907566e+01,-3.9420819355405860e+02
1.5000000000000000e-03,2.2698721669893878e+05,5.3819112011633888e+03,-2.0839064221381536e+05,3.0601787204053090e+05,-4.1764458122919408e+04,-2.6396244528352539e+05,6.3661148997522878e+02,-4.2187864507919976e+01,-5.9046399504606734e+02
2.0000000000000000e-03,2.8566439559754456e+05,3.3196060486558606e+04,-3.2813000867422234e+05,1.7873349652597416e+05,6.0139145324409663e+04,-2.4175689672552302e+05,2.8426870026399303e+02,2.3236960189243598e+02,-5.4322522402584286e+02
2.5000000000000001e-03,8.0915522661889365e+04,1.3466365497819849e+05,-2.3189247540978377e+05,2.0931180014839859e+05,7.7646217095803309e+04,-2.8606804237100121e+05,3.1036357498035568e+02,2.1174613061346582e+02,-5.1754992284801119e+02
3.0000000000000001e-03,1.9740838612895494e+05,1.3058716608751037e+05,-2.9298331004322571e+05,1.3806135691051689e+05,1.4369982474152130e+05,-2.8856890900227393e+05,3.3870523285403914e+02,3.0894160762732349e+02,-6.5921521240627919e+02
3.5000000000000001e-03,6.0600653322477381e+04,2.0591182804946593e+05,-3.0013675416550436e+05,9.3847242686180412e+04,1.7282091114127144e+05,-2.6664253609776607e+05,2.5259846590615226e+01,4.4893502645116337e+02,-4.9179970933535230e+02
4.0000000000000001e-03,2.3920391921171968e+03,2.2276502259655518e+05,-2.1342608091813696e+05,6.6332057955497177e+04,2.1741359003169931e+05,-2.8497317758397892e+05,1.2019769615924243e+02,4.3310864202646417e+02,-5.4399999757617866e+02
4.5000000000000005e-03,2.7085898711122285e+04,2.5972854215219090e+05,-2.7136491472605342e+05,-2.3088786892066946e+04,2.5172270831697527e+05,-2.3427022525279169e+05,-9.9499856241719712e+01,5.7137005216837440e+02,-4.9279793750530723e+02
5.0000000000000001e-03,-1.2823290075156878e+05,2.7540941344287567e+05,-1.7846025793703977e+05,-4.5138608546336225e+04,2.6191084979231487e+05,-2.1530834835275638e+05,-1.9673637712858445e+02,5.2619403594974779e+02,-3.2994244759895668e+02
5.4999999999999997e-03,-9.9356848684379074e+04,2.7390380603609065e+05,-1.4929185104957555e+05,-1.0788683320566145e+05,2.8737054085822485e+05,-1.8235525291090371e+05,-2.1216566408472528e+02,5.8270918411734090e+02,-3.6782793496771706e+02
6.0000000000000001e-03,-1.6815083289187975e+05,2.9552113346718223e+05,-1.3258477256571336e+05,-1.6074142966310232e+05,2.7574940797383431e+05,-1.1751847202122063e+05,-4.1022866605861589e+02,5.6494384043909884e+02,-1.6767629087505486e+02
6.5000000000000006e-03,-2.3700979840978794e+05,2.5140695086448774e+05,-2.9504032074516716e+04,-1.8469267703687941e+05,2.7724514460397570e+05,-9.0925846501976601e+04,-3.9886026312341897e+02,5.0989171857213898e+02,-1.0332648800198393e+02
7.0000000000000001e-03,-2.1153050031326842e+05,2.5905405968646446e+05,-2.7266940408660750e+04,-2.3682505831068303e+05,2.5623064203888222e+05,-2.1399742022449089e+04,-4.8749717175426770e+02,5.1215476860054741e+02,-2.3638160257859514e+01
7.4999999999999997e-03,-2.8409835015791643e+05,2.1664197306552916e+05,5.7120734343101707e+04,-2.5301844937283895e+05,2.2543186039889869e+05,2.7349346069424209e+04,-5.5397384830325052e+02,3.9040059282864274e+02,1.6145174159515904e+02
8.0000000000000002e-03,-2.7871074187783891e+05,1.6895466111531714e+05,1.0316905626469936e+05,-2.6963109483116644e+05,1.9906568822584642e+05,7.2838827117918874e+04,-5.2407337303410895e+02,3.5503315618914786e+02,1.7901863531234125e+02
8.5000000000000006e-03,-2.6819982765756146e+05,1.5085223681530100e+05,1.3269303697043122e+05,-2.8521302295721776e+05,1.4739655233074728e+05,1.3722331379955431e+05,-5.7576778115843592e+02,2.4450749992982770e+02,3.3675897366904633e+02
9.0000000000000011e-03,-2.9317222082009650e+05,7.4286232968687880e+04,2.0799808466975958e+05,-2.7313546665149566e+05,1.0714144356077489e+05,1.6741202302188153e+05,-5.3835601090154262e+02,1.3514065698180295e+02,4.0587115681155922e+02
9.4999999999999998e-03,-2.5022534569879537e+05,3.7800157262391564e+04,2.0905445874722360e+05,-2.6680182955377735e+05,5.3767580397185739e+04,2.1631149081458160e+05,-4.9295662254776749e+02,5.7202158865383957e+01,4.4941120688315601e+02
1.0000000000000000e-02,-2.3299562929815718e+05,-1.3727901828368802e+04,2.6157226165632426e+05,-2.4516693058148725e+05,-1.1282636840266978e+03,2.4637465880057757e+05,-4.6795709574656166e+02,-8.1922159519633169e+01,5.5698198932949094e+02
1.0500000000000001e-02,-2.1010872609733080e+05,-7.9452035677946784e+04,2.7468740530387551e+05,-2.1027723768849965e+05,-4.9882678129883898e+04,2.6321809994334122e+05,-3.7097479052473977e+02,-1.6282117972074383e+02,5.3867014726141804e+02
1.0999999999999999e-02,-1.5047582066291393e+05,-1.1580681145234731e+05,2.6954077435487189e+05,-1.7826662412003599e+05,-1.0502708181968104e+05,2.8661657670124463e+05,-3.0036582631226673e+02,-2.7153204595063431e+02,5.8808675890861889e+02
1.1500000000000000e-02,-1.1806475906504630e+05,-1.6725827863962686e+05,2.9648735434307455e+05,-1.3041583332791006e+05,-1.4992663703607704e+05,2.8076072571857268e+05,-2.1368715272236176e+02,-3.6219982243916098e+02,5.7950607151095210e+02
1.2000000000000000e-02,-6.5259673095087557e+04,-2.0984127810118880e+05,2.5795965527032877e+05,-8.1940585427098631e+04,-1.9305875659881817e+05,2.7903136987549282e+05,-9.3781584323125742e+01,-4.3114144056062645e+02,5.3226873077266646e+02
1.2500000000000001e-02,-4.9552086369847957e+03,-2.3700321673060904e+05,2.5310823065768898e+05,-3.3058917726295236e+04,-2.2804451529712154e+05,2.6329462120941584e+05,-9.0137949361592753e+00,-5.0025108829359482e+02,5.2225579558079869e+02
1.3000000000000001e-02,3.7640905011438357e+04,-2.6203066397599748e+05,2.2738169493409037e+05,2.3598696308296589e+04,-2.5535621916568509e+05,2.3244574379942546e+05,1.0601775958162172e+02,-5.3630179105379659e+02,4.2940335156344236e+02
1.3500000000000000e-02,9.6125360146705076e+04,-2.8185248298897827e+05,1.7217556098007364e+05,7.2490772909307561e+04,-2.7359780904057459e+05,2.0474778727228352e+05,2.0915842479002447e+02,-5.6760877890870006e+02,3.6606139853315580e+02
1.4000000000000000e-02,1.4310051174660408e+05,-2.7955345791697345e+05,1.5095506895931999e+05,1.2297381467472226e+05,-2.8124193767270766e+05,1.5885234756151101e+05,2.9063825158380553e+02,-5.6445294330137460e+02,2.7927155735615355e+02
1.4500000000000001e-02,1.8400152890498922e+05,-2.7688789834867197e+05,8.8537527369131247e+04,1.6894186385964672e+05,-2.8148232308431237e+05,1.1307254307591892e+05,3.8873662304842759e+02,-5.5464256623934205e+02,1.6155609466188091e+02
1.4999999999999999e-02,2.2331900092305065e+05,-2.6727408948238054e+05,3.6731853217724878e+04,2.0572555330720710e+05,-2.6776592529562197e+05,6.4211823716514271e+04,4.4694103100643747e+02,-5.1745793491059726e+02,7.4727905393532197e+01
1.5500000000000000e-02,2.5029914652498972e+05,-2.3235384559402094e+05,-4.6973429636886822e+03,2.4001795427437354e+05,-2.4846970071237857e+05,7.4387479067317727e+03,5.0403518303951603e+02,-4.5904624045371850e+02,-4.7298547813141177e+01
1.6000000000000000e-02,2.7190257409740239e+05,-2.0842852225261388e+05,-7.1696987731031943e+04,2.6138708947573008e+05,-2.1850569071947070e+05,-4.3039480057181856e+04,5.4403030579531401e+02,-3.9866276545041092e+02,-1.5279506978814973e+02
1.6500000000000001e-02,2.7918042599240836e+05,-1.6725444307693464e+05,-1.1378053840165160e+05,2.7602185920401313e+05,-1.7956236694246894e+05,-9.6087641064435855e+04,5.5109553536065619e+02,-3.0404793987741175e+02,-2.4762455901157287e+02
1.7000000000000001e-02,2.8323499793946586e+05,-1.1417840145631044e+05,-1.5865629650034438e+05,2.8096044128959673e+05,-1.3793193540297495e+05,-1.4545101688384279e+05,5.5829718405958943e+02,-2.1516887614329082e+02,-3.5137786165741676e+02
1.7500000000000002e-02,2.7150713552893425e+05,-7.4420676589352704e+04,-2.0705647048788090e+05,2.7346858730052068e+05,-8.7361127125722109e+04,-1.8705481528601985e+05,5.2807922797736660e+02,-1.1343519812895242e+02,-4.2437538019631120e+02
1.8000000000000002e-02,2.5013524105430063e+05,-1.5231747190964905e+04,-2.3257164055319349e+05,2.6010749527176682e+05,-3.5992169333529208e+04,-2.2535015038911888e+05,4.8848926908658927e+02,-4.2864357833534933e-01,-4.9210015199693981e+02
1.8499999999999999e-02,2.2818902533239702e+05,3.8998721674094006e+04,-2.6018324724590333e+05,2.3393523287899367e+05,1.6302956466734908e+04,-2.5358154384984818e+05,4.3322954005644783e+02,9.8573012421144398e+01,-5.4364634639650637e+02
1.9000000000000000e-02,1.8465558930488999e+05,8.3954900329223732e+04,-2.7913465448281571e+05,2.0136415373168030e+05,7.0222834523775033e+04,-2.7295610223886115e+05,3.5162531723499814e+02,2.0625147869846154e+02,-5.6751330724321633e+02
1.9500000000000000e-02,1.4575232257699250e+05,1.3990271266347377e+05,-2.7971996449338482e+05,1.6223101832316373e+05,1.1935409208260724e+05,-2.8391947026198579e+05,2.7280148403816901e+02,3.0222338517391034e+02,-5.8034218279992308e+02
2.0000000000000000e-02,1.0002022578985691e+05,1.8156458613852516e+05,-2.7884156618638511e+05,1.1469893842553014e+05,1.6522409257852126e+05,-2.8333570261020382e+05,1.7139582941506546e+02,3.8415107499729390e+02,-5.6789742516191893e+02
2.0500000000000001e-02,4.1310638169192549e+04,2.1538569338949904e+05,-2.6603676950082509e+05,6.6473763362782163e+04,2.0581086490537718e+05,-2.7354537429819902e+05,6.9285667637245169e+01,4.5866956433555890e+02,-5.3449347960716807e+02
2.1000000000000001e-02,-3.8609804392336705e+03,2.5121600910550141e+05,-2.3907413317434830e+05,1.3463747419421306e+04,2.3795573349673467e+05,-2.5408159763907845e+05,-3.1488066225761425e+01,5.1335864567710303e+02,-4.8642208560466224e+02
2.1500000000000002e-02,-6.0274149096128473e+04,2.6875437043041713e+05,-2.1022399372571104e+05,-3.9616448103117102e+04,2.6218619460713147e+05,-2.2512133030697977e+05,-1.4143288885960396e+02,5.4877896148674552e+02,-4.1668683421744947e+02
2.1999999999999999e-02,-1.1353150952776484e+05,2.7833639486481214e+05,-1.7117805582833602e+05,-8.9721219169208489e+04,2.7774277716573194e+05,-1.8868835415632281e+05,-2.3505783322974023e+02,5.6816168378302177e+02,-3.3455463898306493e+02
2.2499999999999999e-02,-1.5356996115399501e+05,2.8530560223367298e+05,-1.2312320756790545e+05,-1.3912664496649706e+05,2.8227372502241255e+05,-1.4527583484768783e+05,-3.2727833357563583e+02,5.6592120623910876e+02,-2.4064247311043113e+02
2.3000000000000000e-02,-2.0093939881080994e+05,2.7207937202462478e+05,-7.6297981776321103e+04,-1.8163482272459212e+05,2.7747711758263555e+05,-9.6876051269802309e+04,-4.0798787464083176e+02,5.4084369344741083e+02,-1.3662305161312477e+02
2.3500000000000000e-02,-2.3321567168593736e+05,2.5414425248950275e+05,-2.3587001579087661e+04,-2.1823197231101521e+05,2.6339645559966587e+05,-4.4893324621941705e+04,-4.6839800308945183e+02,5.0221217484679062e+02,-2.9746156404821456e+01
2.4000000000000000e-02,-2.5598849513429819e+05,2.3125862130134882e+05,3.1965904136200072e+04,-2.4800613969472097e+05,2.3847797183019124e+05,8.5681240620289627e+03,-5.1983765359772087e+02,4.4149335086915926e+02,7.9955396374716685e+01
2.4500000000000001e-02,-2.7802667533229041e+05,1.9024913990974650e+05,8.0880997046187462e+04,-2.6746718854743044e+05,2.0655137442165767e+05,6.1614962146956823e+04,-5.4767805757825181e+02,3.6463387702278692e+02,1.8545478422449690e+02
2.5000000000000001e-02,-2.8136782529881946e+05,1.5087073278735587e+05,1.3127908243021503e+05,-2.7859818973765842e+05,1.6695100133765960e+05,1.1293757179961891e+05,-5.5675018440650604e+02,2.8022905028584540e+02,2.8514108306984554e+02
2.5500000000000002e-02,-2.7803938189722458e+05,1.0538479575993714e+05,1.7761330120457555e+05,-2.7965477040279168e+05,1.2046535887090657e+05,1.5958986116343527e+05,-5.4921949928666595e+02,1.7912221967653144e+02,3.7500138484551206e+02
2.6000000000000002e-02,-2.6853017767959676e+05,4.9096368976689628e+04,2.1229755744051663e+05,-2.7020931394685223e+05,7.1314577927685110e+04,2.0108577265740713e+05,-5.1805175476585680e+02,7.5378625954085464e+01,4.4997387869758938e+02
2.6499999999999999e-02,-2.4255541482026241e+05,4.7332771655588596e+02,2.4558762985693934e+05,-2.5198183021280103e+05,1.8509372789595960e+04,2.3550980410154874e+05,-4.7113900899538584e+02,-2.9442777548791085e+01,5.1158656167409566e+02
2.7000000000000000e-02,-2.1265717536904593e+05,-5.3018733842784794e+04,2.6800876003757294e+05,-2.2441915514999503e+05,-3.5005557695751202e+04,2.6092346123051699e+05,-4.0752271297344635e+02,-1.3861421062746459e+02,5.5265146440404772e+02
2.7500000000000000e-02,-1.7604889627536145e+05,-1.0748569763328356e+05,2.7735014724735921e+05,-1.8876605692452448e+05,-8.6213343066380563e+04,2.7802894557418424e+05,-3.2772641786736642e+02,-2.3765628406112401e+02,5.7502833845304019e+02
2.8000000000000001e-02,-1.2814154571812743e+05,-1.5025507918178625e+05,2.8369498485641339e+05,-1.4684548408054010e+05,-1.3558449374836899e+05,2.8464545920929330e+05,-2.3811268919187134e+02,-3.2984555685303724e+02,5.7838563904834371e+02
2.8500000000000001e-02,-8.0659361759841646e+04,-1.9446278997580695e+05,2.7483673065492243e+05,-9.9441183656392299e+04,-1.7966755207308609e+05,2.8111852600942214e+05,-1.3945424847923661e+02,-4.1299734228693353e+02,5.5824030020503812e+02
2.9000000000000001e-02,-2.9327655784197112e+04,-2.3104777431985602e+05,2.5606361409370915e+05,-4.8439245496177711e+04,-2.1687487137756951e+05,2.6835414131147612e+05,-3.5252819628657136e+01,-4.7715668770369160e+02,5.2134822377264175e+02
2.9500000000000002e-02,2.6535273301866964e+04,-2.5405721174314705e+05,2.3347038220217396e+05,3.9673697016534725e+03,-2.4740941059402973e+05,2.4516120028759007e+05,6.9277254380169353e+01,-5.2701709473182655e+02,4.6466906289501787e+02
2.9999999999999999e-02,7.6472334355616273e+04,-2.7511430378977075e+05,1.9615475378814893e+05,5.6467416431340054e+04,-2.6849719857711939e+05,2.1383205099971921e+05,1.7167227485677310e+02,-5.5916687379181360e+02,3.9043028621233407e+02
3.0499999999999999e-02,1.2620966804709269e+05,-2.8314195226103446e+05,1.5498743776180717e+05,1.0703430718241562e+05,-2.7991368372315814e+05,1.7505730085047954e+05,2.6846374292318046e+02,-5.6804973750250406e+02,3.0510531147011829e+02
3.1000000000000000e-02,1.7329006379998208e+05,-2.7838402216569748e+05,1.1052325133247780e+05,1.5349175781949237e+05,-2.8224976961772505e+05,1.2942320340505603e+05,3.5504181524737112e+02,-5.5984937643553121e+02,2.0630566103721594e+02
3.1500000000000000e-02,2.0967012766435993e+05,-2.7016867079441820e+05,5.6585854160662871e+04,1.9480767383533242e+05,-2.7375408152213099e+05,7.9916529393092889e+04,4.2922371532254414e+02,-5.3162334057915916e+02,1.0123809298551561e+02
3.2000000000000001e-02,2.4231034169712890e+05,-2.4733274666114181e+05,5.3917079269890064e+03,2.2920847040330101e+05,-2.5574172492747579e+05,2.7268864959554579e+04,4.8877843019136481e+02,-4.8179530505509422e+02,-6.4278123921009431e+00
3.2500000000000001e-02,2.6635616436196229e+05,-2.1569509994132779e+05,-4.6651941641183519e+04,2.5519031063666084e+05,-2.2926834537239550e+05,-2.6574778513825055e+04,5.3015430779864153e+02,-4.1845180915120375e+02,-1.1598714861133230e+02
3.3000000000000002e-02,2.7741341055374220e+05,-1.8128748795196234e+05,-1.0056428374013705e+05,2.7251795839508582e+05,-1.9376104105918616e+05,-7.8946363302316182e+04,5.5312557882251508e+02,-3.3866654155285505e+02,-2.1966744424912898e+02
3.3500000000000002e-02,2.8293716513508523e+05,-1.3460542681981440e+05,-1.4613875086169355e+05,2.8002314915552782e+05,-1.5192915860624975e+05,-1.2894394850297456e+05,5.5701863209531473e+02,-2.4538575381427390e+02,-3.1594409002263484e+02
3.4000000000000002e-02,2.7668315949087928e+05,-8.5601430019240302e+04,-1.8897655997625148e+05,2.7741651737161539e+05,-1.0493090374996395e+05,-1.7433352162656627e+05,5.4009389785226006e+02,-1.4684457026031868e+02,-4.0201364294213408e+02
3.4500000000000003e-02,2.5859882048863234e+05,-3.6157234710847893e+04,-2.2659699977586660e+05,2.6540169220325514e+05,-5.3435198493161857e+04,-2.1324027732634445e+05,5.0486806266440675e+02,-4.0301100113110436e+01,-4.7242251331250958e+02
3.5000000000000003e-02,2.3551882095890705e+05,2.0012900748074422e+04,-2.5222648240840834e+05,2.4364603873829634e+05,-7.9556976079084939e+02,-2.4496514376288038e+05,4.5185695194664680e+02,6.7490981196275868e+01,-5.2688196227149592e+02
3.5500000000000004e-02,2.0097785337215758e+05,7.1352084411498043e+04,-2.7220784572339040e+05,2.1326666110487896e+05,5.2049982383628412e+04,-2.6786759348215017e+05,3.8181184291449671e+02,1.7047666504712171e+02,-5.6296217116613684e+02
3.6000000000000004e-02,1.5910845985840593e+05,1.2000196975847804e+05,-2.8235898562501726e+05,1.7566220523517608e+05,1.0353536961379231e+05,-2.8111142094493395e+05,2.9948706257165964e+02,2.7051838206211835e+02,-5.7815233597242036e+02
3.6499999999999998e-02,1.1485240489489071e+05,1.6846665488435861e+05,-2.7966346269854298e+05,1.3140685934857788e+05,1.5060761699184243e+05,-2.8471492652079172e+05,2.0597821402024442e+02,3.5949081566299600e+02,-5.7362455777192838e+02
3.6999999999999998e-02,6.2759112616644787e+04,2.0623951346981223e+05,-2.7059266225118475e+05,8.2717272895740141e+04,1.9278579453787164e+05,-2.7803191632993054e+05,1.0465956050699083e+02,4.3464548844937468e+02,-5.4878746981569748e+02
3.7499999999999999e-02,9.9417994937335661e+03,2.3854686875982292e+05,-2.5043290685050143e+05,3.1230795799062227e+04,2.2830111222473523e+05,-2.6142669324106636e+05,8.7136436998700428e-01,4.9706146570288223e+02,-5.0380625907003872e+02
3.7999999999999999e-02,-4.1475992733256673e+04,2.6463802326909616e+05,-2.1984642393928120e+05,-2.1739102079521981e+04,2.5512039732253127e+05,-2.3583754395096813e+05,-1.0404236746763236e+02,5.3972120295193770e+02,-4.4174370832752970e+02
3.8500000000000000e-02,-9.4971452712093189e+04,2.7695021968071332e+05,-1.8475196476423848e+05,-7.3595574015552367e+04,2.7346802794303140e+05,-2.0163831641350838e+05,-2.0506030744197071e+02,5.6332968165510977e+02,-3.6383979140934565e+02
3.9000000000000000e-02,-1.4245160080008692e+05,2.8261703611180722e+05,-1.4066854274728615e+05,-1.2291774051266284e+05,2.8202648526660318e+05,-1.6032898055511314e+05,-2.9804658188384008e+02,5.6890900577677314e+02,-2.7252088792630633e+02
3.9500000000000000e-02,-1.8476119944537332e+05,2.7863492049799499e+05,-9.1409786164073099e+04,-1.6811231401316819e+05,2.8018078069416113e+05,-1.1355025910254533e+05,-3.8162862846176108e+02,5.5198265536185761e+02,-1.7235634658793447e+02
4.0000000000000001e-02,-2.2315665333565886e+05,2.6135760699870315e+05,-4.1469738334122347e+04,-2.0701036067579026e+05,2.6899927468673029e+05,-6.2462737372361975e+04,-4.5096851756549086e+02,5.1648011981877346e+02,-6.5642056618325554e+01
4.0500000000000001e-02,-2.5059907735108497e+05,2.3858623467026962e+05,1.2830244276391129e+04,-2.3877836514844018e+05,2.4797407916120315e+05,-9.3039407360926525e+03,-5.0416935987717460e+02,4.6374595227861374e+02,4.3663752221770174e+01
4.1000000000000002e-02,-2.7036424627497804e+05,2.0608199515564213e+05,6.5630411991075292e+04,-2.6215388048055564e+05,2.1798088809388666e+05,4.4077539403742703e+04,-5.4035552956201752e+02,3.9237293907960509e+02,1.5066148523527355e+02
4.1500000000000002e-02,-2.8195685962427326e+05,1.6425427618712807e+05,1.1461446780353825e+05,-2.7598027716206270e+05,1.8078563646658286e+05,9.6165294027605050e+04,-5.5653609839946341e+02,3.0874648655431497e+02,2.5298601300865795e+02
4.2000000000000003e-02,-2.8076303638145461e+05,1.2025147081648043e+05,1.6232860402427899e+05,-2.8027800150896679e+05,1.3673299406450408e+05,1.4462347573364156e+05,-5.5326818009092290e+02,2.1430212829469042e+02,3.4628620364499494e+02
4.2500000000000003e-02,-2.7164935960295203e+05,6.9519936355133323e+04,2.0234580687710430e+05,-2.7459449451938679e+05,8.7889583398288887e+04,1.8797147431909296e+05,-5.3085546448206765e+02,1.1055439656732260e+02,4.2674407784546844e+02
4.3000000000000003e-02,-2.5311200779550470e+05,1.5850842256901815e+04,2.3489163328757175e+05,-2.5901779276845118e+05,3.6297784459704220e+04,2.2485925059713912e+05,-4.8887003473962108e+02,4.8455350058247930e+00,4.9284999739865884e+02
4.3500000000000004e-02,-2.2347266357086407e+05,-3.5477128491937052e+04,2.6132903584187990e+05,-2.3450668929455167e+05,-1.7070440094714788e+04,2.5352588730210791e+05,-4.3004466440716749e+02,-1.0177611289347294e+02,5.4111668501402630e+02
4.3999999999999997e-02,-1.8827542775174777e+05,-8.8589314848198774e+04,2.7612763441016193e+05,-2.0155899517866559e+05,-6.9587491048221898e+04,2.7333258923925721e+05,-3.5612697101448470e+02,-2.0574478497172484e+02,5.6993732659085447e+02
4.4499999999999998e-02,-1.4560158465822312e+05,-1.3764738549992026e+05,2.8191920386744424e+05,-1.6139701101277370e+05,-1.1947379324393476e+05,2.8355220634299843e+05,-2.6899059616562226e+02,-3.0057934709392970e+02,5.7927498346455900e+02
4.4999999999999998e-02,-9.6511862477948423e+04,-1.8006167295975515e+05,2.7904340813535568e+05,-1.1572600625692644e+05,-1.6555842489789738e+05,2.8349450726685015e+05,-1.7289300694579757e+02,-3.8608871980267048e+02,5.6748890919481141e+02
4.5499999999999999e-02,-4.6267991336272433e+04,-2.1908254090926488e+05,2.6395844422492519e+05,-6.5778405523442998e+04,-2.0541693001151938e+05,2.7358573931027309e+05,-7.0571671471503720e+01,-4.5806661971154102e+02,5.3566115111518070e+02
4.5999999999999999e-02,7.1373081188325350e+03,-2.4842552614675841e+05,2.4107596493475916e+05,-1.3512855672597114e+04,-2.3802635825863507e+05,2.5397155446953623e+05,3.4669560195326184e+01,-5.1239982456538530e+02,4.8535608900939872e+02
4.6500000000000000e-02,6.0607308391320526e+04,-2.6845357531862101e+05,2.0997609498289099e+05,3.9077438082604684e+04,-2.6250978740248503e+05,2.2519594758903407e+05,1.3809232114321517e+02,-5.5014142295771455e+02,4.1718847370552368e+02
4.7000000000000000e-02,1.1010910317405312e+05,-2.8139585648372478e+05,1.6958421024791931e+05,9.0479574949966394e+04,-2.7730068252682540e+05,1.8865409720802991e+05,2.3692393550951556e+02,-5.6785891062232497e+02,3.3458615916455324e+02
4.7500000000000001e-02,1.5759533536252548e+05,-2.8194607527847256e+05,1.2510991643126986e+05,1.3858782650509613e+05,-2.8245028541583382e+05,1.4532796409893146e+05,3.2756834225476933e+02,-5.6463140232349519e+02,2.4034047768490760e+02
4.8000000000000001e-02,1.9895882571598422e+05,-2.7312883787669137e+05,7.5634863541833416e+04,1.8170577983950512e+05,-2.7774624082076980e+05,9.6777588673618302e+04,4.0607274286415475e+02,-5.4289762365476895e+02,1.3700472263643599e+02
4.8500000000000001e-02,2.3213820977477296e+05,-2.5617815544019293e+05,2.2351632367157803e+04,2.1856866735121066e+05,-2.6284828575387294e+05,4.4984273814145112e+04,4.7063909420172433e+02,-5.0092055354814454e+02,2.9314993565028086e+01
4.9000000000000002e-02,2.5897022427596437e+05,-2.2771524633696201e+05,-2.9833607836159732e+04,2.4754610767301000e+05,-2.3892036102206065e+05,-8.5538879547316465e+03,5.1850691795170394e+02,-4.4099701611528167e+02,-7.9478270195732875e+01
4.9500000000000002e-02,2.7544729149853758e+05,-1.9265494394498432e+05,-8.2167146752701199e+04,2.6775286549978127e+05,-2.0652572129953749e+05,-6.1781141633786596e+04,5.4760934174044212e+02,-3.6664789772802737e+02,-1.8584156346680845e+02
5.0000000000000003e-02,2.8181137322842231e+05,-1.5130626742061914e+05,-1.3192254122340129e+05,2.7861145816199412e+05,-1.6655202931556720e+05,-1.1268811686704789e+05,5.5781720917597340e+02,-2.7806276630205548e+02,-2.8510058827306989e+02
5.0500000000000003e-02,2.7973581058558600e+05,-1.0256559560363130e+05,-1.7547194497801177e+05,2.7943571331762150e+05,-1.2099660648194791e+05,-1.5976733214931481e+05,5.4803265387385056e+02,-1.7999391922259511e+02,-3.7452241438912455e+02
5.1000000000000004e-02,2.6623007050764357e+05,-5.2125249572728215e+04,-2.1432851636111728e+05,2.7042914945756574e+05,-7.1020406108615105e+04,-2.0111411673390001e+05,5.1863261104077674e+02,-7.6287270171594670e+01,-4.5084791518824176e+02
5.1500000000000004e-02,2.4366217139872734e+05,5.6593781139249347e+02,-2.4521019101921047e+05,2.5191586492060634e+05,-1.8388967737145784e+04,-2.3526890852231055e+05,4.7132333322704579e+02,3.1356641510204913e+01,-5.1075404496079580e+02
5.2000000000000005e-02,2.1345504799163135e+05,5.4576926126524188e+04,-2.6642802940241119e+05,2.2432511518592844e+05,3.4599541332177279e+04,-2.6123769913790160e+05,4.0694781616383000e+02,1.3710291071714772e+02,-5.5293840423270206e+02
5.2499999999999998e-02,1.7414418179768301e+05,1.0466377813951617e+05,-2.7973880757422320e+05,1.8890290725048198e+05,8.6584592340518895e+04,-2.7783828761383903e+05,3.2816249063537339e+02,2.3777224658341228e+02,-5.7551187200198535e+02
5.2999999999999999e-02,1.2958034842794747e+05,1.5216910336203309e+05,-2.8222567868003593e+05,1.4679446095840613e+05,1.3551308146369905e+05,-2.8459212427476491e+05,2.3809405311262361e+02,3.3102523091995607e+02,-5.7737555488980740e+02
5.3499999999999999e-02,8.0780647694294486e+04,1.9480981709394598e+05,-2.7436568698617973e+05,9.9369895358093549e+04,1.7941842832759136e+05,-2.8137653897221148e+05,1.3917158732435990e+02,4.1154950070450201e+02,-5.5919026001223506e+02
5.3999999999999999e-02,2.7828453042034103e+04,2.2885503857561864e+05,-2.5806738225394688e+05,4.8559175801482794e+04,2.1722482879021025e+05,-2.6806246398345858e+05,3.5501594456983440e+01,4.7774822560903311e+02,-5.2101633142973640e+02
5.4500000000000000e-02,-2.4893256834563370e+04,2.5633072960838609e+05,-2.3141910661714728e+05,-4.0238960659880026e+03,2.4723722122197092e+05,-2.4530227229898138e+05,-6.9250383522089621e+01,5.2766245892392885e+02,-4.6421625216283724e+02
5.5000000000000000e-02,-7.6976534345849243e+04,2.7447817353952990e+05,-1.9681217749970459e+05,-5.6528045658108153e+04,2.6836719439429988e+05,-2.1391565835243466e+05,-1.7193313309844004e+02,5.5787667196725931e+02,-3.9134280841684148e+02
5.5500000000000001e-02,-1.2718778160576579e+05,2.8174842334398464e+05,-1.5608649502675276e+05,-1.0690413128971908e+05,2.8023192185109708e+05,-1.7482718365680717e+05,-2.6822819885584852e+02,5.6893310251888261e+02,-3.0432032930460053e+02
5.6000000000000001e-02,-1.7163712892755560e+05,2.8065614041273843e+05,-1.0858038789924925e+05,-1.5358396543146385e+05,2.8199602610305941e+05,-1.2963394051254896e+05,-3.5501687977095287e+02,5.6005851866620321e+02,-2.0650724858322300e+02
5.6500000000000002e-02,-2.1070828719966186e+05,2.6876710509618121e+05,-5.7923939324571409e+04,-1.9483202473558349e+05,2.7375008390621148e+05,-7.9859125818495784e+04,-4.2951318952424862e+02,5.3050417413178116e+02,-1.0166137507196989e+02
5.7000000000000002e-02,-2.4265659266652507e+05,2.4685512060472459e+05,-5.5610597927005620e+03,-2.2908176987378811e+05,2.5599415789448639e+05,-2.7158420500260519e+04,-4.8845646266975001e+02,4.8295265459424371e+02,7.1166726139922991e+00
5.7500000000000002e-02,-2.6493660721625783e+05,2.1760683100186082e+05,4.8071486654771368e+04,-2.5532315267390560e+05,2.2896320909739006e+05,2.6398084546090766e+04,-5.3023353549557760e+02,4.1812893837266569e+02,1.1551280713852962e+02
5.8000000000000003e-02,-2.7879567513813695e+05,1.7943203351994019e+05,9.9038888537830368e+04,-2.7248195954710426e+05,1.9389156210043386e+05,7.9055683242878120e+04,-5.5337868179482643e+02,3.3793729284130461e+02,2.1965956287265178e+02
5.8500000000000003e-02,-2.8263162365027226e+05,1.3503323671406065e+05,1.4664068299155068e+05,-2.7993237935739482e+05,1.5206139770975971e+05,1.2896960396718822e+05,-5.5660892640498548e+02,2.4659521552395853e+02,3.1633706905453124e+02
5.9000000000000004e-02,-2.7572157173872815e+05,8.6841037392285638e+04,1.8978451310833095e+05,-2.7756806217322039e+05,1.0464557033012051e+05,1.7421198476216075e+05,-5.4035094732582809e+02,1.4605582341639109e+02,4.0158110860332408e+02
5.9500000000000004e-02,-2.6006258011141719e+05,3.4258469257635261e+04,2.2518511259988451e+05,-2.6530089204822900e+05,5.3657349519578565e+04,2.1335259617663553e+05,-5.0496807713893287e+02,4.0121316360130663e+01,4.7257680560787082e+02
5.9999999999999998e-02,-2.3466041534053363e+05,-1.8894567136812981e+04,2.5313803817970736e+05,-2.4362289183610049e+05,7.9416718457716252e+02,2.4494820410654793e+05,-4.5145944192261294e+02,-6.6533324259390810e+01,5.2707255567631626e+02
6.0499999999999998e-02,-2.0062071657172698e+05,-7.0910396611878110e+04,2.7245008339567931e+05,-2.1339518205560613e+05,-5.2255395076852707e+04,2.6778475180403504e+05,-3.8222506531060299e+02,-1.7146447846664103e+02,5.6262706073617619e+02
6.0999999999999999e-02,-1.6036381936015908e+05,-1.2158293450050149e+05,2.8121826287761860e+05,-1.7552274712628074e+05,-1.0328816993957022e+05,2.8122064340304700e+05,-2.9935327773796621e+02,-2.7022244230752773e+02,5.7834638486829977e+02
6.1499999999999999e-02,-1.1366421531443903e+05,-1.6698655144759372e+05,2.8078734248165373e+05,-1.3145815707115189e+05,-1.5071144486353089e+05,2.8466814964599215e+05,-2.0574064019106842e+02,-3.5892864082746610e+02,5.7371623874538307e+02
6.2000000000000000e-02,-6.3012450212812975e+04,-2.0652644407487649e+05,2.7033479596463405e+05,-8.2785962870498624e+04,-1.9289249134638099e+05,2.7798149032506387e+05,-1.0509407685762260e+02,-4.3558820605148765e+02,5.4850435850099484e+02
6.2500000000000000e-02,-1.0758043057584600e+04,-2.3959538694109576e+05,2.4967491644912466e+05,-3.1097402894481071e+04,-2.2807726000946469e+05,2.6153136898412977e+05,-5.4785090032358008e-01,-4.9646601942640791e+02,5.0404009570307363e+02
6.3000000000000000e-02,4.2703588577171155e+04,-2.6311264172019489e+05,2.2099775884062983e+05,2.1639046138349513e+04,-2.5528659972719941e+05,2.3576210983219763e+05,1.0404634437452876e+02,-5.3954664841485044e+02,4.4174820819307712e+02
6.3500000000000001e-02,9.4254935933188201e+04,-2.7778861258876504e+05,1.8409294242258498e+05,7.3594443163193821e+04,-2.7348080673588748e+05,2.0162664141987634e+05,2.0475343132768126e+02,-5.6409624709223715e+02,3.6360476429180153e+02
6.4000000000000001e-02,1.4216464385432881e+05,-2.8305193165845366e+05,1.4036441160386623e+05,1.2301089714120558e+05,-2.8185414306295238e+05,1.6041668016157602e+05,2.9842159859157556e+02,-5.6816073300730670e+02,2.7279690184939130e+02
6.4500000000000002e-02,1.8577669483922585e+05,-2.7732135737983731e+05,9.2402320649767789e+04,1.6800141503987720e+05,-2.8037502147683670e+05,1.1345537971970241e+05,3.8145054768101926e+02,-5.5215035874363821e+02,1.7225596127487950e+02
6.5000000000000002e-02,2.2220628071867122e+05,-2.6252304142813548e+05,4.0564766237929653e+04,2.0705793546556449e+05,-2.6892976807341143e+05,6.2492748544608257e+04,4.5084465371900069e+02,-5.1699016178172246e+02,6.5491704888365604e+01
6.5500000000000003e-02,2.5078885120442091e+05,-2.3842867010813553e+05,-1.2684181634242423e+04,2.3882269364247922e+05,-2.4787309803173755e+05,9.3594045875248503e+03,5.0447745414179815e+02,-4.6297311791001619e+02,-4.3382185843633792e+01
6.6000000000000003e-02,2.7102491073103185e+05,-2.0516917196031861e+05,-6.4946511941235236e+04,2.6205837198217754e+05,-2.1816859209481173e+05,-4.4174113021185774e+04,5.4010150923708682e+02,-3.9281868248741966e+02,-1.5085767377830479e+02
6.6500000000000004e-02,2.8099058697298332e+05,-1.6550057529648842e+05,-1.1557724944071138e+05,2.7605204540233081e+05,-1.8065514164866420e+05,-9.6101074858666048e+04,5.5655878472420500e+02,-3.0894362011081114e+02,-2.5302120780511490e+02
6.7000000000000004e-02,2.8129800086780731e+05,-1.1961578470969650e+05,-1.6181723163016397e+05,2.8028136247544142e+05,-1.3671249513571861e+05,-1.4460889534883050e+05,5.5346961796205812e+02,-2.1364091167451929e+02,-3.4605214837668501e+02
6.7500000000000004e-02,2.7191648592500872e+05,-6.9106891509481866e+04,-2.0204913622667326e+05,2.7452442451816204e+05,-8.8037740855828408e+04,-1.8805082914588240e+05,5.3060087327070005e+02,-1.1116577424672340e+02,-4.2699658392351506e+02
6.8000000000000005e-02,2.5229120905996731e+05,-1.6947464096272073e+04,-2.3573387723980373e+05,2.5909688037425361e+05,-3.6138674936948591e+04,-2.2477650260595296e+05,4.8898231469060840e+02,-4.7331918438599629e+00,-4.9276697233015483e+02
6.8500000000000005e-02,2.2420138815406989e+05,3.6405090120903085e+04,-2.6059479489265051e+05,2.3447910506464282e+05,1.7018671337043750e+04,-2.5355098041428128e+05,4.3014784136717032e+02,1.0221749845664206e+02,-5.4097505648194999e+02
6.9000000000000006e-02,1.8817776770448836e+05,8.8509010551194457e+04,-2.7621550964356447e+05,2.0151723092526570e+05,6.9499882987701276e+04,-2.7338073337922798e+05,3.5590284438126309e+02,2.0510806335550242e+02,-5.7019053712425409e+02
6.9500000000000006e-02,1.4503111040875674e+05,1.3686879559455355e+05,-2.8250756707737554e+05,1.6147255460243640e+05,1.1962767959579332e+05,-2.8346992512749060e+05,2.6915626854860909e+02,3.0092898262054501e+02,-5.7910052184573794e+02
7.0000000000000007e-02,9.7286907272302080e+04,1.8107199537090035e+05,-2.7825173686357471e+05,1.1567577037679017e+05,1.6545626627415072e+05,-2.8354882483236492e+05,1.7290944249965892e+02,3.8626783037927265e+02,-5.6746099812145428e+02
7.0500000000000007e-02,4.5878611799821025e+04,2.1860410985226920e+05,-2.6435616017147590e+05,6.5766492935829403e+04,2.0539459469261460e+05,-2.7359750376401201e+05,7.0395041480530466e+01,4.5752328691913505e+02,-5.3586063824178063e+02
7.1000000000000008e-02,-7.4034407162919633e+03,2.4804694974974342e+05,-2.4134411383084289e+05,1.3575021319664116e+04,2.3814928705463893e+05,-2.5390628915688480e+05,-3.4475193908434967e+01,5.1288217475089687e+02,-4.8513964783373638e+02
7.1500000000000008e-02,-5.9919491343521069e+04,2.6935904036925925e+05,-2.0927876569758001e+05,-3.9140726657803876e+04,2.6238353999527893e+05,-2.2526360887962283e+05,-1.3815563735267821e+02,5.5007520037985853e+02,-4.1726358143333437e+02
7.2000000000000008e-02,-1.1068317615394908e+05,2.8066649804187421e+05,-1.7016970274041881e+05,-9.0462745375984101e+04,2.7733607951345679e+05,-1.8863377636439080e+05,-2.3703415363295647e+02,5.6748375932883391e+02,-3.3469806181036796e+02
7.2499999999999995e-02,-1.5755659927708865e+05,2.8196695542678260e+05,-1.2506320959382415e+05,-1.3854773699673530e+05,2.8252697573330643e+05,-1.4528912636411906e+05,-3.2737507090942518e+02,5.6514338112389157e+02,-2.4013535343779589e+02
7.2999999999999995e-02,-1.9846213923143395e+05,2.7379216086062178e+05,-7.5139872543700578e+04,-1.8177017464707175e+05,2.7762082072258694e+05,-9.6843091139477838e+04,-4.0620021430776643e+02,5.4263795953115755e+02,-1.3714709358494338e+02
7.3499999999999996e-02,-2.3277191539213687e+05,2.5536216632406559e+05,-2.2989461639802845e+04,-2.1852912102482357e+05,2.6292636326955643e+05,-4.4942194805156432e+04,-4.7067008019827875e+02,5.0074837495441574e+02,-2.9335128248299561e+01
7.3999999999999996e-02,-2.5867813788966113e+05,2.2806870172868032e+05,3.0132723980904877e+04,-2.4753261128794888e+05,2.3894513205921897e+05,8.5648057345710458e+03,-5.1834769838584157e+02,4.4144917875774291e+02,7.9634658038489931e+01
7.4499999999999997e-02,-2.7519928070626449e+05,1.9300092696132878e+05,8.2408849315653148e+04,-2.6780671188433724e+05,2.0642217102278376e+05,6.1728783757628597e+04,-5.4777225780533968e+02,3.6626752728845287e+02,1.8567375182346709e+02
7.4999999999999997e-02,-2.8238564068602276e+05,1.5055706436963312e+05,1.3135124043884594e+05,-2.7855928228628903e+05,1.6665305064753891e+05,1.1274033705895739e+05,-5.5777189284990641e+02,2.7809239592121708e+02,2.8515491295699633e+02
7.5499999999999998e-02,-2.7927977315720561e+05,1.0313874221771104e+05,1.7592901664862750e+05,-2.7944763473703043e+05,1.2097303013684881e+05,1.5975414542263580e+05,-5.4793250073840704e+02,1.8031781480777977e+02,3.7461416920602602e+02
7.5999999999999998e-02,-2.6623578115244076e+05,5.2144133733313065e+04,2.1431898607193041e+05,-2.7046416162455024e+05,7.0953333500724533e+04,2.0108080474904968e+05,-5.1879667172867551e+02,7.5869932715234299e+01,4.5068808772310456e+02
7.6499999999999999e-02,-2.4408600448942569e+05,-1.1295884285187242e+03,2.4479076172422231e+05,-2.5186238741186701e+05,1.8491820888672843e+04,2.3532107719841864e+05,-4.7122013823721289e+02,-3.1160880585500056e+01,5.1085822771269142e+02
7.6999999999999999e-02,-2.1294026108865882e+05,-5.3917859336181536e+04,2.6693986498364870e+05,-2.2435646512443424e+05,-3.4659810277640921e+04,2.6120676917991176e+05,-4.0691701246006511e+02,-1.3694424277540713e+02,5.5296442715476530e+02
7.7499999999999999e-02,-1.7436271716532967e+05,-1.0492329684718687e+05,2.7952075796678982e+05,-1.8891564289467852e+05,-8.6609236953490647e+04,2.7782603484553436e+05,-3.2829729902516158e+02,-2.3814755125117981e+02,5.7538282366904582e+02
7.8000000000000000e-02,-1.2980360519649836e+05,-1.5247936711628005e+05,2.8200414361282293e+05,-1.4674955688099007e+05,-1.3542664443992267e+05,2.8463602598458069e+05,-2.3796056962819131e+02,-3.3072415434476579e+02,5.7750500393287382e+02
7.8500000000000000e-02,-8.0306213820087854e+04,-1.9419243536716941e+05,2.7483736553945980e+05,-9.9411906548565574e+04,-1.7949895490605643e+05,2.8133551232623501e+05,-1.3920521602011959e+02,-4.1155707020882670e+02,5.5915750569012914e+02
7.9000000000000001e-02,-2.8187724249405412e+04,-2.2930350219249009e+05,2.5771049824806987e+05,-4.8550976169884168e+04,-2.1720969011747660e+05,2.6807012389964802e+05,-3.5586977973478227e+01,-4.7802303200011772e+02,5.2093301291672356e+02
7.9500000000000001e-02,2.4877223199876455e+04,-2.5637486706444662e+05,2.3140202726405193e+05,4.0536074313532959e+03,-2.4717944182452292e+05,2.4533192748080229e+05,6.9384837743163217e+01,-5.2732552590038199e+02,4.6434716559681095e+02
8.0000000000000002e-02,7.7334641626724173e+04,-2.7400203484439250e+05,1.9716978783312158e+05,5.6484645536503944e+04,-2.6845081572996179e+05,2.1387277205191134e+05,1.7185181377950843e+02,-5.5802182471378649e+02,3.9126467619646246e+02
8.0500000000000002e-02,1.2677292956075793e+05,-2.8227837190116179e+05,1.5567317100600718e+05,1.0692826237430988e+05,-2.8018607605010900e+05,1.7485065522372848e+05,2.6819942659427386e+02,-5.6907674178922673e+02,3.0429004942683184e+02
8.1000000000000003e-02,1.7179746310975697e+05,-2.8046925025716942e+05,1.0873902770287472e+05,1.5359585376534957e+05,-2.8197214540087292e+05,1.2964631794638566e+05,3.5512789159311257e+02,-5.5974919201027046e+02,2.0661774991440942e+02
8.1500000000000003e-02,2.1090703133503327e+05,-2.6849135201166960e+05,5.8123771736815201e+04,1.9479506093389416e+05,-2.7382201657884626e+05,7.9822024636914633e+04,4.2940703729323951e+02,-5.3073987553921711e+02,1.0155714323221594e+02
8.2000000000000003e-02,2.4226685554742877e+05,-2.4736256195574408e+05,5.1712006189555887e+03,2.2911489535624642e+05,-2.5593034555040859e+05,2.7191338693663445e+04,4.8847941121894240e+02,-4.8296169374999823e+02,-7.0959458075186488e+00
8.2500000000000004e-02,2.6521692481915816e+05,-2.1725784207272812e+05,-4.7791882210707365e+04,2.5531824425458279e+05,-2.2897192055462828e+05,-2.6402597394880224e+04,5.3030580430186546e+02,-4.1789558760774923e+02,-1.1543904399432274e+02
8.3000000000000004e-02,2.7882683079796744e+05,-1.7937212729997985e+05,-9.9006655635548726e+04,2.7245664997034130e+05,-1.9394134083584830e+05,-7.9081367820829415e+04,5.5327053842702981e+02,-3.3820893934165883e+02,-2.1976795869112573e+02
8.3500000000000005e-02,2.8232984288201079e+05,-1.3543454132095893e+05,-1.4694336469195737e+05,2.7996733442813699e+05,-1.5199339852598519e+05,-1.2893445447391574e+05,5.5667046782071475e+02,-2.4648931704037997e+02,-3.1627639046793882e+02
8.4000000000000005e-02,2.7605433393524389e+05,-8.6415731875022087e+04,-1.8945138650624212e+05,2.7755002234355983e+05,-1.0468023849121714e+05,-1.7422998789375895e+05,5.4037902103373835e+02,-1.4592654813101646e+02,-4.0155164678681041e+02
8.4500000000000006e-02,2.5994793872994283e+05,-3.4390398520123919e+04,-2.2529952493333543e+05,2.6528955696650333e+05,-5.3679900868324708e+04,-2.1336413893249485e+05,5.0487651033448782e+02,-4.0376531312573505e+01,-4.7266957874391585e+02
8.5000000000000006e-02,2.3448403214054226e+05,1.8651593424891958e+04,-2.5331503051757172e+05,2.4365350020392070e+05,-7.3436511345455710e+02,-2.4491734050070812e+05,4.5154266199246513e+02,6.6717801427097768e+01,-5.2698880372734584e+02
8.5500000000000007e-02,2.0094059660724478e+05,7.1326642646739143e+04,-2.7212955294730730e+05,2.1336917109913513e+05,5.2204865907310123e+04,-2.6781094491003058e+05,3.8221170159291955e+02,1.7148381229409625e+02,-5.6264017805130311e+02
8.6000000000000007e-02,1.6014632905644062e+05,1.2131245523079082e+05,-2.8143615265098040e+05,1.7552505385938659e+05,1.0329240966819605e+05,-2.8121829329487059e+05,2.9929077505365439e+02,2.7002513647402736e+02,-5.7840965601096764e+02
8.6500000000000007e-02,1.1362338604781826e+05,1.6691850844022562e+05,-2.8082814996650972e+05,1.3147995225926532e+05,1.5075403349835199e+05,-2.8464626657636644e+05,2.0582819796586838e+02,3.5914731215442140e+02,-5.7362782600503147e+02
8.7000000000000008e-02,6.3266753897802846e+04,2.0686338550696216e+05,-2.7008019891556690e+05,8.2757622115105769e+04,1.9283735683423345e+05,-2.7800998675537918e+05,1.0504808010481982e+02,4.3551182450482730e+02,-5.4855090646391977e+02
8.7500000000000008e-02,1.0491271119134446e+04,2.3925505455243817e+05,-2.4994210851925629e+05,3.1110840586080212e+04,2.2810326845740015e+05,-2.6151778881451310e+05,5.2032360166445901e-01,4.9635139708194322e+02,-5.0406755855872683e+02
8.7999999999999995e-02,-4.2623340465096218e+04,2.6320329096148122e+05,-2.2091717168115114e+05,-2.1628408950451110e+04,2.5530739905095616e+05,-2.3575154215778998e+05,-1.0396983000231549e+02,5.3975632903945416e+02,-4.4167133620077573e+02
8.8499999999999995e-02,-9.4099462001464635e+04,2.7800094442096492e+05,-1.8393759370564256e+05,-7.3619914539009143e+04,2.7343129454077419e+05,-2.0165213271385446e+05,-2.0481929858406784e+02,5.6395267574351453e+02,-3.6367117436373650e+02
8.8999999999999996e-02,-1.4242708493378741e+05,2.8271145948765753e+05,-1.4062695524059265e+05,-1.2299034849199431e+05,2.8189395692429791e+05,-1.6039604793374377e+05,-2.9841479688090749e+02,5.6813523612193865e+02,-2.7278964476192493e+02
8.9499999999999996e-02,-1.8560831576454540e+05,2.7752975411651545e+05,-9.2233699539361958e+04,-1.6800204130904179e+05,2.8037394666826184e+05,-1.1345610454403510e+05,-3.8139647021155656e+02,5.5231644813742355e+02,-1.7220206935361119e+02
8.9999999999999997e-02,-2.2216074735485192e+05,2.6259414473655744e+05,-4.0519481965325293e+04,-2.0707658981845819e+05,2.6889348600578133e+05,-6.2511335307856098e+04,-4.5091605644010929e+02,5.1681482944808329e+02,-6.5563221519500729e+01
9.0499999999999997e-02,-2.5100245993813340e+05,2.3814663595030148e+05,1.2470718962891862e+04,-2.3879969237569434e+05,2.4791767256105386e+05,-9.3364158886146397e+03,-5.0444274738523563e+02,4.6302687355533311e+02,4.3417199821964417e+01
9.0999999999999998e-02,-2.7081138089545694e+05,2.0544068989795417e+05,6.5160043272535018e+04,-2.6206839144827021e+05,2.1814931705043392e+05,4.4164056618865470e+04,-5.4007576751902468e+02,3.9291961579708567e+02,1.5088308671282022e+02
9.1499999999999998e-02,-2.8104538636760903e+05,1.6544074632571632e+05,1.1552232987090449e+05,-2.7606172346423130e+05,1.8063621597042686e+05,9.6091457898555585e+04,-5.5662249156165365e+02,3.0877170283377797e+02,2.5295770333235373e+02
9.1999999999999998e-02,-2.8143372547061922e+05,1.1943137640264990e+05,1.6168167069575624e+05,-2.8026028012412216e+05,1.3675340989477382e+05,1.4462992370217628e+05,-5.5341737963952119e+02,2.1375206579552670e+02,3.4610437488197215e+02
9.2499999999999999e-02,-2.7170179612154595e+05,6.9384762023655436e+04,2.0226369874584247e+05,-2.7454061160359852e+05,8.8006477245786766e+04,1.8803466670868002e+05,-5.3060349018626130e+02,1.1119456882130487e+02,4.2699381951966200e+02
9.2999999999999999e-02,-2.5242090848598586e+05,1.6787871722678301e+04,2.3560422002975293e+05,-2.5909733528251766e+05,3.6137599072446908e+04,2.2477605762477612e+05,-4.8902847685456624e+02,4.5937151444530269e+00,4.9272102214350485e+02
9.3500000000000000e-02,-2.2424825721183076e+05,-3.6475706565680302e+04,2.6054797091026642e+05,-2.3446328454684612e+05,-1.6987874919756996e+04,2.5356676737049417e+05,-4.3008992414336404e+02,-1.0207720435632734e+02,5.4103280218313193e+02
9.4000000000000000e-02,-1.8799909994036102e+05,-8.8273618482028731e+04,2.7639408139991062e+05,-2.0153579874369103e+05,-6.9535843728945707e+04,2.7336220356536173e+05,-3.5592884424163344e+02,-2.0514488315808001e+02,5.7016460105183057e+02
9.4500000000000001e-02,-1.4520140460573309e+05,-1.3708477814536594e+05,2.8233736812968215e+05,-1.6146518632491378e+05,-1.1961356510118317e+05,2.8347726841360534e+05,-2.6917969166678148e+02,-3.0101717023194050e+02,5.7907715000033102e+02
9.5000000000000001e-02,-9.7251044154354167e+04,-1.8103481940359159e+05,2.7828754698337940e+05,-1.1566709857547305e+05,-1.6543927672214690e+05,2.8355750016675127e+05,-1.7285678487694562e+02,-3.8612719899475434e+02,5.6751353377984583e+02
9.5500000000000002e-02,-4.5760972581859576e+04,-2.1844492179548921e+05,2.6447379502909741e+05,-6.5783856162821510e+04,-2.0542831263811316e+05,2.7358015591073240e+05,-7.0436170703018661e+01,-4.5760891458795544e+02,5.3581963486929658e+02
9.6000000000000002e-02,7.2283569499921350e+03,-2.4827316061324719e+05,2.4116907893304972e+05,-1.3562357064049675e+04,-2.3812483673601691e+05,2.5391892946082412e+05,3.4474898328128624e+01,-5.1291207704067733e+02,4.8513927827710006e+02
9.6500000000000002e-02,6.0018690196591473e+04,-2.6923766967793112e+05,2.0937790102854939e+05,3.9141904677788458e+04,-2.6238107647237333e+05,2.2526480731910325e+05,1.3819479385618953e+02,-5.4995849321105686e+02,4.1730273759333664e+02
9.7000000000000003e-02,1.1072929444096111e+05,-2.8059874448188429e+05,1.7021586863574112e+05,9.0449382548916605e+04,-2.7736211068641982e+05,1.8862040489927158e+05,2.3698742355760677e+02,-5.6759566244937128e+02,3.3465139206671273e+02
9.7500000000000003e-02,1.5740761764770391e+05,-2.8216284380058525e+05,1.2491421404576526e+05,1.3856266764272714e+05,-2.8249804666893289e+05,1.4530405233628009e+05,3.2739422965825594e+02,-5.6511916335377555e+02,2.4015442968869311e+02
9.8000000000000004e-02,1.9859748649301767e+05,-2.7362091041713627e+05,7.5275200377381407e+04,1.8176485905681562e+05,-2.7763098775494908e+05,9.6837788951963244e+04,4.0622130142714451e+02,-5.4256143296847119e+02,1.3716824507574438e+02
9.8500000000000004e-02,2.3275000640876251e+05,-2.5538291414057632e+05,2.2967590575266437e+04,2.1852141441631259e+05,-2.6294145696063328e+05,4.4934473589735171e+04,4.7062669163284392e+02,-5.0086310787201000e+02,2.9291718120573545e+01
9.9000000000000005e-02,2.5857671809693557e+05,-2.2820540258432264e+05,-3.0234180078660542e+04,2.4754687865448178e+05,-2.3891741515148236e+05,-8.5505291720168698e+03,5.1837988795439355e+02,-4.4138364561076190e+02,-7.9602490974666196e+01
9.9500000000000005e-02,2.7534171972551540e+05,-1.9281721901678163e+05,-8.2266391170143732e+04,2.6779685622326378e+05,-2.0644120476645906e+05,-6.1738640210324898e+04,5.4777455426213703e+02,-3.6623793373757479e+02,-1.8567140703672342e+02
1.0000000000000001e-01,2.8231033478647110e+05,-1.5064862782272274e+05,-1.3142654320137328e+05,2.7855765073176497e+05,-1.6665635485765513e+05,-1.1274197496257561e+05,5.5773876363602153e+02,-2.7818977325813393e+02,-2.8518809026741678e+02
1.0050000000000001e-01,2.7923576601333724e+05,-1.0320217616527708e+05,-1.7597304357310513e+05,2.7945889397345734e+05,-1.2095110023040834e+05,-1.5974287683260476e+05,5.4797010274859315e+02,-1.8022882765841001e+02,-3.7457654031929377e+02
1.0100000000000001e-01,2.6635968104678998e+05,-5.1981564752544800e+04,-2.1419506156795364e+05,2.7045218471651169e+05,-7.0976544610595432e+04,-2.0109278936928968e+05,5.1878279577647595e+02,-7.5884874479625310e+01,-4.5070196162532505e+02
1.0150000000000001e-01,2.4397878096754974e+05,9.9426719547931930e+02,-2.4489800299855910e+05,2.5186614072842093e+05,-1.8484648034155362e+04,-2.3531732088460334e+05,4.7120131301976761e+02,3.1094844154865978e+01,-5.1087707747752171e+02
1.0200000000000001e-01,2.1295206921275493e+05,5.3926913387042259e+04,-2.6692805241546442e+05,2.2436326206910933e+05,3.4673102763008646e+04,-2.6119997010665739e+05,4.0695270629739235e+02,1.3703762929537700e+02,-5.5292870127154617e+02
1.0250000000000001e-01,1.7444972613146086e+05,1.0504012649089340e+05,-2.7943374073062878e+05,1.8890394059136542e+05,8.6586508855053631e+04,-2.7783774248734652e+05,3.2827221447974557e+02,2.3809774723973638e+02,-5.7540793230921645e+02
1.0300000000000001e-01,1.2968799933363470e+05,1.5233055628484595e+05,-2.8211976441800210e+05,1.4675719193139035e+05,1.3544138831013400e+05,-2.8462838533103297e+05,2.3795699857862263e+02,3.3069582292330887e+02,-5.7750856785825351e+02
1.0350000000000001e-01,8.0362901541194427e+04,1.9426085072842592e+05,-2.7478066400899354e+05,9.9413783957947002e+04,1.7950270119572015e+05,-2.8133363828536833e+05,1.3923317757386124e+02,4.1163808535299381e+02,-5.5912953441519210e+02
1.0400000000000001e-01,2.8228765043142932e+04,2.2936179607166143e+05,-2.5766946429586937e+05,4.8541516043336240e+04,2.1719127815614245e+05,-2.6807958398062782e+05,3.5556777093632675e+01,4.7795249880807626e+02,-5.2096323289993302e+02
1.0450000000000000e-01,-2.4979995658593696e+04,2.5624031442481602e+05,-2.3150480150696140e+05,-4.0440209520567651e+03,2.4719801218964806e+05,-2.4532233837626700e+05,-6.9374968240997816e+01,5.2733375523253198e+02,-4.6433727772362448e+02
1.0500000000000000e-01,-7.7249980875726309e+04,2.7410856968570087e+05,-1.9708511909399452e+05,-5.6487227571688694e+04,2.6844589488787472e+05,-2.1387535772569146e+05,-1.7183516004068488e+02,5.5807850489765269e+02,-3.9124803213794269e+02
1.0550000000000000e-01,-1.2677759058946869e+05,2.8227743740515510e+05,-1.5567784154349306e+05,-1.0693420940089991e+05,2.8017445978733484e+05,-1.7485659936135885e+05,-2.6822873737841559e+02,5.6900092441243805e+02,-3.0431936176817499e+02
1.0600000000000000e-01,-1.7187176228126397e+05,2.8036983601926517e+05,-1.0881332029168445e+05,-1.5358627628492768e+05,2.8199073613583384e+05,-1.2963674148281147e+05,-3.5510841517209104e+02,5.5978673317774781e+02,-2.0659826353497749e+02
1.0650000000000000e-01,-2.1081342622500472e+05,2.6861159260522621e+05,-5.8030167965294757e+04,-1.9480094794632905e+05,2.7381065849378571e+05,-7.9827912595855072e+04,-4.2940275938011365e+02,5.3076635168370194e+02,-1.0155287772898137e+02
1.0700000000000000e-01,-2.4230912426155465e+05,2.4731201586139583e+05,-5.2134728188097570e+03,-2.2911686548201929e+05,2.5592643837599753e+05,-2.7193306694186922e+04,-4.8850292878655188e+02,4.8289447963176099e+02,7.0724372192434011e+00
1.0750000000000000e-01,-2.6525451023282530e+05,2.1720505936625946e+05,4.7754302667394586e+04,-2.5531032322664626e+05,2.2898732984951820e+05,2.6410516281724253e+04,-5.3028160430838238e+02,4.1795129961487731e+02,1.1546324171754972e+02
1.0800000000000000e-01,-2.7874181841461669e+05,1.7948319545824805e+05,9.9091662786359724e+04,-2.7246430101861409e+05,1.9392652783339904e+05,7.9073717995967570e+04,-5.5327740077947885e+02,3.3820548016923232e+02,2.1976109218730628e+02
1.0850000000000000e-01,-2.8239644308806537e+05,1.3535100022144194e+05,1.4687676691428374e+05,-2.7996562293798913e+05,1.5199664207309464e+05,1.2893616601667738e+05,-5.5668506544803722e+02,2.4644089696877379e+02,3.1626180036705108e+02
1.0900000000000000e-01,-2.7605459762123664e+05,8.6411218336934224e+04,1.8945112372208756e+05,-2.7754485705391527e+05,1.0469032318215660e+05,1.7423515211965912e+05,-5.4035501804473859e+02,1.4598794630707698e+02,4.0157564280756816e+02
1.0950000000000000e-01,-2.5988477387433522e+05,3.4474652361808032e+04,2.2536268658702183e+05,-2.6529737338639441e+05,5.3664732695612103e+04,2.1335632393190311e+05,-5.0489155332700557e+02,4.0348511396091240e+01,4.7265453922421256e+02
1.1000000000000000e-01,-2.3455961925321296e+05,-1.8748489348306881e+04,2.5323944706928110e+05,-2.4364898979170082e+05,7.4305969432514280e+02,2.4492184982893697e+05,-4.5154725067688366e+02,-6.6742098574206011e+01,5.2698421591595479e+02
1.1050000000000000e-01,-2.0090945361444243e+05,-7.1289818154100329e+04,2.7216069350350101e+05,-2.1336721021679894e+05,-5.2200990554042699e+04,2.6781290613140166e+05,-3.8219199652810789e+02,-1.7142819822224695e+02,5.6265987910451156e+02
1.1100000000000000e-01,-1.6011238759208479e+05,-1.2126522538093739e+05,2.8147009441538580e+05,-1.7553166434673005e+05,-1.0330526722077720e+05,2.8121168340675125e+05,-2.9931010192396280e+02,-2.7006897491697123e+02,5.7839033399853417e+02
1.1150000000000000e-01,-1.1369351871829582e+05,-1.6700995515668474e+05,2.8075801885148080e+05,-1.3147386663630212e+05,-1.5074225467638214e+05,2.8465235128715436e+05,-2.0582358862968792e+02,-3.5914716030106865e+02,5.7363243191413278e+02
1.1200000000000000e-01,-6.3214581263098036e+04,-2.0679816280081664e+05,2.7013236917053221e+05,-8.2758690655401500e+04,-1.9283936554772369e+05,2.7800891900568223e+05,-1.0503537686493982e+02,-4.3547063873944791e+02,5.4856361023110344e+02
1.1250000000000000e-01,-1.0487729300880603e+04,-2.3924706750268902e+05,2.4994565231652110e+05,-3.1115300168511705e+04,-2.2811197170237426e+05,2.6151332881028709e+05,-5.3992406082313837e-01,-4.9640098725537922e+02,5.0404796003272139e+02
1.1300000000000000e-01,4.2569855927613382e+04,-2.6327442751745979e+05,2.2086368635088403e+05,2.1634771510023635e+04,-2.5529505411956142e+05,2.3575790464124767e+05,1.0398137569545871e+02,-5.3973565404628164e+02,4.4168287884717495e+02
1.1350000000000000e-01,9.4160334747926070e+04,-2.7792307273794035e+05,1.8399846594323509e+05,7.3616483865088216e+04,-2.7343790323715220e+05,2.0164870249781490e+05,2.0482393258061472e+02,-5.6393070186085583e+02,3.6367581100342170e+02
1.1400000000000000e-01,1.4240447151059928e+05,-2.8273782452643960e+05,1.4060434315832151e+05,1.2298846324783114e+05,-2.8189767203918792e+05,1.6039416212733270e+05,2.9839833795522878e+02,-5.6818112960217957e+02,2.7277318467294134e+02
1.1450000000000000e-01,1.8557802071695830e+05,-2.7757158686198643e+05,9.2203403063017904e+04,1.6800754226834443e+05,-2.8036324953122216e+05,1.1346160590249047e+05,3.8141185805575566e+02,-5.5228208346517738e+02,1.7221745664987176e+02
1.1500000000000000e-01,2.2221845818210498e+05,-2.6251904150461563e+05,4.0577193667521846e+04,2.0707176450658479e+05,-2.6890282308676571e+05,6.2506509903076934e+04,4.5091311346776286e+02,-5.1681277993320748e+02,6.5560280241088833e+01
1.1550000000000001e-01,2.5096175787982123e+05,-2.3819733261950940e+05,-1.2511421065069171e+04,2.3880029476651328e+05,-2.4791655655875543e+05,9.3370180851442528e+03,5.0443175991431775e+02,-4.6306176338105433e+02,-4.3428189171882572e+01
1.1600000000000001e-01,2.7080578860924073e+05,-2.0545069505072426e+05,-6.5165636206073636e+04,2.6207222165737586e+05,-2.1814184590088055e+05,-4.4160226066689793e+04,5.4009173607046534e+02,-3.9287966091991115e+02,-1.5086711695323166e+02
1.1650000000000001e-01,2.8109050883362128e+05,-1.6538089426037137e+05,-1.1547720648078021e+05,2.7605655642216548e+05,-1.8064623910999176e+05,-9.6096625252932907e+04,5.5661368782588977e+02,-3.0878674994186400e+02,-2.5296650720469341e+02
1.1700000000000001e-01,2.8138482482557674e+05,-1.1949379838468722e+05,-1.6173057204760390e+05,2.8026286947946687e+05,-1.3674842575578639e+05,-1.4462733414827415e+05,5.5341288044167175e+02,-2.1377170456466385e+02,-3.4610887477601381e+02
1.1750000000000001e-01,2.7171792323546717e+05,-6.9366301856959239e+04,-2.0224757144859215e+05,2.7454237938674720e+05,-8.8003001862717923e+04,-1.8803289915039396e+05,5.3061720114766467e+02,-1.1115678821087999e+02,-4.2698010786784005e+02
1.1800000000000001e-01,2.5244769439337120e+05,-1.6751126927977493e+04,-2.3557743398616437e+05,2.5909276952381025e+05,-3.6146475002738247e+04,-2.2478062351749692e+05,4.8901626214798335e+02,-4.6205398516735663e+00,-4.9273323749875993e+02
1.1850000000000001e-01,2.2420087980061123e+05,3.6414170951018627e+04,-2.6059534869682757e+05,2.3446709807257043e+05,1.6995251710116005e+04,-2.5356295362980236e+05,4.3009165041743410e+02,1.0207375801172259e+02,-5.4103107546429669e+02
1.1900000000000001e-01,1.8803070426808583e+05,8.8312823409201868e+04,-2.7636247663799918e+05,2.0153552868185489e+05,6.9535362959418984e+04,-2.7336247374424123e+05,3.5593829789309734e+02,2.0517433366581005e+02,-5.7015514728797223e+02
1.1950000000000001e-01,1.4520816598059717e+05,1.3709577393840533e+05,-2.8233060703433061e+05,1.6146191205546175e+05,1.1960718154173832e+05,-2.8348054265589785e+05,2.6916671266943985e+02,3.0098506385488605e+02,-5.7909012950617625e+02
1.2000000000000000e-01,9.7213102950923349e+04,1.8098462196434659e+05,-2.7832548815818323e+05,1.1567128465042828e+05,1.6544739475550799e+05,-2.8355331404053408e+05,1.7286344709458621e+02,3.8613795644602561e+02,-5.6750687099285255e+02
1.2050000000000000e-01,4.5800145400153975e+04,2.1849481390027632e+05,-2.6443462202672818e+05,6.5781920087162842e+04,2.0542458987295086e+05,-2.7358209208665410e+05,7.0440419854295897e+01,4.5762629680636485e+02,-5.3581538609513905e+02
1.2100000000000000e-01,-7.2395842752883045e+03,2.4826062945084009e+05,-2.4118030653321807e+05,1.3560731205596221e+04,2.3812164549750762e+05,-2.5392055522236295e+05,-3.4486287117895223e+01,5.1288105571467383e+02,-4.8515066700339793e+02
1.2150000000000000e-01,-6.0042176193500025e+04,2.6920563388266339e+05,-2.0940138679603071e+05,-3.9138125736796348e+04,2.6238842075657559e+05,-2.2526102842715738e+05,-1.3818513044362325e+02,5.4997933399539068e+02,-4.1729307395976917e+02
1.2200000000000000e-01,-1.1069050328504539e+05,2.8064903065162839e+05,-1.7017707757193639e+05,-9.0452385297094355e+04,2.7735630457848561e+05,-1.8862340765741831e+05,-2.3698827859999747e+02,5.6759991359599815e+02,-3.3465224746446046e+02
1.2250000000000000e-01,-1.5743202900616021e+05,2.8213269916520047e+05,-1.2493862546396191e+05,-1.3856262841205104e+05,2.8249808729695866e+05,-1.4530401305330737e+05,-3.2740232184818473e+02,5.6509439326448069e+02,-2.4016252157279621e+02
1.2300000000000000e-01,-1.9860478388416016e+05,2.7360964898374502e+05,-7.5282497612818537e+04,-1.8176207252909426e+05,2.7763641805747931e+05,-9.6835002489311271e+04,-4.0621077880645601e+02,5.4258716086246307e+02,-1.3715772258854824e+02
1.2350000000000000e-01,-2.3271820912637512e+05,2.5542488085314340e+05,-2.2935793454807997e+04,-2.1852479690840095e+05,2.6293489908748382e+05,-4.4937856031800729e+04,-4.7063168864130017e+02,5.0085559401835786e+02,-2.9296715185846711e+01
1.2400000000000000e-01,-2.5860800725749292e+05,2.2816564479661916e+05,3.0202891016833248e+04,-2.4754544710678371e+05,2.3892016428324088e+05,8.5519607111006862e+03,-5.1838381791807376e+02,4.4136838948376754e+02,7.9598561201004671e+01
1.2450000000000000e-01,-2.7533416132629040e+05,1.9282534803484273e+05,8.2273949564921364e+04,-2.6779538308912225e+05,2.0644409242493054e+05,6.1740113320535907e+04,-5.4776512128726210e+02,3.6626333833719633e+02,1.8568083979526395e+02
1.2500000000000000e-01,-2.8228988720151107e+05,1.5067638063855440e+05,1.3144699071186353e+05,-2.7856076999050111e+05,1.6665029423429474e+05,1.1273885574206879e+05,-5.5774638043376092e+02,2.7817366820125977e+02,2.8518047360583972e+02
1.2550000000000000e-01,-2.7926744839176041e+05,1.0316118451111099e+05,1.7594136130041437e+05,-2.7945653905692976e+05,1.2095565177240504e+05,1.5974523171449755e+05,-5.4796985935796056e+02,1.8022419040926385e+02,3.7457678369778927e+02
1.2600000000000000e-01,-2.6634093896493129e+05,5.2004589808065459e+04,2.1421380357471801e+05,-2.7045206847645895e+05,7.0976799260129395e+04,2.0109290561040922e+05,-5.1877590027178269e+02,7.5905639815845177e+01,4.5070885704613539e+02
1.2650000000000000e-01,-2.4397138650672004e+05,-9.8323046570085569e+02,2.4490539748243993e+05,-2.5186850234951742e+05,1.8480047520147979e+04,2.3531495927332845e+05,-4.7120982107570279e+02,-3.1115398229258730e+01,5.1086856955680344e+02
1.2700000000000000e-01,-2.1297863182464510e+05,-5.3961890266574184e+04,2.6690148983214120e+05,-2.2436053640680108e+05,-3.4667819701678498e+04,2.6120269575133128e+05,-4.0694899812846734e+02,-1.3703254623067036e+02,5.5293240934465143e+02
1.2750000000000000e-01,-1.7442481328100519e+05,-1.0500854852960916e+05,2.7945865352468716e+05,-1.8890498457013679e+05,-8.6588510592576000e+04,2.7783669852901186e+05,-3.2826863845777592e+02,-2.3808445560712087e+02,5.7541150836180134e+02
1.2800000000000000e-01,-1.2969284609280968e+05,-1.5233546572425435e+05,2.8211491771260602e+05,-1.4675851039111055e+05,-1.3544396998472774e+05,2.8462706685619865e+05,-2.3796479093076360e+02,-3.3071657729129049e+02,5.7750077553805988e+02
1.2850000000000000e-01,-8.0380591170368265e+04,-1.9428475461566602e+05,2.7476297435108217e+05,-9.9411215800793289e+04,-1.7949771256666793e+05,2.8133620644410711e+05,-1.3922719616085516e+02,-4.1162570915208369e+02,5.5913551575865495e+02
1.2900000000000000e-01,-2.8202950819160695e+04,-2.2932846114558887e+05,2.5769527852812535e+05,-4.8543355372276557e+04,-2.1719483160739945e+05,2.6807774461679958e+05,-3.5556605117770914e+01,-4.7794777234367962e+02,5.2096340494175354e+02
1.2950000000000000e-01,2.4965697313063862e+04,-2.5625777748804112e+05,2.3149050317274549e+05,4.0438055420876990e+03,-2.4719845394390737e+05,2.4532212296779020e+05,6.9369116615330100e+01,-5.2735111047465091e+02,4.6433142608130373e+02
1.3000000000000000e-01,7.7242786012761921e+04,-2.7411906234600826e+05,1.9707792420506699e+05,5.6489221880918922e+04,-2.6844201130187733e+05,2.1387735204536672e+05,1.7184202257068034e+02,-5.5806213031746620e+02,3.9125489468568435e+02
1.3050000000000000e-01,1.2679971903615406e+05,-2.8224836398775835e+05,1.5569997001702123e+05,1.0693201856560992e+05,-2.8017870508642640e+05,1.7485440851737416e+05,2.6822602050562796e+02,-5.6900420587390170e+02,3.0431664490491028e+02
1.3100000000000001e-01,1.7185198508761646e+05,-2.8039483922235569e+05,1.0879354308149796e+05,1.5358702469084499e+05,-2.8198930394409114e+05,1.2963748989036602e+05,3.5510520156784196e+02,-5.5979824431011332e+02,2.0659504989891906e+02
1.3150000000000001e-01,2.1081628963719463e+05,-2.6860900827541179e+05,5.8033031378393876e+04,1.9480211668766817e+05,-2.7380837210062385e+05,7.9829081341412995e+04,4.2940918106223978e+02,-5.3074943562714941e+02,1.0155929944791410e+02
1.3200000000000001e-01,2.4232434866305595e+05,-2.4729152501329777e+05,5.2286972376599233e+03,2.2911475608052503e+05,-2.5593053485585764e+05,2.7191197291957127e+04,4.8849825138026580e+02,-4.8290392681971400e+02,-7.0771146381328309e+00
1.3250000000000001e-01,2.6523353084865340e+05,-2.1723209799774986e+05,-4.7775282070474044e+04,2.5531175283519027e+05,-2.2898456926845544e+05,-2.6409086665178340e+04,5.3028116030747492e+02,-4.1795591963579625e+02,-1.1546368572274402e+02
1.3300000000000001e-01,2.7875264010281558e+05,-1.7947006849297610e+05,-9.9080841084409636e+04,2.7246457499552751e+05,-1.9392597687731148e+05,-7.9073444021562405e+04,5.5328234700962582e+02,-3.3819102020189791e+02,-2.1975614593944576e+02
1.3350000000000001e-01,2.8240324637949461e+05,-1.3534124721062373e+05,-1.4686996362627114e+05,2.7996394500324695e+05,-1.5199990846786986e+05,-1.2893784395356993e+05,5.5667954577112528e+02,-2.4645389871208289e+02,-3.1626732006985151e+02
1.3400000000000001e-01,2.7603621809392516e+05,-8.6435314556228463e+04,-1.8946950325579292e+05,2.7754661301942990e+05,-1.0468692150466442e+05,-1.7423339614945417e+05,5.4035697747362258e+02,-1.4598598144447843e+02,-4.0157368335874236e+02
1.3450000000000001e-01,2.5990041994378375e+05,-3.4454926483743977e+04,-2.2534704050485991e+05,2.6529684860371071e+05,-5.3665734334803499e+04,-2.1335684871453792e+05,5.0489440954090537e+02,-4.0338601271997611e+01,-4.7265168301208297e+02
1.3500000000000001e-01,2.3455817822126145e+05,1.8747544520376374e+04,-2.5324088811103866e+05,2.4364796292723247e+05,-7.4506693212244613e+02,-2.4492287669116177e+05,4.5154197287892134e+02,6.6728347307798515e+01,-5.2698949372550715e+02
1.3550000000000001e-01,2.0089642010889351e+05,7.1272339218987792e+04,-2.7217372700500308e+05,2.1336893824140049e+05,5.2204345557936293e+04,-2.6781117810689239e+05,3.8219563786944559e+02,1.7143535665263508e+02,-5.6265623774934159e+02
1.3600000000000001e-01,1.6012939830830012e+05,1.2128710574231078e+05,-2.8145308377443044e+05,1.7553055849722258e+05,1.0330313306167892e+05,-2.8121278906965518e+05,2.9931071094116618e+02,2.7007335836575459e+02,-5.7838972493172184e+02
1.3650000000000001e-01,1.1368539836783733e+05,1.6700018432752296e+05,-2.8076613910617324e+05,1.3147356330011762e+05,1.5074165032957584e+05,-2.8465265469430294e+05,2.0581942105153081e+02,3.5913514242320650e+02,-5.7363659957997106e+02
1.3700000000000001e-01,6.3208278877106175e+04,2.0678924691683013e+05,-2.7013867162959534e+05,8.2760098257670441e+04,1.9284210479724657e+05,-2.7800751143217616e+05,1.0503980553264904e+02,4.3548093026034655e+02,-5.4855918172691850e+02
1.3750000000000001e-01,1.0502956078814081e+04,2.3926698868322102e+05,-2.4993042554313058e+05,3.1113896745702255e+04,2.2810925380453499e+05,-2.6151473221034548e+05,5.3854014154623764e-01,4.9639997252724424e+02,-5.0404934377328937e+02
1.3800000000000001e-01,-4.2582188786331797e+04,2.6325892500298261e+05,-2.2087601914733928e+05,-2.1634414757137489e+04,2.5529573250164153e+05,-2.3575754791069747e+05,-1.0398389249388642e+02,5.3972716290512972e+02,-4.4168539572676428e+02
1.3850000000000001e-01,-9.4159896411156398e+04,2.7792288683763490e+05,-1.8399802768339840e+05,-7.3615587976730501e+04,2.7343965326758084e+05,-2.0164780658485630e+05,-2.0481960549738372e+02,5.6394185260255801e+02,-3.6367148392708759e+02
1.3900000000000001e-01,-1.4239336102102668e+05,2.8275267519392027e+05,-1.4059323261241612e+05,-1.2298987540841648e+05,2.8189493096879328e+05,-1.6039557429926988e+05,-2.9840115803928620e+02,5.6817575460010062e+02,-2.7277600468468546e+02
1.3950000000000001e-01,-1.8559177358834128e+05,2.7755393257400446e+05,-9.2217155950283093e+04,-1.6800669221537700e+05,2.8036488907942473e+05,-1.1346075585579190e+05,-3.8141255541073377e+02,5.5227801452397182e+02,-1.7221815410419748e+02
1.4000000000000001e-01,-2.2221243332670853e+05,2.6252622033240151e+05,-4.0571168836255289e+04,-2.0707145239335627e+05,2.6890344145512924e+05,-6.2506197773152795e+04,-4.5090961541335827e+02,5.1682273594414562e+02,-6.5556782109013582e+01
1.4050000000000001e-01,-2.5095601608546986e+05,2.3820536969375782e+05,1.2517162905411265e+04,-2.3880147136937224e+05,2.4791426750795974e+05,-9.3381947057503548e+03,-5.0443530124710952e+02,4.6305365032707306e+02,4.3424647813713584e+01
1.4100000000000001e-01,-2.7081836703288468e+05,2.0543427218588238e+05,6.5153057739063923e+04,-2.6207110368893505e+05,2.1814401035776394e+05,4.4161344047065992e+04,-5.4009078572693261e+02,3.9288000543058064e+02,1.5086806727021951e+02
1.4150000000000001e-01,-2.8108082828277617e+05,1.6539302375517282e+05,1.1548688705441880e+05,-2.7605678823490907e+05,1.8064580075139258e+05,9.6096393439551932e+04,-5.5661148745244270e+02,3.0879399066540361e+02,2.5296870763594072e+02
1.4200000000000002e-01,-2.8138457886889018e+05,1.1949473150942539e+05,1.6173081800820047e+05,-2.8026364595274488e+05,1.3674690991753474e+05,1.4462655766681425e+05,-5.5341641854056365e+02,2.1376268719976724e+02,3.4610533661860313e+02
1.4250000000000002e-01,-2.7172735291001509e+05,6.9353736303164042e+04,2.0223814166245042e+05,-2.7454122824129334e+05,8.8005235385075968e+04,1.8803405003090700e+05,-5.3061502925137904e+02,1.1116078234981539e+02,4.2698227935145189e+02
1.4300000000000002e-01,-2.5243660500614485e+05,1.6765332760930309e+04,2.3558852332574254e+05,-2.5909341876569370e+05,3.6145223706262732e+04,2.2477997431789010e+05,-4.8901553114995744e+02,4.6242532182392697e+00,4.9273396884352087e+02
1.4350000000000002e-01,-2.2420529642054925e+05,-3.6419370337372617e+04,2.6059093219663916e+05,-2.3446740468065368e+05,-1.6995856906276265e+04,2.5356264703259783e+05,-4.3009457755340776e+02,-1.0208198526106749e+02,5.4102814834236483e+02
1.4400000000000002e-01,-1.8803586615761300e+05,-8.8319986233652278e+04,2.7635731465502968e+05,-2.0153454808290710e+05,-6.9533455766452578e+04,2.7336345437192539e+05,-3.5593547406066097e+02,-2.0516796141931289e+02,5.7015797102752970e+02
1.4449999999999999e-01,-1.4519780618288869e+05,-1.3708227467752458e+05,2.8234096687378449e+05,-1.6146279965923389e+05,-1.1960889946183313e+05,2.8347965503987321e+05,-2.6916734072972309e+02,-3.0098495152652117e+02,5.7908950155660102e+02
1.4499999999999999e-01,-9.7220670312773058e+04,-1.8099407074380486e+05,2.7831792080789001e+05,-1.1567114403922581e+05,-1.6544713138011048e+05,2.8355345463068207e+05,-1.7286535649535020e+02,-3.8614410146699805e+02,5.6750496147198930e+02
1.4549999999999999e-01,-4.5800834575018365e+04,-2.1849620630616081e+05,2.6443393279802753e+05,-6.5781251488506037e+04,-2.0542328531174036e+05,2.7358276071113040e+05,-7.0437535107404941e+01,-4.5761902567083678e+02,5.3581827091148671e+02
1.4599999999999999e-01,7.2475519107921664e+03,-2.4825004229160232e+05,2.4118827423400772e+05,-1.3561666594246903e+04,-2.3812346025506413e+05,2.5391961981524932e+05,3.4484625339146319e+01,-5.1288398725086176e+02,4.8514900523729250e+02
1.4649999999999999e-01,6.0033261831263088e+04,-2.6921702930845233e+05,2.0939247237179065e+05,3.9138617758368011e+04,-2.6238747317832714e+05,2.2526152043741490e+05,1.3818440340021442e+02,-5.4998267558411897e+02,4.1729234680973008e+02
1.4699999999999999e-01,1.1069368691102484e+05,-2.8064534014824074e+05,1.7018026121512399e+05,9.0452677165259462e+04,-2.7735572997282521e+05,1.8862369951965185e+05,2.3699071900705295e+02,-5.6759313699348752e+02,3.3465468797873274e+02
1.4749999999999999e-01,1.5743661707760594e+05,-2.8212637897559209e+05,1.2494321355780237e+05,1.3856181391685642e+05,-2.8249967095828464e+05,1.4530319854833247e+05,3.2740007835181478e+02,-5.6509937530502134e+02,2.4016027801227639e+02
1.4799999999999999e-01,1.9859627261226584e+05,-2.7362071776953735e+05,7.5273986298190444e+04,1.8176277492906852e+05,-2.7763505905066483e+05,9.6835704909540073e+04,4.0621116962245674e+02,-5.4258757340576938e+02,1.3715811343461877e+02
1.4849999999999999e-01,2.3272409805925109e+05,-2.5541755585670882e+05,2.2941682434977080e+04,2.1852472213188349e+05,-2.6293503641942568e+05,4.4937781247451800e+04,4.7063333613336943e+02,-5.0085039840159749e+02,2.9298362706354560e+01
1.4899999999999999e-01,2.5860896779897326e+05,-2.2816399534348739e+05,-3.0201930502003037e+04,2.4754487422783088e+05,-2.3892128149397502e+05,-8.5525335851652144e+03,5.1838147164903046e+02,-4.4137423689141644e+02,-7.9600907530747889e+01
1.4949999999999999e-01,2.7532745412051969e+05,-1.9283423655931620e+05,-8.2280656771202761e+04,2.6779614120970655e+05,-2.0644262196807432e+05,-6.1739355192045274e+04,5.4776638350641247e+02,-3.6626122040307422e+02,-1.8567957751469248e+02
1.4999999999999999e-01,2.8229703268403781e+05,-1.5066726646046757e+05,-1.3143984520605957e+05,2.7856040028605936e+05,-1.6665100560144876e+05,-1.1273922545800165e+05,5.5774707835419258e+02,-2.7817069507532142e+02,-2.8517977572435370e+02
1.5049999999999999e-01,2.7926519808421307e+05,-1.0316374031647065e+05,-1.7594361163687412e+05,2.7945626767209661e+05,-1.2095618500583939e+05,-1.5974550308598927e+05,5.4796783080626403e+02,-1.8022975743943729e+02,-3.7457881224184320e+02
1.5100000000000000e-01,2.6633690140199172e+05,-5.2010117137398644e+04,-2.1421784111206094e+05,2.7045274270239903e+05,-7.0975488682473297e+04,-2.0109223138175232e+05,5.1877767619144379e+02,-7.5901763521839456e+01,-4.5070708109396764e+02
1.5150000000000000e-01,2.4397835235078892e+05,9.9227190709034073e+02,-2.4489843164463135e+05,2.5186794907138150e+05,-1.8481117595225482e+04,-2.3531551254716856e+05,4.7120960193615974e+02,3.1115993725575681e+01,-5.1086878873503321e+02
1.5200000000000000e-01,2.1297407767179949e+05,5.3956249462217675e+04,-2.6690604399007862e+05,2.2436056477606835e+05,3.4667868377500898e+04,-2.6120266737476797e+05,4.0694758664295455e+02,1.3702817647972105e+02,-5.5293382079927062e+02
1.5250000000000000e-01,1.7442371061272526e+05,1.0500679294048939e+05,-2.7945975617571012e+05,1.8890547211500586e+05,8.6589460973310022e+04,-2.7783621098381840e+05,3.2827053859228903e+02,2.3808913716427597e+02,-5.7540960823577780e+02
1.5300000000000000e-01,1.2969846221280325e+05,1.5234288968945146e+05,-2.8210930160876096e+05,1.4675789856284144e+05,1.3544278358657105e+05,-2.8462767867646756e+05,2.3796384116024362e+02,3.3071507818671847e+02,-5.7750172531912312e+02
1.5350000000000000e-01,8.0374889577164198e+04,1.9427749867228683e+05,-2.7476867593469686e+05,9.9411490433664760e+04,1.7949824041268387e+05,-2.8133593181439198e+05,1.3922654427605124e+02,4.1162309357509406e+02,-5.5913616762874415e+02
1.5400000000000000e-01,2.8204497065669766e+04,2.2933016778331704e+05,-2.5769373228388550e+05,4.8543602898346930e+04,2.1719531721889370e+05,-2.6807749709527876e+05,3.5558283740815931e+01,4.7795232659349989e+02,-5.2096172634398692e+02
1.5450000000000000e-01,-2.4962173123834094e+04,2.5626257595787689e+05,-2.3148697898137185e+05,-4.0443618933110629e+03,2.4719737281230255e+05,-2.4532267929783586e+05,-6.9370516755213373e+01,5.2734811109525208e+02,-4.6433282617579289e+02
1.5500000000000000e-01,-7.7248474033239560e+04,2.7411169371440692e+05,-1.9708361221772849e+05,-5.6488787653995707e+04,2.6844285078164574e+05,-2.1387691782623611e+05,-1.7184192550132315e+02,5.5806143433740556e+02,-3.9125479765080877e+02
1.5550000000000000e-01,-1.2679621469974270e+05,2.8225268398809305e+05,-1.5569646569537159e+05,-1.0693201513873901e+05,2.8017871694411617e+05,-1.7485440508961034e+05,-2.6822481661125687e+02,5.6900786989580877e+02,-3.0431544101369701e+02
1.5600000000000000e-01,-1.7185082657395428e+05,2.8039660387220996e+05,-1.0879238455725923e+05,-1.5358743844549652e+05,2.8198849773190025e+05,-1.2963790364751159e+05,-3.5510673861518399e+02,5.5979450159857049e+02,-2.0659658693253587e+02
1.5650000000000000e-01,-2.1082098654994206e+05,2.6860281423258182e+05,-5.8037728294500062e+04,-1.9480162328796281e+05,2.7380932861376338e+05,-7.9828587941761361e+04,-4.2940847201828501e+02,5.3075047103066515e+02,-1.0155859042003102e+02
1.5700000000000000e-01,-2.4231980477130198e+05,2.4729729383912118e+05,-5.2241533494615942e+03,-2.2911495792030232e+05,2.5593014744107489e+05,-2.7191399128664216e+04,-4.8849765244415920e+02,4.8290621464921105e+02,7.0777135882897202e+00
1.5750000000000000e-01,-2.6523455386126187e+05,2.1723101702925918e+05,4.7774259066121806e+04,-2.5531197598038323e+05,2.2898413202811580e+05,2.6408863516824997e+04,-5.3028254785187903e+02,4.1795219743167888e+02,1.1546229817316927e+02
1.5800000000000000e-01,-2.7875569765641302e+05,1.7946592533812564e+05,9.9077783522470068e+04,-2.7246411692300841e+05,1.9392686682306250e+05,7.9073902094963953e+04,-5.5328124702115190e+02,3.3819332868608740e+02,2.1975724592161595e+02
1.5850000000000000e-01,-2.8239861197420832e+05,1.3534723925383933e+05,1.4687459803600525e+05,-2.7996428440233739e+05,1.5199925257560759e+05,1.2893750455273782e+05,-5.5667955774130235e+02,2.4645463755434778e+02,3.1626730811128795e+02
1.5900000000000000e-01,-2.7603889717601414e+05,8.6432029797410403e+04,1.8946682417429972e+05,-2.7754663772210025e+05,1.0468686931306987e+05,1.7423337144493894e+05,-5.4035800086007271e+02,1.4598291657912830e+02,4.0157265996155093e+02
1.5950000000000000e-01,-2.5990157727862563e+05,3.4453215119459092e+04,2.2534588316564541e+05,-2.6529649876723264e+05,5.3666415676174147e+04,2.1335719857136995e+05,-5.0489317025521655e+02,4.0341581797495451e+01,4.7265292230957380e+02
1.6000000000000000e-01,-2.3455426351951546e+05,-1.8742393901352691e+04,2.5324480276218790e+05,-2.4364835677571886e+05,7.4429857160905601e+02,2.4492247766466637e+05,-4.5154249215199087e+02,-6.6729032909647216e+01,5.2698896825551924e+02
1.6050000000000000e-01,-2.0090002502702991e+05,-7.1276905650105473e+04,2.7217011984401825e+05,-2.1336879327957053e+05,-5.2204065966561480e+04,2.6781132456612657e+05,-3.8219618281093716e+02,-1.7143734359629974e+02,5.6265569791092241e+02
1.6100000000000000e-01,-1.6012876271405598e+05,-1.2128648112781630e+05,2.8145372210606257e+05,-1.7553035997016646e+05,-1.0330274412160003e+05,2.8121298786344798e+05,-2.9930956950533488e+02,-2.7007032740164459e+02,5.7839086870815083e+02
1.6150000000000000e-01,-1.1368276320357356e+05,-1.6699662963542424e+05,2.8076877296910819e+05,-1.3147393923528097e+05,-1.5074238056712155e+05,2.8465227882597735e+05,-2.0582027932817005e+02,-3.5913690764902299e+02,5.7363573747549219e+02
1.6200000000000001e-01,-6.3212042369251867e+04,-2.0679410366749778e+05,2.7013490786550543e+05,-8.2759834453570162e+04,-1.9284159497902746e+05,2.7800777549355815e+05,-1.0503985189789572e+02,-4.3548166989087719e+02,5.4855913834883643e+02
1.6250000000000001e-01,-1.0500924672219242e+04,-2.3926451265593525e+05,2.4993245827175741e+05,-3.1113858554863895e+04,-2.2810917687563767e+05,2.6151476974945210e+05,-5.3767385726404282e-01,-4.9639741941674782e+02,5.0405020834218533e+02
1.6300000000000001e-01,4.2583300708777948e+04,-2.6325731566980237e+05,2.2087712943330253e+05,2.1634120060680274e+04,-2.5529630574484705e+05,2.3575725375848266e+05,1.0398289603559944e+02,-5.3972952972422820e+02,4.4168439918599779e+02
1.6350000000000001e-01,9.4156644827462587e+04,-2.7792715474735643e+05,1.8399477728921402e+05,7.3615905784929346e+04,-2.7343903768570785e+05,2.0164812420166179e+05,2.0481998442445760e+02,-5.6394142005226797e+02,3.6367186449077661e+02
1.6400000000000001e-01,1.4239621534299102e+05,-2.8274907037619373e+05,1.4059608663689558e+05,1.2298977185925997e+05,-2.8189512910698069e+05,1.6039547060268885e+05,2.9840164336168772e+02,-5.6817404109205211e+02,2.7277648785184186e+02
1.6450000000000001e-01,1.8559141441218878e+05,-2.7755423381515063e+05,9.2216796219161522e+04,1.6800651671140370e+05,-2.8036523194568785e+05,1.1346058070701199e+05,3.8141161502767983e+02,-5.5228047958779007e+02,1.7221721533159109e+02
1.6500000000000001e-01,2.2221017145490626e+05,-2.6252925978824298e+05,4.0568907967364838e+04,2.0707176082768242e+05,-2.6890284293629898e+05,6.2506505786167385e+04,4.5091028665816674e+02,-5.1682139356343009e+02,6.5557452845082850e+01
1.6550000000000001e-01,2.5095907047733243e+05,-2.3820143702171484e+05,-1.2514109566597219e+04,2.3880126767955517e+05,-2.4791466342686670e+05,9.3379903171600072e+03,5.0443538401124965e+02,-4.6305293663590959e+02,-4.3424567161325449e+01
1.6600000000000001e-01,2.7081683472001518e+05,-2.0543612602729112e+05,-6.5154589970097397e+04,2.6207105822243381e+05,-2.1814410047030417e+05,-4.4161389315894805e+04,5.4009005352581710e+02,-3.9288212751284027e+02,-1.5086879721253987e+02
1.6650000000000001e-01,2.8107978679343901e+05,-1.6539450778140494e+05,-1.1548792791748724e+05,2.7605703545263695e+05,-1.8064531949084523e+05,-9.6096146367711481e+04,5.5661228796472790e+02,-3.0879211501402227e+02,-2.5296790801918499e+02
1.6700000000000001e-01,2.8138727448046324e+05,-1.1949120128961714e+05,-1.6172812321760072e+05,2.8026339159182966e+05,-1.3674740214038306e+05,-1.4462681173110314e+05,5.5341614699042100e+02,-2.1376293624459811e+02,-3.4610560812266669e+02
1.6750000000000001e-01,2.7172510189548036e+05,-6.9356570554530117e+04,-2.0224039202066316e+05,2.7454130013282428e+05,-8.8005098683552496e+04,-1.8803397829610269e+05,5.3061460044599153e+02,-1.1116225190635599e+02,-4.2698270750168564e+02
1.6800000000000001e-01,2.5243676664766806e+05,-1.6765257845084583e+04,-2.3558836192703035e+05,2.5909357201600907e+05,-3.6144924339921163e+04,-2.2477982110095993e+05,4.8901630128458595e+02,-4.6222573357427024e+00,-4.9273319974827746e+02
1.6850000000000001e-01,2.2420722392865250e+05,3.6421951771902990e+04,-2.6058900488325700e+05,2.3446715300096315e+05,1.6995368708347323e+04,-2.5356289854576610e+05,4.3009405701396622e+02,1.0208097499012456e+02,-5.4102866798715672e+02
1.6900000000000001e-01,1.8803340088686501e+05,8.8316818222672169e+04,-2.7635977944982483e+05,2.0153470544787947e+05,6.9533759264809982e+04,-2.7336329716191092e+05,3.5593537237707716e+02,2.0516729081277856e+02,-5.7015807301627683e+02
1.6950000000000001e-01,1.4519894457040532e+05,1.3708363894110426e+05,-2.8233982896254747e+05,1.6146284811039650e+05,1.1960899606870255e+05,-2.8347960642793949e+05,2.6916795323091463e+02,3.0098670801681965e+02,-5.7908888927011503e+02
1.7000000000000001e-01,9.7221627674103278e+04,1.8099541951725614e+05,-2.7831696316783241e+05,1.1567093765426015e+05,1.6544672960902806e+05,-2.8355366104263027e+05,1.7286471791900090e+02,3.8614262657677375e+02,-5.6750559948426428e+02
1.7050000000000001e-01,4.5798612251270948e+04,2.1849330107860619e+05,-2.6443615510970121e+05,6.5781453426324719e+04,2.0542367629546308e+05,-2.7358255883902014e+05,7.0437723893708906e+01,4.5761913864797140e+02,-5.3581808273854222e+02
1.7100000000000001e-01,-7.2457881127920873e+03,2.4825225651595337e+05,-2.4118651065669849e+05,1.3561618917733838e+04,2.3812336996907054e+05,-2.5391966735514090e+05,-3.4484249791317758e+01,5.1288524276778116e+02,-4.8514862927865141e+02
1.7150000000000001e-01,-6.0033282252967707e+04,2.6921711254434037e+05,-2.0939249249693949e+05,-3.9138751046242556e+04,2.6238721268092148e+05,-2.2526165384676808e+05,-1.3818503214347729e+02,5.4998106190855231e+02,-4.1729297563160696e+02
1.7200000000000001e-01,-1.1069532656373133e+05,2.8064315105041460e+05,-1.7018190108517607e+05,-9.0452472243232391e+04,2.7735612781198911e+05,-1.8862349455712817e+05,-2.3699031887223373e+02,5.6759388907750997e+02,-3.3465428807212618e+02
1.7250000000000001e-01,-1.5743463037656434e+05,2.8212892729728302e+05,-1.2494122679082050e+05,-1.3856193405615637e+05,2.8249943927291664e+05,-1.4530331865018871e+05,-3.2739996537791086e+02,5.6509999493812370e+02,-2.4016016466186983e+02
1.7300000000000001e-01,-1.9859711013525873e+05,2.7361972444148338e+05,-7.5274823721936380e+04,-1.8176282407169373e+05,2.7763496186270722e+05,-9.6835754076051846e+04,-4.0621168256510646e+02,5.4258612055362732e+02,-1.3715862662621987e+02
1.7350000000000002e-01,-2.3272496727224081e+05,2.5541634405395115e+05,-2.2942551751881958e+04,-2.1852455045424477e+05,2.6293537222547858e+05,-4.4937609028098108e+04,-4.7063282807111830e+02,5.0085155780395269e+02,-2.9297853787879870e+01
1.7400000000000002e-01,-2.5860713676209937e+05,2.2816638578512424e+05,3.0203762664748407e+04,-2.4754503344415143e+05,2.3892097018757276e+05,8.5523735140605477e+03,-5.1838159779821297e+02,4.4137421732324668e+02,7.9600781411422702e+01
1.7450000000000002e-01,-2.7532882947068266e+05,1.9283251411858026e+05,8.2279280489674580e+04,-2.6779611195246456e+05,2.0644267839928585e+05,6.1739384793531579e+04,-5.4776671144568331e+02,3.6626015253537003e+02,1.8567924878830308e+02
1.7500000000000002e-01,-2.8229710838198714e+05,1.5066708087606487e+05,1.3143976984057174e+05,-2.7856028512669593e+05,1.6665123076610517e+05,1.1273934078497530e+05,-5.5774656760259347e+02,2.7817199557916064e+02,2.8518028816777564e+02
1.7550000000000002e-01,-2.7926381013984047e+05,1.0316558737518314e+05,1.7594500011061574e+05,-2.7945643476874364e+05,1.2095586254945905e+05,1.5974533716213549e+05,-5.4796813562967964e+02,1.8022920492600184e+02,3.7457850803854643e+02
1.7599999999999999e-01,-2.6633849245287559e+05,5.2008080792112247e+04,2.1421624989435403e+05,-2.7045265204127127e+05,7.0975663057807978e+04,2.0109232191008038e+05,-5.1877779293072626e+02,7.5901200034481562e+01,4.5070696318387132e+02
1.7649999999999999e-01,-2.4397775343164970e+05,-9.9157180680756608e+02,2.4489903048289701e+05,-2.5186790077251004e+05,1.8481212039330116e+04,2.3531556061197887e+05,-4.7120917441462387e+02,-3.1114801424697038e+01,5.1086921619003641e+02
1.7699999999999999e-01,-2.1297329862584948e+05,-5.3955173219239201e+04,2.6690682310166524e+05,-2.2436070755446670e+05,-3.4668145691042911e+04,2.6120252455331397e+05,-4.0694798842766278e+02,-1.3702907474070190e+02,5.5293341906779153e+02
1.7749999999999999e-01,-1.7442520752229475e+05,-1.0500874084202122e+05,2.7945825919638656e+05,-1.8890534645659605e+05,-8.6589217904417499e+04,2.7783633671952056e+05,-3.2827046004768295e+02,-2.3808918410173450e+02,5.7540968686380540e+02
1.7799999999999999e-01,-1.2969740284819667e+05,-1.5234157008276152e+05,2.8211036104224541e+05,-1.4675791482704799e+05,-1.3544281368707729e+05,2.8462766240315826e+05,-2.3796355760581937e+02,-3.3071417740752247e+02,5.7750200892136934e+02
1.7849999999999999e-01,-8.0374751088113495e+04,-1.9427724758928383e+05,2.7476881439486379e+05,-9.9411589210506150e+04,-1.7949843309726578e+05,2.8133583302087552e+05,-1.3922695827019382e+02,-4.1162412937995100e+02,5.5913575350620999e+02
1.7899999999999999e-01,-2.8205662366550147e+04,-2.2933171385565252e+05,2.5769256689600516e+05,-4.8543468916140970e+04,-2.1719505764495931e+05,2.6807763097943465e+05,-3.5558054032007895e+01,-4.7795193343903151e+02,5.2096195593674372e+02
1.7949999999999999e-01,2.4963440700678013e+04,-2.5626095779158507e+05,2.3148824659793041e+05,4.0442943369599730e+03,-2.4719750262365161e+05,2.4532261175614563e+05,6.9370631346191459e+01,-5.2734760610674266e+02,4.6433294091196012e+02
1.7999999999999999e-01,7.7248053499748625e+04,-2.7411217537084135e+05,1.9708319168824475e+05,5.6488742344401799e+04,-2.6844294000822364e+05,2.1387687253345069e+05,1.7184157160312051e+02,-5.5806241050024801e+02,3.9125444370506159e+02
1.8049999999999999e-01,1.2679552513807405e+05,-2.8225363045013533e+05,1.5569577610971880e+05,1.0693213298184525e+05,-2.8017848788780917e+05,1.7485452281304964e+05,2.6822513240152756e+02,-5.6900717640035361e+02,3.0431575667107683e+02
1.8099999999999999e-01,1.7185204906534488e+05,-2.8039501577138511e+05,1.0879360703192165e+05,1.5358733991733278e+05,-2.8198868834283709e+05,1.2963780512816968e+05,3.5510669327044110e+02,-5.5979441386418273e+02,2.0659654171119755e+02
1.8149999999999999e-01,2.1082017011542214e+05,-2.6860382719081850e+05,5.8036911897662379e+04,1.9480163044820784e+05,-2.7380931581341592e+05,7.9828595122526822e+04,4.2940822884137771e+02,-5.3075122978402453e+02,1.0155834728559969e+02
1.8200000000000000e-01,2.4231963284120456e+05,-2.4729757428228593e+05,5.2239814018197358e+03,2.2911504209720943e+05,-2.5592998322906991e+05,2.7191483318849616e+04,4.8849798677792018e+02,-4.8290538674303508e+02,-7.0773792868808600e+00
1.8250000000000000e-01,2.6523552936118143e+05,-2.1722972612993696e+05,-4.7773283559218638e+04,2.5531186819991871e+05,-2.2898434113195608e+05,-2.6408971293459366e+04,5.3028237582433553e+02,-4.1795247617865010e+02,-1.1546247016904252e+02
1.8300000000000000e-01,2.7875468969024159e+05,-1.7946720938512878e+05,-9.9078791480617525e+04,2.7246416685517004e+05,-1.9392677073517960e+05,-7.9073852165868942e+04,5.5328113829804192e+02,-3.3819377441733513e+02,-2.1975735467350461e+02
1.8350000000000000e-01,2.8239890181145392e+05,-1.3534691537650090e+05,-1.4687430821398806e+05,2.7996432606458140e+05,-1.5199917084396901e+05,-1.2893746288622281e+05,5.5667985021348841e+02,-2.4645384043322227e+02,-3.1626701563058634e+02
1.8400000000000000e-01,2.7603949870065076e+05,-8.6431209223970858e+04,-1.8946622262372318e+05,2.7754654076629342e+05,-1.0468705770642869e+05,-1.7423346838320090e+05,5.4035775268094778e+02,-1.4598345234871394e+02,-4.0157290809472642e+02
1.8450000000000000e-01,2.5990058294531750e+05,-3.4454504182014258e+04,-2.2534687750033938e+05,2.6529657581002085e+05,-5.3666266717244413e+04,-2.1335712148369153e+05,5.0489319250959568e+02,-4.0341689710510110e+01,-4.7265290006686337e+02
1.8500000000000000e-01,2.3455488959862522e+05,1.8743167379383460e+04,-2.5324417674083382e+05,2.4364835823939758e+05,-7.4429974046777181e+02,-2.4492248137803350e+05,4.5154270196640090e+02,6.6729668024496604e+01,-5.2698876462475425e+02
1.8550000000000000e-01,2.0090021344285767e+05,7.1277194520272154e+04,-2.7216993365522032e+05,2.1336872095947192e+05,5.2203927284935540e+04,-2.6781139535725658e+05,3.8219591083343010e+02,1.7143668538114568e+02,-5.6265596470557625e+02
1.8600000000000000e-01,1.6012794806854025e+05,1.2128540807672302e+05,-2.8145453400142124e+05,1.7553044613143976e+05,1.0330291149055955e+05,-2.8121290139325813e+05,2.9930969529705601e+02,2.7007051732237704e+02,-5.7839074053211721e+02
1.8650000000000000e-01,1.1368356061002919e+05,1.6699764190744713e+05,-2.8076797789414768e+05,1.3147390383281570e+05,1.5074231188804627e+05,-2.8465231651849166e+05,2.0582038376837551e+02,3.5913730061624847e+02,-5.7363564055300412e+02
1.8700000000000000e-01,6.3211853800120261e+04,2.0679390134493753e+05,-2.7013509708814666e+05,8.2759796251354870e+04,1.9284152067713349e+05,-2.7800781307853881e+05,1.0503960872445657e+02,4.3548102082222283e+02,-5.4855937547467022e+02
1.8750000000000000e-01,1.0500399818879088e+04,2.3926380185599506e+05,-2.4993298077478245e+05,3.1113938429595481e+04,2.2810933127179489e+05,-2.6151469040822022e+05,5.3786802562833746e-01,4.9639782760465357e+02,-5.0405001577959507e+02
1.8800000000000000e-01,-4.2582493067364972e+04,2.6325835911800986e+05,-2.2087632423997804e+05,-2.1634180118754990e+04,2.5529619019896380e+05,-2.3575731301812490e+05,-1.0398290075342489e+02,5.3972965040941631e+02,-4.4168440477612972e+02
1.8850000000000000e-01,-9.4157119655662100e+04,2.7792657242013770e+05,-1.8399525054278364e+05,-7.3615908986842798e+04,2.7343903067293606e+05,-2.0164812768443534e+05,-2.0482016180864542e+02,5.6394089066188644e+02,-3.6367203927328904e+02
1.8900000000000000e-01,-1.4239640709825655e+05,2.8274878511469212e+05,-1.4059627849947821e+05,-1.2298971154252339e+05,2.8189524648963485e+05,-1.6039541040029199e+05,-2.9840142597328423e+02,5.6817456256515311e+02,-2.7277627332075514e+02
1.8950000000000000e-01,-1.8559073745086193e+05,2.7755512423492636e+05,-9.2216120268558559e+04,-1.6800658613165063e+05,2.8036509789401485e+05,-1.1346064955936860e+05,-3.8141170902436494e+02,5.5228035292557172e+02,-1.7221730741034852e+02
1.9000000000000000e-01,-2.2221080286225100e+05,2.6252846057289554e+05,-4.0569537890989151e+04,-2.0707173436472093e+05,2.6890289311369398e+05,-6.2506479931829177e+04,-4.5091037833783810e+02,5.1682105419899688e+02,-6.5557544946759307e+01
1.9050000000000000e-01,-2.5095894994762092e+05,2.3820155729474811e+05,1.2514228724154085e+04,-2.3880123305085851e+05,2.4791472845027692e+05,-9.3379563675501213e+03,-5.0443518403121033e+02,4.6305346225869602e+02,4.3424764465297869e+01
1.9100000000000000e-01,-2.7081638356729213e+05,2.0543673493357917e+05,6.5155041233946446e+04,-2.6207112368998866e+05,2.1814397437245364e+05,4.4161324105754255e+04,-5.4009020676463808e+02,3.9288181791461983e+02,1.5086864689277871e+02
1.9150000000000000e-01,-2.8108044046557340e+05,1.6539366537823508e+05,1.1548727510650642e+05,-2.7605698911727726e+05,1.8064540890374701e+05,9.6096192465971311e+04,-5.5661229299948332e+02,3.0879199240553214e+02,2.5296790170965531e+02
1.9200000000000000e-01,-2.8138691589542152e+05,1.1949163749583547e+05,1.6172848064097110e+05,-2.8026338597722398e+05,1.3674741418019868e+05,1.4462681776650232e+05,-5.5341599799794585e+02,2.1376337547531699e+02,3.4610575716249150e+02
1.9250000000000000e-01,-2.7172491626629879e+05,6.9356841350850882e+04,2.0224057856318823e+05,-2.7454135046474909e+05,8.8005000258849890e+04,1.8803392770935089e+05,-5.3061477367007842e+02,1.1116184198901655e+02,4.2698253516456043e+02
1.9300000000000000e-01,-2.5243732394779698e+05,1.6764525725881358e+04,2.3558780427711963e+05,-2.5909351716539974e+05,3.6145030431000356e+04,2.2477987587014871e+05,-4.8901623369043682e+02,4.6223344731081690e+00,4.9273326586556226e+02
1.9350000000000001e-01,-2.2420673101176074e+05,-3.6421329343772602e+04,2.6058949751954013e+05,-2.3446717139123782e+05,-1.6995403377421662e+04,2.5356288038625530e+05,-4.3009397582190650e+02,-1.0208068235342240e+02,5.4102875046291206e+02
1.9400000000000001e-01,-1.8803346654887334e+05,-8.8316874243912098e+04,2.7635971445470949e+05,-2.0153473513382181e+05,-6.9533817602509094e+04,2.7336326721187320e+05,-3.5593553320536751e+02,-2.0516771455581892e+02,5.7015791171137846e+02
1.9450000000000001e-01,-1.4519932969437295e+05,-1.3708415765026317e+05,2.8233944315159530e+05,-1.6146279541364021e+05,-1.1960889336287497e+05,2.8347965931387321e+05,-2.6916783723958076e+02,-3.0098647589821746e+02,5.7908900494901559e+02
1.9500000000000001e-01,-9.7221104295767262e+04,-1.8099474479109127e+05,2.7831748694285430e+05,-1.1567097288345519e+05,-1.6544679781332091e+05,2.8355362576939008e+05,-1.7286470551226003e+02,-3.8614250636774449e+02,5.6750561273211792e+02
1.9550000000000001e-01,-4.5798877204533426e+04,-2.1849362205081541e+05,2.6443589014034980e+05,-6.5781460781030008e+04,-2.0542369121476062e+05,2.7358255135072320e+05,-7.0437847730608723e+01,-4.5761950171997034e+02,5.3581795795848564e+02
1.9600000000000001e-01,7.2456114523255756e+03,-2.4825250690690588e+05,2.4118633280841669e+05,-1.3561576162218878e+04,-2.3812328474784008e+05,2.5391970591974678e+05,3.4484386128405852e+01,-5.1288491489637806e+02,4.8514876064955502e+02
1.9650000000000001e-01,6.0033744145536482e+04,-2.6921650972946174e+05,2.0939295388476452e+05,3.9138707855291286e+04,-2.6238730154904013e+05,2.2526161444766319e+05,1.3818498728655700e+02,-5.4998111576244833e+02,4.1729293737110925e+02
1.9700000000000001e-01,1.1069494075830028e+05,-2.8064364140088466e+05,1.7018151765740130e+05,9.0452486266405016e+04,-2.7735610873548890e+05,1.8862351001951899e+05,2.3699024647299379e+02,-5.6759414202838059e+02,3.3465421511233939e+02
1.9750000000000001e-01,1.5743465861533958e+05,-2.8212891209169431e+05,1.2494125329619095e+05,1.3856196153029992e+05,-2.8249938951199158e+05,1.4530334523149556e+05,3.2740009663396609e+02,-5.6509964542003877e+02,2.4016028991631251e+02
1.9800000000000001e-01,1.9859744114581219e+05,-2.7361928188946878e+05,7.5275154611670572e+04,1.8176277985836627e+05,-2.7763504343863938e+05,9.6835709353633967e+04,4.0621159096752478e+02,-5.4258629279582340e+02,1.3715853760982483e+02
1.9850000000000001e-01,2.3272454311153395e+05,-2.5541688714451567e+05,2.2942128643995078e+04,2.1852457675370816e+05,-2.6293531886753498e+05,4.4937635451890266e+04,4.7063280966113541e+02,-5.0085167028322337e+02,2.9297835087833494e+01
1.9900000000000001e-01,2.5860733271434071e+05,-2.2816615004056637e+05,-3.0203567020667702e+04,2.4754504275827768e+05,-2.3892095556820129e+05,-8.5523643686402756e+03,5.1838170485066689e+02,-4.4137391952867688e+02,-7.9600674024051855e+01
1.9950000000000001e-01,2.7532899453771347e+05,-1.9283228392477162e+05,-8.2279115182757843e+04,2.6779607608777669e+05,-2.0644274675637146e+05,-6.1739420545461478e+04,5.4776660033521853e+02,-3.6626040386257353e+02,-1.8567935949216854e+02
2.0000000000000001e-01,2.8229672594537586e+05,-1.5066757824211378e+05,-1.3144015235974264e+05,2.7856031986064330e+05,-1.6665116378626160e+05,-1.1273930599984368e+05,5.5774659948709541e+02,-2.7817197492963544e+02,-2.8518025656690810e+02
