omega,re_Hmin_0,im_Hmin_0,re_Hmin_1,im_Hmin_1,re_Hmin_2,im_Hmin_2
6.2831853071795853e+00,9.96938204795246197e-01,-1.63068610283452356e-03,9.97970313203763504e-01,-1.68405573911734876e-03,9.96708008569619830e-01,-1.82624117306929169e-03
6.7325543550282054e+00,9.96853000171336712e-01,-1.63869873237746473e-03,9.97930445442123948e-01,-1.74390988823603125e-03,9.96614017430327404e-01,-1.83922031565881454e-03
7.2140619649742437e+00,9.96766980161085114e-01,-1.64463357258311411e-03,9.97890774917925216e-01,-1.80794967839569562e-03,9.96518859250338895e-01,-1.85005589055661215e-03
7.7300066646502446e+00,9.96680302969669585e-01,-1.64838319478327914e-03,9.97851283962083890e-01,-1.87656234535154599e-03,9.96422680385695592e-01,-1.85861007190722726e-03
8.2828513707880944e+00,9.96593143209458465e-01,-1.64984848429877056e-03,9.97811941022640703e-01,-1.95015699472146859e-03,9.96325644205832694e-01,-1.86475000240485071e-03
8.8752351462132175e+00,9.96505691983675446e-01,-1.64894097897161276e-03,9.97772700102295462e-01,-2.02916407106659962e-03,9.96227931551664114e-01,-1.86835011406788530e-03
9.5099857976907742e+00,9.96418156665236920e-01,-1.64558540074403103e-03,9.97733500412017027e-01,-2.11403483923949548e-03,9.96129740985580825e-01,-1.86929471819082330e-03
1.0190133374761119e+01,9.96330760327492682e-01,-1.63972237058401631e-03,9.97694266242947880e-01,-2.20524096147498190e-03,9.96031288815665161e-01,-1.86748088288247842e-03
1.0918924634002583e+01,9.96243740788844256e-01,-1.63131126528887017e-03,9.97654907072321295e-01,-2.30327421665461754e-03,9.95932808884101406e-01,-1.86282158615215824e-03
1.1699838537768235e+01,9.96157349087634647e-01,-1.62033306194635674e-03,9.97615317680724978e-01,-2.40864649809531713e-03,9.95834551835270476e-01,-1.85524888703993661e-03
1.2536602861381589e+01,9.96071847513913200e-01,-1.60679323952140317e-03,9.97575378501942001e-01,-2.52189008477580242e-03,9.95736784105342498e-01,-1.84471736293575182e-03
1.3433211988067390e+01,9.95987507023106899e-01,-1.59072451043328067e-03,9.97534955969338166e-01,-2.64355827452869129e-03,9.95639786326003029e-01,-1.83120746798801776e-03
1.4393945976563458e+01,9.95904604056707443e-01,-1.57218931767382896e-03,9.97493902879401206e-01,-2.77422640613455857e-03,9.95543851147978054e-01,-1.81472880935375312e-03
1.5423390992434912e+01,9.95823416779718640e-01,-1.55128193815441771e-03,9.97452058748837134e-01,-2.91449326535741723e-03,9.95449280431580541e-01,-1.79532318684504869e-03
1.6526461200621817e+01,9.95744220767501464e-01,-1.52813005510748709e-03,9.97409250117303192e-01,-3.06498288540415359e-03,9.95356381748704666e-01,-1.77306726345967305e-03
1.7708422223726544e+01,9.95667284222111260e-01,-1.50289564260084902e-03,9.97365290767703305e-01,-3.22634670667682876e-03,9.95265464190465909e-01,-1.74807471034382159e-03
1.8974916278021656e+01,9.95592862851170546e-01,-1.47577501874042970e-03,9.97319981853182935e-01,-3.39926605739877038e-03,9.95176833529086258e-01,-1.72049766709831461e-03
2.0331989107167519e+01,9.95521194580891833e-01,-1.44699799068441753e-03,9.97273111899079967e-01,-3.58445497008249344e-03,9.95090786823132678e-01,-1.69052740347535972e-03
2.1786118842210715e+01,9.95452494267768495e-01,-1.41682573645531603e-03,9.97224456632312295e-01,-3.78266287479242166e-03,9.95007606561118640e-01,-1.65839377453250690e-03
2.3344246925629555e+01,9.95386948916307301e-01,-1.38554826999193539e-03,9.97173778928648558e-01,-3.99467841523456178e-03,9.94927554874475373e-01,-1.62436420273121430e-03
2.5013811247045702e+01,9.95324713043887366e-01,-1.35348002819214025e-03,9.97120828012009186e-01,-4.22133212361689228e-03,9.94850867292360053e-01,-1.58874066173307800e-03
2.6802781648779042e+01,9.95265905240878657e-01,-1.32095526479287552e-03,9.97065339079528101e-01,-4.46350023279553504e-03,9.94777747359982700e-01,-1.55185617818531969e-03
2.8719697970734991e+01,9.95210605566667295e-01,-1.28832245972606424e-03,9.97007032442197794e-01,-4.72210816759695978e-03,9.94708361662659302e-01,-1.51406996543706519e-03
3.0773710816235841e+01,9.95158854080719690e-01,-1.25593834188150386e-03,9.96945612342149734e-01,-4.99813418339323766e-03,9.94642835744817710e-01,-1.47576167910536474e-03
3.2974625233396047e+01,9.95110651111955291e-01,-1.22416183712262434e-03,9.96880766516873740e-01,-5.29261326383068109e-03,9.94581251733378413e-01,-1.43732500704592432e-03
3.5332947520558982e+01,9.95065957909216592e-01,-1.19334807591028359e-03,9.96812163713407640e-01,-5.60664078437766653e-03,9.94523646329230071e-01,-1.39916078036582577e-03
3.7859935379226158e+01,9.95024699380357980e-01,-1.16384300448444528e-03,9.96739452839281892e-01,-5.94137659604681602e-03,9.94470011261537779e-01,-1.36167008216130786e-03
4.0567651653889101e+01,9.94986767414136053e-01,-1.13597872615853190e-03,9.96662261007807082e-01,-6.29804910194772978e-03,9.94420294693121765e-01,-1.32524764141798805e-03
4.3469021915296487e+01,9.94952025082872393e-01,-1.11006976564591991e-03,9.96580191569422791e-01,-6.67795942907730561e-03,9.94374404055630046e-01,-1.29027580510666061e-03
4.6577896162036765e+01,9.94920311358707177e-01,-1.08641047964853042e-03,9.96492821930888728e-01,-7.08248580731040550e-03,9.94332210002182193e-01,-1.25711947682163004e-03
4.9909114934975015e+01,9.94891446065579221e-01,-1.06527355559746240e-03,9.96399701174637720e-01,-7.51308804388077511e-03,9.94293551206613224e-01,-1.22612212966168033e-03
5.3478580160148262e+01,9.94865234787999264e-01,-1.04690963597943096e-03,9.96300347454019630e-01,-7.97131219100781496e-03,9.94258239686260925e-01,-1.19760308749147781e-03
5.7303331058295718e+01,9.94841473508653262e-01,-1.03154794634551655e-03,9.96194245170209380e-01,-8.45879539090372071e-03,9.94226066332148273e-01,-1.17185608020634394e-03
6.1401625483385565e+01,9.94819952782719508e-01,-1.01939774263202360e-03,9.96080841909308234e-01,-8.97727085698619282e-03,9.94196806338863204e-01,-1.14914897811024472e-03
6.5793027078417055e+01,9.94800461319438334e-01,-1.01065051852853791e-03,9.95959545125156609e-01,-9.52857314380086903e-03,9.94170224276375247e-01,-1.12972469463579542e-03
7.0498498664544442e+01,9.94782788895050563e-01,-1.00548262401519914e-03,9.95829718555911847e-01,-1.01146435007462981e-02,9.94146078603307393e-01,-1.11380291506278650e-03
7.5540502309326968e+01,9.94766728564966174e-01,-1.00405828994685337e-03,9.95690678341039970e-01,-1.07375355290118858e-02,9.94124125478054732e-01,-1.10158262197683487e-03
8.0943106551789882e+01,9.94752078189253708e-01,-1.00653279397999729e-03,9.95541688822770832e-01,-1.13994210097312955e-02,9.94104121792829920e-01,-1.09324510272050882e-03
8.6732101296147420e+01,9.94738641310729865e-01,-1.01305563820225722e-03,9.95381958004459722e-01,-1.21025959092115609e-02,9.94085827405149725e-01,-1.08895724602495886e-03
9.2935120922645552e+01,9.94726227440556388e-01,-1.02377376092658776e-03,9.95210632622680169e-01,-1.28494867228950843e-02,9.94069006580337589e-01,-1.08887508137145428e-03
9.9581776203206161e+01,9.94714651826390961e-01,-1.03883448841259746e-03,9.95026792824917794e-01,-1.36426568857219779e-02,9.94053428701758501e-01,-1.09314719937599059e-03
1.0670379565158625e+02,9.94703734766645309e-01,-1.05838831600797018e-03,9.94829446400324779e-01,-1.44848134276795298e-02,9.94038868309186752e-01,-1.10191808193774166e-03
1.1433517698280319e+02,9.94693300528207924e-01,-1.08259158198488470e-03,9.94617522502702522e-01,-1.53788139892531636e-02,9.94025104532428649e-01,-1.11533135300673214e-03
1.2251234940483201e+02,9.94683175940193287e-01,-1.11160867401616237e-03,9.94389864872204488e-01,-1.63276737638735486e-02,9.94011920012133010e-01,-1.13353254878315046e-03
1.3127434751729254e+02,9.94673188698879773e-01,-1.14561416246181103e-03,9.94145224459479393e-01,-1.73345728583597578e-02,9.93999099363647609e-01,-1.15667176862076920e-03
1.4066299764724937e+02,9.94663165414703010e-01,-1.18479447954102785e-03,9.93882251417166129e-01,-1.84028635793311163e-02,9.93986427239957893e-01,-1.18490580321534839e-03
1.5072311751161968e+02,9.94652929465385305e-01,-1.22934956492098263e-03,9.93599486433566992e-01,-1.95360781568068090e-02,9.93973686079245411e-01,-1.21840014311364042e-03
1.6150273015929693e+02,9.94642298613348408e-01,-1.27949390263357166e-03,9.93295351291638373e-01,-2.07379361493858355e-02,9.93960653518300652e-01,-1.25733028351497633e-03
1.7305329321426640e+02,9.94631082485598172e-01,-1.33545762240728366e-03,9.92968138681712853e-01,-2.20123523573362220e-02,9.93947099586110383e-01,-1.30188298925237173e-03
1.8542994451403050e+02,9.94619079770105219e-01,-1.39748702976350003e-03,9.92616000997317727e-01,-2.33634443890017862e-02,9.93932783549772547e-01,-1.35225688180704018e-03
1.9869176531592197e+02,9.94606075405262802e-01,-1.46584484021457240e-03,9.92236938474854835e-01,-2.47955402602567099e-02,9.93917450700149696e-01,-1.40866261935605752e-03
2.1290206232775020e+02,9.94591837174596205e-01,-1.54081023459617938e-03,9.91828785616568620e-01,-2.63131859907532184e-02,9.93900828503148093e-01,-1.47132278272725514e-03
2.2812866990908441e+02,9.94576115518983839e-01,-1.62267843871032047e-03,9.91389202039900108e-01,-2.79211537738507376e-02,9.93882625919431884e-01,-1.54047116976673004e-03
2.4444427388576150e+02,9.94558632904982920e-01,-1.71175939456583159e-03,9.90915645474565232e-01,-2.96244466817902202e-02,9.93862522309465479e-01,-1.61635105303808979e-03
2.6192675852338226e+02,9.94539086607332701e-01,-1.80837666185523771e-03,9.90405365525152348e-01,-3.14283073188149353e-02,9.93840169667673190e-01,-1.69921354318094964e-03
2.8065957831611280e+02,9.94517044684965490e-01,-1.91286431353235309e-03,9.89855218557658789e-01,-3.33381979851127275e-02,9.93815088669661617e-01,-1.78931375155108596e-03
3.0073215636556068e+02,9.94492334263493594e-01,-2.02556716258649183e-03,9.89262302391418658e-01,-3.53599055218217634e-02,9.93787054119419477e-01,-1.88691040158890655e-03
3.2224031125143301e+02,9.94464454619673477e-01,-2.14683291888782823e-03,9.88622962050227372e-01,-3.74993985862337592e-02,9.93755510989772994e-01,-1.99225668256337862e-03
3.4528671443168543e+02,9.94432957291689679e-01,-2.27701056883887476e-03,9.87933408538938407e-01,-3.97629275750630284e-02,9.93719951800930312e-01,-2.10559767307243184e-03
3.6998138035561527e+02,9.94397353976350762e-01,-2.41644279985574195e-03,9.87189546089501047e-01,-4.21570030518062522e-02,9.93679824653468269e-01,-2.22716138194439806e-03
3.9644219162949975e+02,9.94357109194651811e-01,-2.56546210540004038e-03,9.86386939392263740e-01,-4.46883984166099035e-02,9.93634525608016017e-01,-2.35715329623770176e-03
4.2479546174171549e+02,9.94311637462377051e-01,-2.72438038187855502e-03,9.85520785868175375e-01,-4.73641454692055042e-02,9.93583395687504645e-01,-2.49574424413787077e-03
4.5517653803357103e+02,9.94260306231595559e-01,-2.89348081470700014e-03,9.84585893334576245e-01,-5.01915335315421818e-02,9.93525723791822912e-01,-2.64306033322020406e-03
4.8773044779419126e+02,9.94202324308996133e-01,-3.07300797313753149e-03,9.83576473536638463e-01,-5.31780742654606731e-02,9.93460635977846729e-01,-2.79917077884250798e-03
5.2261259056365839e+02,9.94137166723310872e-01,-3.26315492710732569e-03,9.82486780357086920e-01,-5.63316046238558077e-02,9.93387518430527972e-01,-2.96407314911642517e-03
5.5998947994919672e+02,9.94063734250037578e-01,-3.46405880114844522e-03,9.81309738179924951e-01,-5.96600616559149755e-02,9.93305182651497587e-01,-3.13768552717672011e-03
6.0003953849553216e+02,9.93981768150910883e-01,-3.67578552296826677e-03,9.80039128785219149e-01,-6.31718413214567565e-02,9.93213273401491903e-01,-3.31983025005327947e-03
6.4295394940382641e+02,9.93889952283054101e-01,-3.89830659796858159e-03,9.78666565364127217e-01,-6.68752547386973484e-02,9.93110383595861790e-01,-3.51020605188293033e-03
6.8893756916496295e+02,9.93787616933519025e-01,-4.13150934069320130e-03,9.77184098413980906e-01,-7.07789940816285490e-02,9.92995750583053671e-01,-3.70839767160704992e-03
7.3820990546372707e+02,9.93674434135342510e-01,-4.37518681545009946e-03,9.75583655220966350e-01,-7.48920301745162886e-02,9.92868955962592614e-01,-3.91386329302675917e-03
7.9100616502201171e+02,9.93549307172061469e-01,-4.62901624238082343e-03,9.73855286154563737e-01,-7.92232438763559310e-02,9.92728825338981657e-01,-4.12590982114657834e-03
8.4757837638304909e+02,9.93411603894581052e-01,-4.89258041059231763e-03,9.71988969290091265e-01,-8.37817731466031779e-02,9.92574658009397370e-01,-4.34371449163606371e-03
9.0819659299638386e+02,9.93260740971590561e-01,-5.16537137050820938e-03,9.69973904890321204e-01,-8.85768527643007730e-02,9.92405818008435525e-01,-4.56632759355446449e-03
9.7315018234664615e+02,9.93096276809969369e-01,-5.44680138758607546e-03,9.67798570405669190e-01,-9.36178062952139345e-02,9.92221830680847128e-01,-4.79268401333915461e-03
1.0427492072799280e+03,9.92917950244841085e-01,-5.73624561187519033e-03,9.65450692237117325e-01,-9.89140456375732224e-02,9.92022425148403553e-01,-5.02164728719090014e-03
1.1173259061216529e+03,9.92725526105415534e-01,-6.03303953063094589e-03,9.62916963323004582e-01,-1.04474933841303019e-01,9.91807384647651835e-01,-5.25200965159039468e-03
1.1972362786514534e+03,9.92519110261046555e-01,-6.33655638342950356e-03,9.60183399611911348e-01,-1.10309910149404555e-01,9.91576861511074936e-01,-5.48257290603176850e-03
1.2828617855058624e+03,9.92299123843290887e-01,-6.64628377335674259e-03,9.57235226437523457e-01,-1.16428480000444146e-01,9.91331352680096423e-01,-5.71222879272198503e-03
1.3746111691211165e+03,9.92066028010704981e-01,-6.96180354286340952e-03,9.54056460554218000e-01,-1.22839985498433557e-01,9.91071426111993281e-01,-5.93994349492760199e-03
1.4729224049085135e+03,9.91820459524931586e-01,-7.28289052331154707e-03,9.50630039823456285e-01,-1.29553667338534573e-01,9.90797852773856347e-01,-6.16486024688039924e-03
1.5782647919764743e+03,9.91563224198098281e-01,-7.60954170865413282e-03,9.46937776826621391e-01,-1.36578594099570627e-01,9.90511595670480416e-01,-6.38633171088037743e-03
1.6911411933796066e+03,9.91295167789490783e-01,-7.94200799204985985e-03,9.42960160895257915e-01,-1.43923537428841231e-01,9.90213675828655160e-01,-6.60395343071618068e-03
1.8120904365888139e+03,9.91017022414939497e-01,-8.28079013558707944e-03,9.38676147664325278e-01,-1.51596789754249672e-01,9.89905012839749743e-01,-6.81755974947184651e-03
1.9416898856413561e+03,9.90729576588279648e-01,-8.62668373419639423e-03,9.34063349145811905e-01,-1.59606182277291231e-01,9.89586585637145633e-01,-7.02726552802168669e-03
2.0805581972493128e+03,9.90433456113795074e-01,-8.98073756035105975e-03,9.29097744156426097e-01,-1.67958821287631621e-01,9.89259207950593522e-01,-7.23341952796108245e-03
2.2293582740229917e+03,9.90129104809065352e-01,-9.34421541167890224e-03,9.23753640018896149e-01,-1.76660907904025055e-01,9.88923502914784369e-01,-7.43655855761832241e-03
2.3888004289068249e+03,9.89816793638490955e-01,-9.71855788130771003e-03,9.18003659578784381e-01,-1.85717556216872304e-01,9.88579907745873676e-01,-7.63735932961800978e-03
2.5596457759335367e+03,9.89496569362570133e-01,-1.01053408905305564e-02,9.11818650841698330e-01,-1.95132552591727182e-01,9.88228621000456608e-01,-7.83658582596824527e-03
2.7427098634826762e+03,9.89168722379422438e-01,-1.05063155118541030e-02,9.05168162300382440e-01,-2.04908456515946302e-01,9.87870067019165132e-01,-8.03511488298075394e-03
2.9388665673872893e+03,9.88833590987294619e-01,-1.09233713788211007e-02,8.98020147553624692e-01,-2.15046240463386995e-01,9.87504705848388120e-01,-8.23388783447087658e-03
3.1490522624728596e+03,9.88489597256933306e-01,-1.13578179550473668e-02,8.90338969808502245e-01,-2.25543161117655655e-01,9.87131092478760186e-01,-8.43319309232959391e-03
3.3742702924418300e+03,9.88131792727407143e-01,-1.18110161672632108e-02,8.82083261315198208e-01,-2.36392606746003098e-01,9.86744443733930998e-01,-8.63328467611890193e-03
3.6155957594411634e+03,9.87765538898885520e-01,-1.22845206471782209e-02,8.73222631451075260e-01,-2.47590300123960910e-01,9.86350206900884707e-01,-8.83448628296529259e-03
3.8741806561764306e+03,9.87389845167178537e-01,-1.27796532778909899e-02,8.63717285113037025e-01,-2.59125777014370395e-01,9.85947555548150611e-01,-9.03679508204918713e-03
4.1512593650711415e+03,9.86997458801197269e-01,-1.32974000676903403e-02,8.53518947909163606e-01,-2.70981543644163658e-01,9.85529490390493645e-01,-9.23978719841112017e-03
4.4481545507221354e+03,9.86595835022397782e-01,-1.38389513642428880e-02,8.42595086535165128e-01,-2.83143710449442310e-01,9.85103629057952568e-01,-9.44308386207914907e-03
4.7662834737792873e+03,9.86179226639201323e-01,-1.44052987130373206e-02,8.30896819051397340e-01,-2.95587280203619629e-01,9.84664557332759260e-01,-9.64603914446197572e-03
5.1071647563894658e+03,9.85744700414985298e-01,-1.49975574645874188e-02,8.18377816348819453e-01,-3.08283844144555397e-01,9.84209707827385816e-01,-9.84801234508564383e-03
5.4724256315004277e+03,9.85297351130046684e-01,-1.56168045588721549e-02,8.05000062237952618e-01,-3.21203958201513040e-01,9.83744529665395606e-01,-1.00481770236215406e-02
5.8638097106298064e+03,9.84833402683011006e-01,-1.62642536015048522e-02,7.90715625227379038e-01,-3.34307878759931731e-01,9.83265751482975459e-01,-1.02457673536189287e-02
6.2831853071795786e+03,9.84353119570972934e-01,-1.69411811668975787e-02,7.75481369125475828e-01,-3.47551868664904506e-01,9.82774176393034882e-01,-1.04399470337426803e-02
6.7325543550281964e+03,9.83855842846489415e-01,-1.76490146082934340e-02,7.59254073899961357e-01,-3.60885193097719381e-01,9.82269768130718535e-01,-1.06299152794342988e-02
7.2140619649742330e+03,9.83340370654618878e-01,-1.83892915803083867e-02,7.41991621569914495e-01,-3.74249831563922664e-01,9.81752032069088454e-01,-1.08148619405630808e-02
7.7300066646502428e+03,9.82805936260681801e-01,-1.91636219851918921e-02,7.23654764001393835e-01,-3.87580633933658547e-01,9.81220988861919441e-01,-1.09939179736249781e-02
8.2828513707880938e+03,9.82250735554097032e-01,-1.99738032743361771e-02,7.04206506810366673e-01,-4.00804228098794235e-01,9.80675723516643782e-01,-1.11662738170180686e-02
8.8752351462132119e+03,9.81674043381252304e-01,-2.08217727745848291e-02,6.83615071222713588e-01,-4.13839986480663780e-01,9.80116489818404490e-01,-1.13311091353888449e-02
9.5099857976907642e+03,9.81074285886146313e-01,-2.17096407723267742e-02,6.61853173004188777e-01,-4.26598711870375236e-01,9.79542811722988072e-01,-1.14876346993999581e-02
1.0190133374761108e+04,9.80455578465871058e-01,-2.26391330948023661e-02,6.38904943078534293e-01,-4.38986320809454211e-01,9.78959964545319861e-01,-1.16344674000585235e-02
1.0918924634002566e+04,9.79813811935430934e-01,-2.36133228293977093e-02,6.14754297624453439e-01,-4.50896444968698351e-01,9.78365226506222818e-01,-1.17714747924260732e-02
1.1699838537768232e+04,9.79147648255432212e-01,-2.46343846732963168e-02,5.89397445293572075e-01,-4.62215711763223791e-01,9.77758759471899275e-01,-1.18974501535679122e-02
1.2536602861381585e+04,9.78455681140387612e-01,-2.57045552438643909e-02,5.62841157895318189e-01,-4.72823263161203600e-01,9.77140820524312503e-01,-1.20110838536300335e-02
1.3433211988067382e+04,9.77735788907474923e-01,-2.68252083761826576e-02,5.35104646138201967e-01,-4.82590371103607862e-01,9.76511121992541975e-01,-1.21100593672559265e-02
1.4393945976563442e+04,9.76986949747093547e-01,-2.79994426999982809e-02,5.06220210370755708e-01,-4.91384372885063037e-01,9.75870683027356689e-01,-1.21935790679743583e-02
1.5423390992434895e+04,9.76208772088148935e-01,-2.92321487091140031e-02,4.76234299116496063e-01,-4.99069237142073685e-01,9.75221392942683618e-01,-1.22624327587332882e-02
1.6526461200621790e+04,9.75399434294025536e-01,-3.05259993910514393e-02,4.45211056293270624e-01,-5.05503238319291670e-01,9.74563921021871726e-01,-1.23150778646737846e-02
1.7708422223726517e+04,9.74556452002440454e-01,-3.18828227216915172e-02,4.13233311543303949e-01,-5.10542445418267654e-01,9.73898509457373218e-01,-1.23489879788578061e-02
1.8974916278021654e+04,9.73679278898329614e-01,-3.33089706589417139e-02,3.80400820517010574e-01,-5.14047205098360660e-01,9.73227683645310759e-01,-1.23659030313214291e-02
2.0331989107167505e+04,9.72764619884926685e-01,-3.48053035549226175e-02,3.46837069036690759e-01,-5.15876706153918674e-01,9.72551420916863529e-01,-1.23620447848786785e-02
2.1786118842210701e+04,9.71811990434813588e-01,-3.63800688859659549e-02,3.12682425146638465e-01,-5.15901207637907477e-01,9.71872971040945499e-01,-1.23407178498275982e-02
2.3344246925629530e+04,9.70816290819716654e-01,-3.80303634691041975e-02,2.78106037116740257e-01,-5.13993323112463596e-01,9.71191065800895204e-01,-1.22941912771852551e-02
2.5013811247045676e+04,9.69777651296921617e-01,-3.97684855602348231e-02,2.43289169433088287e-01,-5.10047043402737876e-01,9.70510384289011263e-01,-1.22294902349251444e-02
2.6802781648779001e+04,9.68691856599643519e-01,-4.15953492941139591e-02,2.08441577828647778e-01,-5.03966565691129631e-01,9.69831381660582581e-01,-1.21423986942520434e-02
2.8719697970734982e+04,9.67557121503173523e-01,-4.35204014906536985e-02,1.73787567212153354e-01,-4.95680317775865797e-01,9.69157596487462469e-01,-1.20369697275066190e-02
3.0773710816235834e+04,9.66368013055221464e-01,-4.55436747300690947e-02,1.39575592750039695e-01,-4.85137260777703805e-01,9.68489087357523482e-01,-1.19079947186947477e-02
3.2974625233396029e+04,9.65120305320555927e-01,-4.76690400550917673e-02,1.06067012455739379e-01,-4.72317041956476058e-01,9.67827674228519008e-01,-1.17539775130916166e-02
3.5332947520558948e+04,9.63809695074994921e-01,-4.99008734909747731e-02,7.35346355052650391e-02,-4.57232017418096826e-01,9.67175594087081869e-01,-1.15739029255221837e-02
3.7859935379226117e+04,9.62432570720119229e-01,-5.22526570212571428e-02,4.22533586312914822e-02,-4.39930842669231881e-01,9.66536684104962629e-01,-1.13757561749531222e-02
4.0567651653889036e+04,9.60983188767284724e-01,-5.47288689490027513e-02,1.25060455089960054e-02,-4.20498977941111129e-01,9.65912862309191822e-01,-1.11587400659537983e-02
4.3469021915296398e+04,9.59453391312296566e-01,-5.73231956687345057e-02,-1.54225936919763496e-02,-3.99062547230271125e-01,9.65303649626819471e-01,-1.09115499362480439e-02
4.6577896162036755e+04,9.57839040067454905e-01,-6.00555381120458920e-02,-4.12726026914497640e-02,-3.75790684535952990e-01,9.64714415146065263e-01,-1.06488227626865967e-02
4.9909114934974983e+04,9.56131745995372762e-01,-6.29327406242732312e-02,-6.47938863037825358e-02,-3.50892340775512013e-01,9.64146348910583262e-01,-1.03726398456839841e-02
5.3478580160148224e+04,9.54322427127028972e-01,-6.59509733916063823e-02,-8.57570441045330811e-02,-3.24618572806578187e-01,9.63599935206926883e-01,-1.00747433664346575e-02
5.7303331058295655e+04,9.52403024813134325e-01,-6.91245488465568880e-02,-1.03973876404847065e-01,-2.97256603171089262e-01,9.63078372995063159e-01,-9.76514532146266490e-03
6.1401625483385491e+04,9.50362851716005763e-01,-7.24575244143412789e-02,-1.19291652507210036e-01,-2.69127234122898074e-01,9.62582332068115276e-01,-9.44417693137958314e-03
6.5793027078416912e+04,9.48191556877415187e-01,-7.59576300195100584e-02,-1.31606379773294202e-01,-2.40578308244004280e-01,9.62113745629135653e-01,-9.11623570836288949e-03
7.0498498664544430e+04,9.45877596180396574e-01,-7.96315056736037752e-02,-1.40866566917008829e-01,-2.11977198243000819e-01,9.61674012950839874e-01,-8.78521938163707994e-03
7.5540502309326941e+04,9.43405653826958401e-01,-8.34713161066322484e-02,-1.47074453592543564e-01,-1.83703985700900907e-01,9.61260297090276605e-01,-8.44141666048989214e-03
8.0943106551789780e+04,9.40763339629475226e-01,-8.74885737050956624e-02,-1.50299096210192634e-01,-1.56136514943749694e-01,9.60874853753167613e-01,-8.09491383087684868e-03
8.6732101296147317e+04,9.37936590736043740e-01,-9.16873450267371437e-02,-1.50668792045893951e-01,-1.29642930567337250e-01,9.60518425024605937e-01,-7.74924846257613043e-03
9.2935120922645452e+04,9.34906432858936043e-01,-9.60646648538324988e-02,-1.48370181730091616e-01,-1.04569926528278817e-01,9.60186840985724488e-01,-7.40222114067787262e-03
9.9581776203205955e+04,9.31659249315248128e-01,-1.00621377997491934e-01,-1.43648532876561763e-01,-8.12307528615976993e-02,9.59882257976982123e-01,-7.05591794683374518e-03
1.0670379565158622e+05,9.28177201673483943e-01,-1.05365222142888987e-01,-1.36798895921799668e-01,-5.98925095548919900e-02,9.59604001667240136e-01,-6.72089478259363382e-03
1.1433517698280315e+05,9.24441604365363601e-01,-1.10283634459205915e-01,-1.28155852601961107e-01,-4.07721041894040029e-02,9.59348944250219882e-01,-6.38850025184256598e-03
1.2251234940483197e+05,9.20438731514896635e-01,-1.15381559557270391e-01,-1.18086898793911349e-01,-2.40221633967364276e-02,9.59121438603647736e-01,-6.06851491648244257e-03
1.3127434751729239e+05,9.16142625796041221e-01,-1.20657211523862579e-01,-1.06974904582524441e-01,-9.72952366253194284e-03,9.58913263473422317e-01,-5.76688965562877770e-03
1.4066299764724923e+05,9.11539194418363952e-01,-1.26089041761780180e-01,-9.52089621670197117e-02,2.08508931804091135e-03,9.58725978403173196e-01,-5.46949118668677708e-03
1.5072311751161952e+05,9.06605988196795942e-01,-1.31679418912262619e-01,-8.31679249827254191e-02,1.14728110217802576e-02,9.58556036154942448e-01,-5.18937154276868928e-03
1.6150273015929660e+05,9.01332528434327207e-01,-1.37413078296279190e-01,-7.12085414624870072e-02,1.85472484590633903e-02,9.58409966547127734e-01,-4.92159310025219732e-03
1.7305329321426636e+05,8.95692786704763488e-01,-1.43274525148878229e-01,-5.96502909433482553e-02,2.34796568803856166e-02,9.58278261989685909e-01,-4.66513875440313641e-03
1.8542994451403045e+05,8.89666864975597993e-01,-1.49250204764794780e-01,-4.87671507623219785e-02,2.64895621379194618e-02,9.58157840577830155e-01,-4.42218874717570376e-03
1.9869176531592174e+05,8.83247470149600700e-01,-1.55331189099942146e-01,-3.87793555357262912e-02,2.78333107073620856e-02,9.58059413417653438e-01,-4.19967153000366800e-03
2.1290206232774997e+05,8.76402156389666898e-01,-1.61492246395698702e-01,-2.98469301081478143e-02,2.77884654558064083e-02,9.57964331360631416e-01,-3.99428735421031300e-03
2.2812866990908416e+05,8.69120351497114751e-01,-1.67704087683827247e-01,-2.20706418867830934e-02,2.66427514079260672e-02,9.57875044380335106e-01,-3.79681646274754314e-03
2.4444427388576101e+05,8.61403571202781659e-01,-1.73950766664611289e-01,-1.54918747634994608e-02,2.46806980680310400e-02,9.57808680911945043e-01,-3.61161249901792436e-03
2.6192675852338222e+05,8.53218524891960706e-01,-1.80200922953666298e-01,-1.00973512356633162e-02,2.21688280869340483e-02,9.57741545795190774e-01,-3.43638304788265736e-03
2.8065957831611275e+05,8.44563493699839851e-01,-1.86441774537574878e-01,-5.82759207804374370e-03,1.93483350611476299e-02,9.57686264887893546e-01,-3.28452339822324357e-03
3.0073215636556060e+05,8.35420366147438975e-01,-1.92634694486414682e-01,-2.58637521037661166e-03,1.64251187421066598e-02,9.57630869605090140e-01,-3.14805371326926098e-03
3.2224031125143263e+05,8.25788269427346400e-01,-1.98736918982072852e-01,-2.51082519374269848e-04,1.35664478628506682e-02,9.57578714561847288e-01,-3.01263618617669815e-03
3.4528671443168505e+05,8.15668440546989948e-01,-2.04740857996572545e-01,1.31731862256141176e-03,1.08985786460025630e-02,9.57542897693993145e-01,-2.90375553044547319e-03
3.6998138035561488e+05,8.05039016460721180e-01,-2.10590304011296858e-01,2.26237793008475822e-03,8.50709384302059460e-03,9.57496344473536709e-01,-2.80277300844511412e-03
3.9644219162949966e+05,7.93920749704454476e-01,-2.16255525266618925e-01,2.72441892341984161e-03,6.44145001330053042e-03,9.57463275459257135e-01,-2.71025905660543520e-03
4.2479546174171538e+05,7.82306564994664555e-01,-2.21705701351051776e-01,2.83271972557105640e-03,4.71902199308654648e-03,9.57434766635624435e-01,-2.63579222019572068e-03
4.5517653803357092e+05,7.70197837254008921e-01,-2.26888902132191650e-01,2.70022686476361186e-03,3.33205005549531497e-03,9.57401516843886968e-01,-2.56507838236921804e-03
4.8773044779419072e+05,7.57604954114710072e-01,-2.31780830047113501e-01,2.42089770642004484e-03,2.25425295395666192e-03,9.57370090715326860e-01,-2.51405374855309671e-03
5.2261259056365775e+05,7.44544604668307186e-01,-2.36332091817456097e-01,2.06833471103377116e-03,1.44753021944360374e-03,9.57342728533273180e-01,-2.46952764517310852e-03
5.5998947994919610e+05,7.31023701296045214e-01,-2.40504979339591363e-01,1.69665375898993298e-03,8.67780400562170526e-04,9.57310671617488396e-01,-2.43654127789705299e-03
6.0003953849553096e+05,7.17056234258331426e-01,-2.44257849479393691e-01,1.34244635211963116e-03,4.69916656454022019e-04,9.57267801398473783e-01,-2.41452901782367169e-03
6.4295394940382626e+05,7.02672998353440770e-01,-2.47553840572262374e-01,1.02762995524793409e-03,2.11498836995652759e-04,9.57225792505006279e-01,-2.40266415616696705e-03
6.8893756916496286e+05,6.87890227608175753e-01,-2.50354202453115349e-01,7.62580031974363160e-04,5.51208004379979207e-05,9.57174185744026906e-01,-2.40433110236733250e-03
7.3820990546372614e+05,6.72747400893559111e-01,-2.52620204925527281e-01,5.49380151019636278e-04,-3.02986535150341890e-05,9.57126355160628828e-01,-2.41289869958799530e-03
7.9100616502201080e+05,6.57271373782920776e-01,-2.54314767067217562e-01,3.84657476761394524e-04,-6.92279661478798321e-05,9.57076824360790557e-01,-2.42860810246925407e-03
8.4757837638304825e+05,6.41495385263823215e-01,-2.55404975575281967e-01,2.61998752014370637e-04,-7.98950912427394720e-05,9.57025478825317188e-01,-2.45317027164412838e-03
9.0819659299638204e+05,6.25460809156907271e-01,-2.55857489900197799e-01,1.73765431242998682e-04,-7.51120237924503861e-05,9.56978101659658242e-01,-2.48211327428426998e-03
9.7315018234664586e+05,6.09205989896418276e-01,-2.55644495818887318e-01,1.12343359983953770e-04,-6.33130444317713811e-05,9.56935418915182523e-01,-2.51734009856868779e-03
1.0427492072799277e+06,5.92750830234252346e-01,-2.54738871852492776e-01,7.09018952587881819e-05,-4.96155909321819904e-05,9.56869356302556318e-01,-2.56993041709652204e-03
1.1173259061216526e+06,5.76153831627469026e-01,-2.53105617582688680e-01,4.37684977798030321e-05,-3.67919293960201191e-05,9.56793966749790448e-01,-2.61505119144356257e-03
1.1972362786514519e+06,5.59460586442676489e-01,-2.50736198257299925e-01,2.64990431420636671e-05,-2.60749295898740115e-05,9.56718679557146068e-01,-2.66621526583799007e-03
1.2828617855058608e+06,5.42698428337125005e-01,-2.47610491496691065e-01,1.57915534101760345e-05,-1.77684493418937343e-05,9.56616739355434231e-01,-2.72824901038426493e-03
1.3746111691211148e+06,5.25922774892506495e-01,-2.43714504368833823e-01,9.30637766848656902e-06,-1.16867891201493039e-05,9.56501740034945036e-01,-2.79083588640538505e-03
1.4729224049085104e+06,5.09186278610535670e-01,-2.39047241009901101e-01,5.45395406419323111e-06,-7.43659792182034851e-06,9.56391612311001227e-01,-2.85688752463986173e-03
1.5782647919764740e+06,4.92521097013841169e-01,-2.33595384511655624e-01,3.19714022987271624e-06,-4.58287234511367663e-06,9.56263642713163886e-01,-2.91719287668462668e-03
1.6911411933796064e+06,4.75971580540005212e-01,-2.27364186239210925e-01,1.88434065602558039e-06,-2.73473088689691373e-06,9.56126098466111185e-01,-2.97330211447260906e-03
1.8120904365888117e+06,4.59567986884686253e-01,-2.20362378569688766e-01,1.11991818252877361e-06,-1.57754419932578461e-06,9.55968335975532768e-01,-3.03385913221321246e-03
1.9416898856413539e+06,4.43345702256339180e-01,-2.12597011826853144e-01,6.70913240418040688e-07,-8.76484862741880933e-07,9.55787946714330872e-01,-3.09008886623962642e-03
2.0805581972493103e+06,4.27348617794298447e-01,-2.04094811327534459e-01,4.03392905588888239e-07,-4.65949865452927363e-07,9.55618434857994692e-01,-3.14751160016391723e-03
2.2293582740229871e+06,4.11584478919616414e-01,-1.94860403367438595e-01,2.41512947038029549e-07,-2.34277538843128119e-07,9.55415728937670350e-01,-3.18955839348739056e-03
2.3888004289068244e+06,3.96084484313943941e-01,-1.84927449286443557e-01,1.42473263132836639e-07,-1.09127185693726023e-07,9.55209292895782380e-01,-3.21671689585262266e-03
2.5596457759335358e+06,3.80843585473783997e-01,-1.74323075122335330e-01,8.17804036392754335e-08,-4.51665550663587883e-08,9.54961892479292196e-01,-3.23451743351682586e-03
2.7427098634826755e+06,3.65903852147467901e-01,-1.63097531414526625e-01,4.50199554078147039e-08,-1.49140779230342872e-08,9.54765814116460776e-01,-3.23473384458644597e-03
2.9388665673872861e+06,3.51206618860491204e-01,-1.51276613869278875e-01,2.33420888264288871e-08,-2.24953332868406145e-09,9.54490179929795013e-01,-3.23590409112950450e-03
3.1490522624728531e+06,3.36756574689508703e-01,-1.38906144205555304e-01,1.11185267669060487e-08,1.91593935309575912e-09,9.54166459183948268e-01,-3.21652108379504031e-03
3.3742702924418231e+06,3.22539912367772019e-01,-1.26039901104796903e-01,4.66913197607410705e-09,2.45656217321409712e-09,9.53813027196128704e-01,-3.16833615897374465e-03
3.6155957594411564e+06,3.08527817803937288e-01,-1.12745491941435960e-01,1.58191026640775533e-09,1.79843438946804891e-09,9.53446215651208129e-01,-3.11018669095630695e-03
3.8741806561764297e+06,2.94670632929658560e-01,-9.90839371432747085e-02,3.11849111400975568e-10,1.00710082875706532e-09,9.53038995008032797e-01,-3.04030010996775291e-03
4.1512593650711407e+06,2.80912280570447592e-01,-8.51230941065651836e-02,-8.13896296118653200e-11,4.41912032099625128e-10,9.52567687211235858e-01,-2.94952021234190509e-03
4.4481545507221343e+06,2.67209164296220603e-01,-7.09466693428829898e-02,-1.23697368896379262e-10,1.37828328830332657e-10,9.52082891116977525e-01,-2.82993384955337879e-03
4.7662834737792779e+06,2.53482854268708313e-01,-5.66391489109320245e-02,-7.19682081056122598e-11,1.58809707474828837e-11,9.51547481331208811e-01,-2.67096761902035906e-03
5.1071647563894549e+06,2.39654205219969635e-01,-4.23049768263201176e-02,-2.50217114761429193e-11,-1.31679645474291333e-11,9.50946791574168060e-01,-2.48353290831985346e-03
5.4724256315004174e+06,2.25639450092054022e-01,-2.80533792630831141e-02,-3.06774503096789010e-12,-9.98001894436575328e-12,9.50257147900386734e-01,-2.24635068011135031e-03
5.8638097106298050e+06,2.11363943271753452e-01,-1.40192173890522839e-02,2.04275559155282023e-12,-3.09044304822346570e-12,9.49507473871717744e-01,-1.97354131935179034e-03
6.2831853071795879e+06,1.96743525233595173e-01,-3.41862299188464003e-04,1.26069167195972160e-12,-2.52224848622157299e-15,9.48678018388738997e-01,-1.63470179101586621e-03
