omega,re_Yc_0_0,im_Yc_0_0,re_Yc_0_1,im_Yc_0_1,re_Yc_0_2,im_Yc_0_2,re_Yc_1_0,im_Yc_1_0,re_Yc_1_1,im_Yc_1_1,re_Yc_1_2,im_Yc_1_2,re_Yc_2_0,im_Yc_2_0,re_Yc_2_1,im_Yc_2_1,re_Yc_2_2,im_Yc_2_2
6.2831853071795853e+00,7.63304065564250015e-04,5.65999651696676089e-04,-6.64961958848653165e-05,-1.22189053489196828e-04,-3.57063617000417846e-05,-8.80272191200046143e-05,-6.64961958848653165e-05,-1.22189053489196828e-04,7.62666142657372629e-04,5.71730372159738793e-04,-7.01389555283697376e-05,-1.25724397108174053e-04,-3.57063617000417846e-05,-8.80272191200046143e-05,-7.01389555283697376e-05,-1.25724397108174053e-04,7.61104295145785818e-04,5.64999974752689428e-04
6.7325543550282054e+00,7.91416375024525946e-04,5.76896274439286428e-04,-7.10426770032130132e-05,-1.29007071588591060e-04,-3.91230873503418014e-05,-9.34210143023782367e-05,-7.10426770032130132e-05,-1.29007071588591060e-04,7.90702280304987994e-04,5.83142663690111910e-04,-7.48154855017973692e-05,-1.32668308138151128e-04,-3.91230873503418014e-05,-9.34210143023782367e-05,-7.48154855017973692e-05,-1.32668308138151128e-04,7.89136675320094728e-04,5.75916886531875139e-04
7.2140619649742437e+00,8.20382174590727109e-04,5.87425012186587386e-04,-7.61064835069215047e-05,-1.36062469266185642e-04,-4.29946231500536548e-05,-9.89795186424834817e-05,-7.61064835069215047e-05,-1.36062469266185642e-04,8.19594435447564820e-04,5.94239049638435818e-04,-8.00151481589876271e-05,-1.39854924959478117e-04,-4.29946231500536548e-05,-9.89795186424834817e-05,-8.00151481589876271e-05,-1.39854924959478117e-04,8.18021130035339748e-04,5.86471238413834657e-04
7.7300066646502446e+00,8.50199248648356946e-04,5.97529027958877907e-04,-8.17318655500386322e-05,-1.43323107660673775e-04,-4.73577450661157449e-05,-1.04667315937723838e-04,-8.17318655500386322e-05,-1.43323107660673775e-04,8.49343255788235010e-04,6.04968066448208588e-04,-8.57827916977056161e-05,-1.47252351948764707e-04,-4.73577450661157449e-05,-1.04667315937723838e-04,-8.57827916977056161e-05,-1.47252351948764707e-04,8.47755690257888882e-04,5.96606705517924965e-04
8.2828513707880944e+00,8.80862439113555031e-04,6.07147983070112124e-04,-8.79613192273241880e-05,-1.50749418359277711e-04,-5.22463742974614139e-05,-1.10441943701801079e-04,-8.79613192273241880e-05,-1.50749418359277711e-04,8.79947340502275311e-04,6.15275128232901274e-04,-9.21616069098987213e-05,-1.54821229150390151e-04,-5.22463742974614139e-05,-1.10441943701801079e-04,-9.21616069098987213e-05,-1.54821229150390151e-04,8.78335509246790948e-04,6.06263500763760976e-04
8.8752351462132175e+00,9.12363169404185469e-04,6.16217642554764563e-04,-9.48344088418669575e-05,-1.58294280331437059e-04,-5.76903047738582282e-05,-1.16253967262424588e-04,-9.48344088418669575e-05,-1.58294280331437059e-04,9.11402958268969126e-04,6.25102049001107093e-04,-9.91919570345878559e-05,-1.62514589885980634e-04,-5.76903047738582282e-05,-1.16253967262424588e-04,-9.91919570345878559e-05,-1.62514589885980634e-04,9.09752403149767909e-04,6.15377978613421595e-04
9.5099857976907742e+00,9.44688764948686268e-04,6.24669479677575985e-04,-1.02386527659288569e-04,-1.65903086995538202e-04,-6.37138868274184848e-05,-1.22047288018294699e-04,-1.02386527659288569e-04,-1.65903086995538202e-04,9.43703576326393565e-04,6.34386511045970320e-04,-1.06910143628217221e-04,-1.70277904663511620e-04,-6.37138868274184848e-05,-1.22047288018294699e-04,-1.06910143628217221e-04,-1.70277904663511620e-04,9.41994191006235602e-04,6.23882233868116036e-04
1.0190133374761119e+01,9.77821537377543317e-04,6.32430340531618760e-04,-1.10647629096929158e-04,-1.73514014808026488e-04,-7.03347102723250262e-05,-1.27759701152967576e-04,-1.10647629096929158e-04,-1.73514014808026488e-04,9.76839157154873062e-04,6.43061528527948080e-04,-1.15347139329677995e-04,-1.78049322758482053e-04,-7.03347102723250262e-05,-1.27759701152967576e-04,-1.15347139329677995e-04,-1.78049322758482053e-04,9.75043800668101029e-04,6.31703755043927289e-04
1.0918924634002583e+01,1.01173761623772531e-03,6.39422249194283973e-04,-1.19640959023838953e-04,-1.81058501160050877e-04,-7.75623323991594265e-05,-1.33323712652473354e-04,-1.19640959023838953e-04,-1.81058501160050877e-04,1.01079519077222819e-03,6.51054975572983269e-04,-1.24527316923338574e-04,-1.85760119454483669e-04,-7.75623323991594265e-05,-1.33323712652473354e-04,-1.24527316923338574e-04,-1.85760119454483669e-04,1.00887812326278144e-03,6.38765211273472364e-04
1.1699838537768235e+01,1.04640553431696853e-03,6.45562443749283111e-04,-1.29381819923805175e-04,-1.88461932586964965e-04,-8.53970992144796858e-05,-1.38667615484551162e-04,-1.29381819923805175e-04,-1.88461932586964965e-04,1.04555144761909634e-03,6.58289261108204664e-04,-1.34467204070427208e-04,-1.93335350450744479e-04,-8.53970992144796858e-05,-1.38667615484551162e-04,-1.34467204070427208e-04,-1.93335350450744479e-04,1.04346662045012753e-03,6.44984461713283630e-04
1.2536602861381589e+01,1.08178460218037037e-03,6.50763743025513245e-04,-1.39876394859629139e-04,-1.95644544498211356e-04,-9.38291089480029891e-05,-1.43716820224954448e-04,-1.39876394859629139e-04,-1.95644544498211356e-04,1.08108046067592264e-03,6.64681246919207277e-04,-1.45174290111442440e-04,-2.00694715543045158e-04,-9.38291089480029891e-05,-1.43716820224954448e-04,-1.45174290111442440e-04,-2.00694715543045158e-04,1.07876971754402554e-03,6.50274886357915505e-04
1.3433211988067390e+01,1.11782314086609894e-03,6.54935341145278954e-04,-1.51120659531105649e-04,-2.02522532608924097e-04,-1.02837369233945927e-04,-1.48395427573147303e-04,-1.51120659531105649e-04,-2.02522532608924097e-04,1.11734577398903178e-03,6.70142510303178168e-04,-1.56645911671591235e-04,-2.07753633176522553e-04,-1.02837369233945927e-04,-1.48395427573147303e-04,-1.56645911671591235e-04,-2.07753633176522553e-04,1.11473704829069759e-03,6.54546135097835145e-04
1.4393945976563458e+01,1.15445667663131597e-03,6.57984113929422666e-04,-1.63099412493954323e-04,-2.09009376200781211e-04,-1.12389201425957603e-04,-1.52628021460259489e-04,-1.63099412493954323e-04,-2.09009376200781211e-04,1.15430002674189454e-03,6.74580049926569751e-04,-1.68868245687744587e-04,-2.14424528038085322e-04,-1.12389201425957603e-04,-1.52628021460259489e-04,-1.68868245687744587e-04,-2.14424528038085322e-04,1.15130565157853140e-03,6.57705379800783887e-04
1.5423390992434912e+01,1.19160623703173148e-03,6.59816498440080361e-04,-1.75785458749955529e-04,-2.15017374827214451e-04,-1.22439948483403646e-04,-1.56341652239565281e-04,-1.75785458749955529e-04,-2.15017374827214451e-04,1.19188297701658028e-03,6.77897523547758753e-04,-1.81815443909391498e-04,-2.20618336087730868e-04,-1.22439948483403646e-04,-1.56341652239565281e-04,-1.81815443909391498e-04,-2.20618336087730868e-04,1.18839825553182380e-03,6.59659132694126894e-04
1.6526461200621817e+01,1.22917691566475887e-03,6.60340967649461139e-04,-1.89138989586124895e-04,-2.20459395465155602e-04,-1.32933043544238103e-04,-1.59467963569272572e-04,-1.89138989586124895e-04,-2.20459395465155602e-04,1.23001960219203317e-03,6.79997081680233976e-04,-1.95448951239905017e-04,-2.26246227556581693e-04,-1.32933043544238103e-04,-1.59467963569272572e-04,-1.95448951239905017e-04,-2.26246227556581693e-04,1.22592181275897995e-03,6.60315656533080040e-04
1.7708422223726544e+01,1.26705689323201149e-03,6.59471074152596405e-04,-2.03107211117680092e-04,-2.25250821136468689e-04,-1.43800494336952990e-04,-1.61945399622086543e-04,-2.03107211117680092e-04,-2.25250821136468689e-04,1.26861844328263608e-03,6.80781828148146508e-04,-2.09717060826015501e-04,-2.31221543151262940e-04,-1.43800494336952990e-04,-1.61945399622086543e-04,-2.09717060826015501e-04,-2.31221543151262940e-04,1.26376647164152980e-03,6.59587945531404474e-04
1.8974916278021656e+01,1.30511710747638842e-03,6.57128976962359740e-04,-2.17624283234193696e-04,-2.29311678415397970e-04,-1.54963830183172356e-04,-1.63721407567253411e-04,-2.17624283234193696e-04,-2.29311678415397970e-04,1.30757038252594417e-03,6.80158891656701533e-04,-2.24554769442321536e-04,-2.35461925530320990e-04,-1.54963830183172356e-04,-1.63721407567253411e-04,-2.24554769442321536e-04,-2.35461925530320990e-04,1.30180517493198433e-03,6.57397197589778735e-04
2.0331989107167519e+01,1.34321174948043168e-03,6.53249297831191194e-04,-2.32611636625247256e-04,-2.32568900050467424e-04,-1.66335540972466055e-04,-1.64754526889589306e-04,-2.32611636625247256e-04,-2.32568900050467424e-04,1.34674805267315776e-03,6.78043032821683766e-04,-2.39884004473148139e-04,-2.38891606885276923e-04,-1.66335540972466055e-04,-1.64754526889589306e-04,-2.39884004473148139e-04,-2.38891606885276923e-04,1.33989406405562355e-03,6.53676631775194071e-04
2.1786118842210715e+01,1.38117972700215115e-03,6.47783105490657091e-04,-2.47978730182756750e-04,-2.34958662399611733e-04,-1.77821008363077663e-04,-1.65016246024929792e-04,-2.47978730182756750e-04,-2.34958662399611733e-04,1.38600606675886662e-03,6.74360662113165118e-04,-2.55614290147623195e-04,-2.41443796322102835e-04,-1.77821008363077663e-04,-1.65016246024929792e-04,-2.55614290147623195e-04,-2.41443796322102835e-04,1.37787383326255634e-03,6.48375457128401510e-04
2.3344246925629555e+01,1.41884717064514232e-03,6.40701715074574996e-04,-2.63624314348024562e-04,-2.36428678457268834e-04,-1.89320896634912161e-04,-1.64492468459266465e-04,-2.63624314348024562e-04,-2.36428678457268834e-04,1.42518223088942074e-03,6.69054021710323624e-04,-2.71643926606974107e-04,-2.43063049944493108e-04,-1.89320896634912161e-04,-1.64492468459266465e-04,-2.71643926606974107e-04,-2.43063049944493108e-04,1.41557211653892448e-03,6.41462687158418144e-04
2.5013811247045702e+01,1.45603098030278673e-03,6.32000067584160348e-04,-2.79438213320885387e-04,-2.36940360924787417e-04,-2.00733915348184813e-04,-1.63184487706207696e-04,-2.79438213320885387e-04,-2.36940360924787417e-04,1.46409983813474667e-03,6.62085334049529982e-04,-2.87861702637127884e-04,-2.43707538428278379e-04,-2.00733915348184813e-04,-1.63184487706207696e-04,-2.87861702637127884e-04,-2.43707538428278379e-04,1.45280691347480454e-03,6.32930569414945398e-04
2.6802781648779042e+01,1.49254330258413400e-03,6.21699307075465829e-04,-2.95303639105108260e-04,-2.36470672884508899e-04,-2.11959831415588538e-04,-1.61109321918868995e-04,-2.95303639105108260e-04,-2.36470672884508899e-04,1.50257107235267449e-03,6.53440536325403283e-04,-3.04149165410107138e-04,-2.43351025964032080e-04,-2.11959831415588538e-04,-1.61109321918868995e-04,-3.04149165410107138e-04,-2.43351025964032080e-04,1.48939095721581350e-03,6.22797249573093115e-04
2.8719697970734991e+01,1.52819673303104505e-03,6.09848315609559611e-04,-3.11099975242844662e-04,-2.35013536481192486e-04,-2.22902557450499526e-04,-1.58299352286601214e-04,-3.11099975242844662e-04,-2.35013536481192486e-04,1.54040144320535029e-03,6.43132312720816291e-04,-3.20383393191839803e-04,-2.41984424374117816e-04,-2.22902557450499526e-04,-1.58299352286601214e-04,-3.20383393191839803e-04,-2.41984424374117816e-04,1.52513683030152205e-03,6.11108427051978596e-04
3.0773710816235841e+01,1.56280993896176345e-03,5.96523977726505289e-04,-3.26705929390219024e-04,-2.32580648688113180e-04,-2.33473120380828345e-04,-1.54801237410341695e-04,-3.26705929390219024e-04,-2.32580648688113180e-04,1.57739506680006081e-03,6.31202098106642363e-04,-3.36440176764952147e-04,-2.39616761129915880e-04,-2.33473120380828345e-04,-1.54801237410341695e-04,-3.36440176764952147e-04,-2.39616761129915880e-04,1.55986253584259964e-03,5.97937766418148772e-04
3.2974625233396047e+01,1.59621333497739562e-03,5.81830062922779486e-04,-3.42002901532171611e-04,-2.29201591523263805e-04,-2.43592308819112909e-04,-1.50674148507298203e-04,-3.42002901532171611e-04,-2.29201591523263805e-04,1.61336050353718253e-03,6.17720800407957457e-04,-3.52197459085826269e-04,-2.36275435917993959e-04,-2.43592308819112909e-04,-1.50674148507298203e-04,-3.52197459085826269e-04,-2.36275435917993959e-04,1.59339716457750536e-03,5.83385941286838471e-04
3.5332947520558982e+01,1.62825441162290480e-03,5.65894737014618768e-04,-3.56878373983040534e-04,-2.24923171799983854e-04,-2.53192816057325296e-04,-1.45987435642494772e-04,-3.56878373983040534e-04,-2.24923171799983854e-04,1.64811677890263296e-03,6.02788083556977353e-04,-3.67538837327872068e-04,-2.32005687106371771e-04,-2.53192816057325296e-04,-1.45987435642494772e-04,-3.67538837327872068e-04,-2.32005687106371771e-04,1.62558626220232283e-03,5.67578306892950403e-04
3.7859935379226158e+01,1.65880233854765304e-03,5.48866839871026092e-04,-3.71229111099613659e-04,-2.19807987975936581e-04,-2.62220740753157022e-04,-1.40817889283212990e-04,-3.71229111099613659e-04,-2.19807987975936581e-04,1.68149917077308223e-03,5.86530176540547409e-04,-3.82356908335536273e-04,-2.26869252975163969e-04,-2.62220740753157022e-04,-1.40817889283212990e-04,-3.82356908335536273e-04,-2.26869252975163969e-04,1.65629651663793385e-03,5.50661323294575279e-04
4.0567651653889101e+01,1.68775152209101466e-03,5.30911186673910717e-04,-3.84963956771581443e-04,-2.13932292572906803e-04,-2.70636367031268431e-04,-1.35246799247592452e-04,-3.84963956771581443e-04,-2.13932292572906803e-04,1.71336434301905369e-03,5.69096315470848284e-04,-3.96556234167538119e-04,-2.20942286422371999e-04,-2.70636367031268431e-04,-1.35246799247592452e-04,-3.96556234167538119e-04,-2.20942286422371999e-04,1.68541943778681555e-03,5.32797972241340931e-04
4.3469021915296487e+01,1.71502390263345581e-03,5.12203229129238398e-04,-3.98006050984815285e-04,-2.07383281385765006e-04,-2.78414217813680498e-04,-1.29357020190365413e-04,-3.98006050984815285e-04,-2.07383281385765006e-04,1.74359446406103071e-03,5.50654051568876478e-04,-4.10055734901428222e-04,-2.14312649193752525e-04,-2.78414217813680498e-04,-1.29357020190365413e-04,-4.10055734901428222e-04,-2.14312649193752525e-04,1.71287380324450732e-03,5.14162493738810878e-04
4.6577896162036765e+01,1.74056989343733884e-03,4.92923463871326479e-04,-4.10294333329193199e-04,-2.00255995106002007e-04,-2.85542439928846131e-04,-1.23230240614556489e-04,-4.10294333329193199e-04,-2.00255995106002007e-04,1.77210003821226926e-03,5.31383768695909624e-04,-4.22790361365613684e-04,-2.07076771433432807e-04,-2.85542439928846131e-04,-1.23230240614556489e-04,-4.22790361365613684e-04,-2.07076771433432807e-04,1.73860675695223068e-03,4.94934824188840482e-04
4.9909114934975015e+01,1.76436799261249738e-03,4.73251964469421156e-04,-4.21784271179311021e-04,-1.92650044228252131e-04,-2.92021635183405007e-04,-1.16944610793957442e-04,-4.21784271179311021e-04,-1.92650044228252131e-04,1.79882131020189253e-03,5.11472808295407614e-04,-4.34711971801745201e-04,-1.99336292794501254e-04,-2.92021635183405007e-04,-1.16944610793957442e-04,-4.34711971801745201e-04,-1.99336292794501254e-04,1.76259357738448811e-03,4.75295112869973657e-04
5.3478580160148262e+01,1.78642320752777327e-03,4.53363375205099821e-04,-4.32447817398796085e-04,-1.84666374747283115e-04,-2.97863284778938757e-04,-1.10572836595167936e-04,-4.32447817398796085e-04,-1.84666374747283115e-04,1.82372823474869503e-03,4.91109617526429613e-04,-4.45789406536599886e-04,-1.91194712169616708e-04,-2.97863284778938757e-04,-1.10572836595167936e-04,-4.45789406536599886e-04,-1.91194712169616708e-04,1.78483624118941798e-03,4.55418660352445545e-04
5.7303331058295718e+01,1.80676451597087235e-03,4.33422625112560007e-04,-4.42272668491478925e-04,-1.76404269407465914e-04,-3.03087927583922385e-04,-1.04180788533919958e-04,-4.42272668491478925e-04,-1.76404269407465914e-04,1.84681913184327846e-03,4.70478296689495756e-04,-4.56007825184065203e-04,-1.82754252859478018e-04,-3.03087927583922385e-04,-1.04180788533919958e-04,-4.56007825184065203e-04,-1.82754252859478018e-04,1.80536099666586962e-03,4.35471546581177663e-04
6.1401625483385565e+01,1.82544163543885336e-03,4.13581528210254666e-04,-4.51260943531717152e-04,-1.67958739188012727e-04,-3.07723245003047507e-04,-9.78266240076206353e-05,-4.51260943531717152e-04,-1.67958739188012727e-04,1.86811824651471879e-03,4.49753847846752551e-04,-4.65367424896533273e-04,-1.74113110541977581e-04,-3.07723245003047507e-04,-9.78266240076206353e-05,-4.65367424896533273e-04,-1.74113110541977581e-04,1.82421521281488064e-03,4.15607125775368711e-04
6.5793027078417055e+01,1.84252138625695585e-03,3.93976344311392532e-04,-4.59427435410880410e-04,-1.59418410633740970e-04,-3.11802183814450335e-04,-9.15603807396993957e-05,-4.59427435410880410e-04,-1.59418410633740970e-04,1.88767249548203405e-03,4.29098333524147581e-04,-4.73881693524117419e-04,-1.65363201361546329e-04,-3.11802183814450335e-04,-9.15603807396993957e-05,-4.73881693524117419e-04,-1.65363201361546329e-04,1.84146378827791560e-03,3.95963473990916873e-04
7.0498498664544442e+01,1.85808391425529773e-03,3.74726283284791597e-04,-4.66797596379972123e-04,-1.50863956394415726e-04,-3.15361216316657517e-04,-8.54239693128861399e-05,-4.66797596379972123e-04,-1.50863956394415726e-04,1.90554770522628693e-03,4.08658043207063202e-04,-4.81575365238464726e-04,-1.56588466777432284e-04,-3.15361216316657517e-04,-8.54239693128861399e-05,-4.81575365238464726e-04,-1.56588466777432284e-04,1.85718538826708203e-03,3.76661782312170696e-04
7.5540502309326968e+01,1.87221900214052891e-03,3.55932876250819401e-04,-4.73405412979114324e-04,-1.42367071489703549e-04,-3.18438805375003168e-04,-7.94514814616036942e-05,-4.73405412979114324e-04,-1.42367071489703549e-04,1.92182463618708992e-03,3.88561678394866591e-04,-4.88482241120123477e-04,-1.47863744179254925e-04,-3.18438805375003168e-04,-7.94514814616036942e-05,-4.88482241120123477e-04,-1.47863744179254925e-04,1.87146874349133191e-03,3.57805627077442863e-04
8.0943106551789882e+01,1.88502264411971663e-03,3.37680086072606269e-04,-4.79291304253356195e-04,-1.33989954008914612e-04,-3.21074109516422917e-04,-7.36697262307324269e-05,-4.79291304253356195e-04,-1.33989954008914612e-04,1.93659504802484923e-03,3.68919482326236672e-04,-4.94643016747426593e-04,-1.39254165283323220e-04,-3.21074109516422917e-04,-7.36697262307324269e-05,-4.94643016747426593e-04,-1.39254165283323220e-04,1.88440919201020123e-03,3.39480994675951490e-04
8.6732101296147420e+01,1.89659400377998862e-03,3.20035008958873826e-04,-4.84500148462817899e-04,-1.25785223147068968e-04,-3.23305937892712355e-04,-6.80989135692750772e-05,-4.84500148462817899e-04,-1.25785223147068968e-04,1.94995800730742019e-03,3.49823189764962290e-04,-5.00103229724090234e-04,-1.30815015872614963e-04,-3.23305937892712355e-04,-6.80989135692750772e-05,-5.00103229724090234e-04,-1.30815015872614963e-04,1.89610559069045633e-03,3.21756915346286751e-04
9.2935120922645552e+01,1.90703282445182942e-03,3.03049013830722325e-04,-4.89079512776089721e-04,-1.17796192336210132e-04,-3.25171946076996551e-04,-6.27534164366685152e-05,-4.89079512776089721e-04,-1.17796192336210132e-04,1.96201658069945556e-03,3.31346642062602787e-04,-5.04911408305513780e-04,-1.22591973216553535e-04,-3.25171946076996551e-04,-6.27534164366685152e-05,-5.04911408305513780e-04,-1.22591973216553535e-04,1.90665767170327999e-03,3.04686553069291783e-04
9.9581776203206161e+01,1.91643731303281994e-03,2.86759172745823976e-04,-4.93078128444762406e-04,-1.10057408992790434e-04,-3.26708049407582507e-04,-5.76425558728630742e-05,-4.93078128444762406e-04,-1.10057408992790434e-04,1.97287499510963174e-03,3.13546900273459022e-04,-5.09117468790123377e-04,-1.14621629764341776e-04,-3.26708049407582507e-04,-5.76425558728630742e-05,-5.09117468790123377e-04,-1.14621629764341776e-04,1.91616387025668618e-03,2.88308603589332573e-04
1.0670379565158625e+02,1.92490248808278972e-03,2.71189856361767436e-04,-4.96544629868289383e-04,-1.02595378516490994e-04,-3.27948025195014638e-04,-5.27713684556051107e-05,-4.96544629868289383e-04,-1.02595378516490994e-04,1.98263630058218704e-03,2.96465699830152421e-04,-5.12771383720371206e-04,-1.06932217186214799e-04,-3.27948025195014638e-04,-5.27713684556051107e-05,-5.12771383720371206e-04,-1.06932217186214799e-04,1.92471961834922087e-03,2.72648872335258291e-04
1.1433517698280319e+02,1.93251895759197537e-03,2.56354389166025664e-04,-4.99526555044457147e-04,-9.54293983891458478e-05,-3.28923271947453443e-04,-4.81413278196873693e-05,-4.99526555044457147e-04,-9.54293983891458478e-05,1.99140053127271196e-03,2.80131105749076032e-04,-5.15922120581558665e-04,-9.95444527921819438e-05,-3.28923271947453443e-04,-4.81413278196873693e-05,-5.15922120581558665e-04,-9.95444527921819438e-05,1.93241607269623093e-03,2.57721924215196054e-04
1.2251234940483201e+02,1.93937207390016244e-03,2.42256683068654908e-04,-5.02069588590338422e-04,-8.85724403609423774e-05,-3.29662693321034470e-04,-4.37510028616627111e-05,-5.02069588590338422e-04,-8.85724403609423774e-05,1.99926332816824500e-03,2.64559250698732918e-04,-5.18616833101798441e-04,-9.24724426503418010e-05,-3.29662693321034470e-04,-4.37510028616627111e-05,-5.18616833101798441e-04,-9.24724426503418010e-05,1.93933922591339345e-03,2.43532720994599065e-04
1.3127434751729254e+02,1.94554141227353027e-03,2.28892791369911730e-04,-5.04217022561468916e-04,-8.20320334140962274e-05,-3.30192679204376754e-04,-3.95966438525291583e-05,-5.04217022561468916e-04,-8.20320334140962274e-05,2.00631497627610849e-03,2.49756065750592917e-04,-5.20900280467111914e-04,-8.57245909637774470e-05,-3.30192679204376754e-04,-3.95966438525291583e-05,-5.20900280467111914e-04,-8.57245909637774470e-05,1.94556934820299429e-03,2.30078185653110224e-04
1.4066299764724937e+02,1.95110051255994511e-03,2.16252344014682520e-04,-5.06009402592713046e-04,-7.58111117907361290e-05,-3.30537157966076468e-04,-3.56726938801821465e-05,-5.06009402592713046e-04,-7.58111117907361290e-05,2.01263979359442378e-03,2.35718936409494781e-04,-5.22814441324499215e-04,-7.93044773279280362e-05,-3.30537157966076468e-04,-3.56726938801821465e-05,-5.22814441324499215e-04,-7.93044773279280362e-05,1.95118069899337474e-03,2.17348652286629624e-04
1.5072311751161968e+02,1.95611683133281112e-03,2.04319841454354335e-04,-5.07484328485489238e-04,-6.99088044524150641e-05,-3.30717699671274326e-04,-3.19722272917226727e-05,-5.07484328485489238e-04,-6.99088044524150641e-05,2.01831581272032519e-03,2.22438239133484052e-04,-5.24398290741293375e-04,-7.32116762200561071e-05,-3.30717699671274326e-04,-3.19722272917226727e-05,-5.24398290741293375e-04,-7.32116762200561071e-05,1.95624145555392060e-03,2.05329177013941291e-04
1.6150273015929693e+02,1.96065185214146101e-03,1.93075797757862446e-04,-5.08676376820927549e-04,-6.43211515160101025e-05,-3.30753652362857889e-04,-2.84873199549975043e-05,-5.08676376820927549e-04,-6.43211515160101025e-05,2.02341469254783968e-03,2.09898731716513635e-04,-5.25687706450671992e-04,-6.74425027492248693e-05,-3.30753652362857889e-04,-2.84873199549975043e-05,-5.25687706450671992e-04,-6.74425027492248693e-05,1.96081380549452009e-03,1.94000699046418461e-04
1.7305329321426640e+02,1.96476131387997126e-03,1.82497731848524163e-04,-5.09617119176894668e-04,-5.90417406792194136e-05,-3.30662298995495205e-04,-2.52093572187993221e-05,-5.09617119176894668e-04,-5.90417406792194136e-05,2.02800180957046989e-03,1.98080784540310756e-04,-5.26715476779075070e-04,-6.19906766815666232e-05,-3.30662298995495205e-04,-2.52093572187993221e-05,-5.26715476779075070e-04,-6.19906766815666232e-05,1.96495416238094472e-03,1.83341049757557726e-04
1.8542994451403050e+02,1.96849551875278401e-03,1.72561013622527426e-04,-5.10335210036370131e-04,-5.40622623214389968e-05,-3.30459024010726962e-04,-2.21292867698418929e-05,-5.10335210036370131e-04,-5.40622623214389968e-05,2.03213647885577570e-03,1.86961451208096196e-04,-5.27511383098538391e-04,-5.68479027833359142e-05,-3.30459024010726962e-04,-2.21292867698418929e-05,-5.27511383098538391e-04,-5.68479027833359142e-05,1.96871346507547030e-03,1.73325815760422915e-04
1.9869176531592197e+02,1.97189969199882634e-03,1.63239574851498461e-04,-5.10856524532737953e-04,-4.93729857393452530e-05,-3.30157482436203701e-04,-1.92378232641930832e-05,-5.10856524532737953e-04,-4.93729857393452530e-05,2.03587226678199123e-03,1.76515383793521106e-04,-5.28102335897162210e-04,-5.20043696231151136e-05,-3.30157482436203701e-04,-1.92378232641930832e-05,-5.28102335897162210e-04,-5.20043696231151136e-05,1.97213753217640245e-03,1.63929065449813614e-04
2.1290206232775020e+02,1.97501437039613020e-03,1.54506497194611546e-04,-5.11204329231393037e-04,-4.49631614069608319e-05,-3.29769766116036814e-04,-1.65256114069928157e-05,-5.11204329231393037e-04,-4.49631614069608319e-05,2.03925736342674448e-03,1.66715602673315149e-04,-5.28512546730324178e-04,-4.74491716143792279e-05,-3.29769766116036814e-04,-1.65256114069928157e-05,-5.28512546730324178e-04,-4.74491716143792279e-05,1.97526744785514073e-03,1.55123951084095688e-04
2.2812866990908441e+02,1.97787580104528396e-03,1.46334491369061188e-04,-5.11399472086685770e-04,-4.08213559482286363e-05,-3.29306563116924477e-04,-1.39833538950722417e-05,-5.11399472086685770e-04,-4.08213559482286363e-05,2.04233498810332814e-03,1.57534134446709733e-04,-5.28763721382449021e-04,-4.31706610405809723e-05,-3.29306563116924477e-04,-1.39833538950722417e-05,-5.28763721382449021e-04,-4.31706610405809723e-05,1.97813995994857231e-03,1.46883200358901829e-04
2.4444427388576150e+02,1.98051633774596952e-03,1.38696280880655026e-04,-5.11460581487428235e-04,-3.69357269540568584e-05,-3.28777308053378420e-04,-1.16019097623780006e-05,-5.11460581487428235e-04,-3.69357269540568584e-05,2.04514380892276615e-03,1.48942532042967759e-04,-5.28875263517497585e-04,-3.91567373495319931e-05,-3.28777308053378420e-04,-1.16019097623780006e-05,-5.28875263517497585e-04,-3.91567373495319931e-05,1.98078787709831013e-03,1.39179510889399758e-04
2.6192675852338226e+02,1.98296482601876146e-03,1.31564902769917635e-04,-5.11404266901754195e-04,-3.32942447093121028e-05,-3.28190322058158096e-04,-9.37236789674427583e-06,-5.11404266901754195e-04,-3.32942447093121028e-05,2.04771836226645904e-03,1.40912290877068860e-04,-5.28864480827752163e-04,-3.53950809896150210e-05,-3.28190322058158096e-04,-9.37236789674427583e-06,-5.28864480827752163e-04,-3.53950809896150210e-05,1.98324045556468346e-03,1.31985860136781886e-04
2.8065957831611280e+02,1.98524696945093313e-03,1.24913937982059660e-04,-5.11245314979586916e-04,-2.98848681424937658e-05,-3.27552941457086712e-04,-7.28610021565555103e-06,-5.11245314979586916e-04,-2.98848681424937658e-05,2.05008946053216769e-03,1.33415175553600664e-04,-5.28746787120808171e-04,-3.18733393480211913e-05,-3.27552941457086712e-04,-7.28610021565555103e-06,-5.28746787120808171e-04,-3.18733393480211913e-05,1.98552376803861610e-03,1.25275743510825006e-04
3.0073215636556068e+02,1.98738567348354361e-03,1.18717681932609890e-04,-5.10996877333704707e-04,-2.66956814756635562e-05,-3.26871635064796061e-04,-5.33479807810367954e-06,-5.10996877333704707e-04,-2.66956814756635562e-05,2.05228458113321981e-03,1.26423469758386967e-04,-5.28535896271529115e-04,-2.85792715173843632e-05,-3.26871635064796061e-04,-5.33479807810367954e-06,-5.28535896271529115e-04,-2.85792715173843632e-05,1.98766105030526077e-03,1.19023351366007797e-04
3.2224031125143301e+02,1.98940136492221226e-03,1.12951263671549380e-04,-5.10670647794818182e-04,-2.37149969872074148e-05,-3.26152110481370706e-04,-3.51049466741301064e-06,-5.10670647794818182e-04,-2.37149969872074148e-05,2.05432823278437707e-03,1.19910159723811687e-04,-5.28244005630968219e-04,-2.55008575302639846e-05,-3.26152110481370706e-04,-3.51049466741301064e-06,-5.28244005630968219e-04,-2.55008575302639846e-05,1.98967302384911926e-03,1.13203693439276493e-04
3.4528671443168543e+02,1.99131228448160827e-03,1.07590723463442316e-04,-5.10277026629773643e-04,-2.09314298793694975e-05,-3.25399409339373899e-04,-1.80557642846680278e-06,-5.10277026629773643e-04,-2.09314298793694975e-05,2.05624229432730364e-03,1.13849063211986874e-04,-5.27881966186075275e-04,-2.26263782999322361e-05,-3.25399409339373899e-04,-1.80557642846680278e-06,-5.27881966186075275e-04,-2.26263782999322361e-05,1.99157819153761425e-03,1.07792680701751951e-04
3.6998138035561527e+02,1.99313475225779742e-03,1.02613055595610691e-04,-5.09825271022128126e-04,-1.83339497611315462e-05,-3.24617992144545474e-04,-2.12785626621642142e-07,-5.09825271022128126e-04,-1.83339497611315462e-05,2.05804632480117988e-03,1.08214912689640869e-04,-5.27459438665852862e-04,-1.99444709823887273e-05,-3.24617992144545474e-04,-2.12785626621642142e-07,-5.27459438665852862e-04,-1.99444709823887273e-05,1.99339310617223896e-03,1.02767171577390791e-04
3.9644219162949975e+02,1.99488340841411744e-03,9.79962190459863748e-05,-5.09323632556351377e-04,-1.59119110814748212e-05,-3.23811813797448612e-04,1.27478525700605909e-06,-5.09323632556351377e-04,-1.59119110814748212e-05,2.05975784659122004e-03,1.02983396652718090e-04,-5.26985036313837893e-04,-1.74441622274634042e-05,-3.23811813797448612e-04,1.27478525700605909e-06,-5.26985036313837893e-04,-1.74441622274634042e-05,1.99513261414471094e-03,9.81049852660590414e-05
4.2479546174171549e+02,1.99657142522096558e-03,9.37191270916830452e-05,-5.08779479208912354e-04,-1.36550688121137801e-05,-3.22984389195352822e-04,2.66370392603290263e-06,-5.08779479208912354e-04,-1.36550688121137801e-05,2.06139259637378933e-03,9.81311722753654679e-05,-5.26466451676745007e-04,-1.51148858665885686e-05,-3.22984389195352822e-04,2.66370392603290263e-06,-5.26466451676745007e-04,-1.51148858665885686e-05,1.99681007022470963e-03,9.37848934031250073e-05
4.5517653803357103e+02,1.99821069465120401e-03,8.97616146977400390e-05,-5.08199404058876612e-04,-1.15535796792763270e-05,-3.22138850449888488e-04,3.96021394778910573e-06,-5.08199404058876612e-04,-1.15535796792763270e-05,2.06296474842598918e-03,9.36358489896115708e-05,-5.25910569683645185e-04,-1.29464853970039030e-05,-3.22138850449888488e-04,3.96021394778910573e-06,-5.25910569683645185e-04,-1.29464853970039030e-05,1.99843752769839197e-03,8.97865889635540037e-05
4.8773044779419126e+02,1.99981199045762325e-03,8.61043893587699714e-05,-5.07589319994725943e-04,-9.59799239414216049e-06,-3.21277995705126335e-04,5.17025404720261974e-06,-5.07589319994725943e-04,-9.59799239414216049e-06,2.06448710869155906e-03,8.94759499964369238e-05,-5.25323566236648564e-04,-1.09292048615976259e-05,-3.21277995705126335e-04,5.17025404720261974e-06,-5.25323566236648564e-04,-1.09292048615976259e-05,2.00002590273910038e-03,8.60906381827104643e-05
5.2261259056365839e+02,2.00138510292832130e-03,8.27289728890862801e-05,-5.06954539510418327e-04,-7.77923117832123154e-06,-3.20404329414758265e-04,6.29947881014453982e-06,-5.06954539510418327e-04,-7.77923117832123154e-06,2.06597127729390463e-03,8.56308607103024741e-05,-5.24710991344166759e-04,-9.05367259630899374e-06,-3.20404329414758265e-04,6.29947881014453982e-06,-5.24710991344166759e-04,-9.05367259630899374e-06,2.00158511116673181e-03,8.26784231010406365e-05
5.5998947994919672e+02,2.00293895281090928e-03,7.96176252220012130e-05,-5.06299843200830758e-04,-6.08856869477433949e-06,-3.19520095981105012e-04,7.35328362049734032e-06,-5.06299843200830758e-04,-6.08856869477433949e-06,2.06742778709318896e-03,8.20807546961917439e-05,-5.24077840553620702e-04,-7.31087385893074225e-06,-3.19520095981105012e-04,7.35328362049734032e-06,-5.24077840553620702e-04,-7.31087385893074225e-06,2.00312418416016130e-03,7.95320657712481993e-05
6.0003953849553216e+02,2.00448167415214753e-03,7.67532734298291276e-05,-5.05629531592294442e-04,-4.51760020737806232e-06,-3.18627304395060899e-04,8.33682685300127590e-06,-5.05629531592294442e-04,-4.51760020737806232e-06,2.06886620614601426e-03,7.88065234747648685e-05,-5.23428609066705426e-04,-5.69212457698131847e-06,-3.18627304395060899e-04,8.33682685300127590e-06,-5.23428609066705426e-04,-5.69212457698131847e-06,2.00465135253753745e-03,7.66343575569071900e-05
6.4295394940382641e+02,2.00602067646036457e-03,7.41194293511324192e-05,-5.04947466137735455e-04,-3.05821113070508985e-06,-3.17727746771626811e-04,9.25505450519128476e-06,-5.04947466137735455e-04,-3.05821113070508985e-06,2.07029521640713374e-03,7.57896920276169623e-05,-5.22767334616465115e-04,-4.18903814325580567e-06,-3.17727746771626811e-04,9.25505450519128476e-06,-5.22767334616465115e-04,-4.18903814325580567e-06,2.00617411014449368e-03,7.39686768149032831e-05
6.8893756916496295e+02,2.00756267943520217e-03,7.17001136911424460e-05,-5.04257095956892965e-04,-1.70254697915667786e-06,-3.16823009298130773e-04,1.01127220033357300e-05,-5.04257095956892965e-04,-1.70254697915667786e-06,2.07172266075001180e-03,7.30123402793205883e-05,-5.22097625523573272e-04,-2.79349458793857473e-06,-3.16823009298130773e-04,1.01127220033357300e-05,-5.22097625523573272e-04,-2.79349458793857473e-06,2.00769924951494337e-03,7.15189129932656268e-05
7.3820990546372707e+02,2.00911372453220710e-03,6.94797837978707131e-05,-5.03561472888755307e-04,-4.42984523744319518e-07,-3.15914477021861828e-04,1.09144141770796949e-05,-5.03561472888755307e-04,-4.42984523744319518e-07,2.07315556337389238e-03,7.04570276931163207e-05,-5.21422676596288771e-04,-1.49761091542423408e-06,-3.15914477021861828e-04,1.09144141770796949e-05,-5.21422676596288771e-04,-1.49761091542423408e-06,2.00923287412793942e-03,6.92693943487823245e-05
7.9100616502201171e+02,2.01067916200176880e-03,6.74432763009484543e-05,-5.02863254131456208e-04,7.27890433422729339e-07,-3.15003332126283404e-04,1.16645604609381273e-05,-5.02863254131456208e-04,7.27890433422729339e-07,2.07460012206825157e-03,6.81067336568055154e-05,-5.20745272118780609e-04,-2.93718226034235043e-07,-3.15003332126283404e-04,1.16645604609381273e-05,-5.20745272118780609e-04,-2.93718226034235043e-07,2.01078038588898547e-03,6.72048305718426825e-05
8.4757837638304909e+02,2.01226361946799754e-03,6.55757629534333900e-05,-5.02164696191845315e-04,1.81729927858909519e-06,-3.14090548073849810e-04,1.23674458287250036e-05,-5.02164696191845315e-04,1.81729927858909519e-06,2.07606167933983973e-03,6.59448120143390197e-05,-5.20067779763455336e-04,8.25655001858954427e-07,-3.14090548073849810e-04,1.23674458287250036e-05,-5.20067779763455336e-04,8.25655001858954427e-07,2.01234645396955025e-03,6.53102686682425706e-05
9.0819659299638386e+02,2.01387095333121872e-03,6.38627301572554780e-05,-5.01467640384524070e-04,2.83227605641389623e-06,-3.13176879582480227e-04,1.30272150145749304e-05,-5.01467640384524070e-04,2.83227605641389623e-06,2.07754467386262343e-03,6.39549714769434909e-05,-5.19392135692550109e-04,1.86778852919090337e-06,-3.13176879582480227e-04,1.30272150145749304e-05,-5.19392135692550109e-04,1.86778852919090337e-06,2.01393496629781324e-03,6.35710726570857702e-05
9.7315018234664615e+02,2.01550419006871033e-03,6.22899868669961484e-05,-5.00773493864861588e-04,3.77965992528405017e-06,-3.12262851009727422e-04,1.36478688675536326e-05,-5.00773493864861588e-04,3.77965992528405017e-06,2.07905258028432283e-03,6.21212872940591043e-05,-5.18719824951869787e-04,2.83976251621084628e-06,-3.12262851009727422e-04,1.36478688675536326e-05,-5.18719824951869787e-04,2.83976251621084628e-06,2.01554897084634975e-03,6.19729318317375268e-05
1.0427492072799280e+03,2.01716546566895350e-03,6.08437001243906727e-05,-5.00083210018320568e-04,4.66607528381219989e-06,-3.11348745129803807e-04,1.42332535485347838e-05,-5.00083210018320568e-04,4.66607528381219989e-06,2.08058784669986089e-03,6.04282433103752364e-05,-5.18051861137281116e-04,3.74843690930780662e-06,-3.11348745129803807e-04,1.42332535485347838e-05,-5.18051861137281116e-04,3.74843690930780662e-06,2.01719061502041511e-03,6.05018968233078864e-05
1.1173259061216529e+03,2.01885597180985303e-03,5.95104656875105985e-05,-4.99397272426265739e-04,5.49789619890913771e-06,-3.10434594850029859e-04,1.47870408429123339e-05,-4.99397272426265739e-04,5.49789619890913771e-06,2.08215183943809713e-03,5.88608127893829465e-05,-5.17388769694774632e-04,4.60041454727635675e-06,-3.10434594850029859e-04,1.47870408429123339e-05,-5.17388769694774632e-04,4.60041454727635675e-06,2.01886109183240046e-03,5.91444509940295716e-05
1.1972362786514534e+03,2.02057592004163114e-03,5.82774086276222902e-05,-4.98715687586819998e-04,6.28119791489844864e-06,-3.09520180598024685e-04,1.53127014796015093e-05,-4.98715687586819998e-04,6.28119791489844864e-06,2.08374480779773821e-03,5.74045722111580828e-05,-5.16730580241670867e-04,5.40199084294282955e-06,-3.09520180598024685e-04,1.53127014796015093e-05,-5.16730580241670867e-04,5.40199084294282955e-06,2.02056060421205519e-03,5.78876119853218853e-05
1.2828617855058624e+03,2.02232453408728941e-03,5.71323056527430325e-05,-4.98037990976083313e-04,7.02169953003450371e-06,-3.08605035793571114e-04,1.58134739856241594e-05,-4.98037990976083313e-04,7.02169953003450371e-06,2.08536588001231003e-03,5.60458388107363067e-05,-5.16076832679606442e-04,6.15909425988804169e-06,-3.08605035793571114e-04,1.58134739856241594e-05,-5.16076832679606442e-04,6.15909425988804169e-06,2.02228835763925687e-03,5.67190551114136798e-05
1.3746111691211165e+03,2.02410007977789786e-03,5.60637308750541510e-05,-4.97363270675506113e-04,7.72469726732836107e-06,-3.07688462711259308e-04,1.62923289470122065e-05,-4.97363270675506113e-04,7.72469726732836107e-06,2.08701310103521533e-03,5.47718337624363447e-05,-5.15426601484407672e-04,6.87721697560285140e-06,-3.07688462711259308e-04,1.62923289470122065e-05,-5.15426601484407672e-04,6.87721697560285140e-06,2.02404259069537303e-03,5.56272603295486230e-05
1.4729224049085135e+03,2.02589993871476678e-03,5.50612006706690805e-05,-4.96690210943837853e-04,8.39499986778091327e-06,-3.06769559575572649e-04,1.67519353250280772e-05,-4.96690210943837853e-04,8.39499986778091327e-06,2.08868351888053493e-03,5.35708437641294516e-05,-5.14778540684971862e-04,7.56134767359456161e-06,-3.06769559575572649e-04,1.67519353250280772e-05,-5.14778540684971862e-04,7.56134767359456161e-06,2.02582064965391249e-03,5.46016582376739022e-05
1.5782647919764743e+03,2.02772072884645953e-03,5.41153124950182851e-05,-4.96017156837968032e-04,9.03686850844753106e-06,-3.05847259320251620e-04,1.71946302037500401e-05,-4.96017156837968032e-04,9.03686850844753106e-06,2.09037332299221454e-03,5.24323753146570948e-05,-5.14130950687933554e-04,8.21590895600275398e-06,-3.05847259320251620e-04,1.71946302037500401e-05,-5.14130950687933554e-04,8.21590895600275398e-06,2.02761911032342318e-03,5.36327699282802538e-05
1.6911411933796066e+03,2.02955846776569152e-03,5.32178555492766355e-05,-4.95342197397642247e-04,9.65397135545269737e-06,-3.04920378161930997e-04,1.76223975519172233e-05,-4.95342197397642247e-04,9.65397135545269737e-06,2.09207802984001960e-03,5.13472770378028222e-05,-5.13481864410652092e-04,8.84470987081313788e-06,-3.04920378161930997e-04,1.76223975519172233e-05,-5.13481864410652092e-04,8.84470987081313788e-06,2.02943394289563676e-03,5.27123184236948073e-05
1.8120904365888139e+03,2.03140877098981253e-03,5.23618829448862811e-05,-4.94663263399571038e-04,1.02493572582647158e-05,-3.03987671498467753e-04,1.80368583243245060e-05,-4.94663263399571038e-04,1.02493572582647158e-05,2.09379270701074306e-03,5.03078185826638159e-05,-5.12829148597244771e-04,9.45091824574367589e-06,-3.03987671498467753e-04,1.80368583243245060e-05,-5.12829148597244771e-04,9.45091824574367589e-06,2.03126071199695706e-03,5.18333012698512190e-05
1.9416898856413561e+03,2.03326707162795797e-03,5.15417332087846482e-05,-4.93978233026579972e-04,1.08254537579683728e-05,-3.03047893158595776e-04,1.84392744890287329e-05,-4.93978233026579972e-04,1.08254537579683728e-05,2.09551222052819413e-03,4.93077126478772546e-05,-5.12170613434950132e-04,1.00370582205207868e-05,-3.03047893158595776e-04,1.84392744890287329e-05,-5.12170613434950132e-04,1.00370582205207868e-05,2.03309479823086383e-03,5.09900120488676254e-05
2.0805581972493128e+03,2.03512884439973783e-03,5.07529953841070593e-05,-4.93285037384458259e-04,1.13840914839864238e-05,-3.02099853387892262e-04,1.88305677560864762e-05,-4.93285037384458259e-04,1.13840914839864238e-05,2.09723148633217046e-03,4.83420738727801590e-05,-5.11504122109848356e-04,1.06050351612751443e-05,-3.02099853387892262e-04,1.88305677560864762e-05,-5.11504122109848356e-04,1.06050351612751443e-05,2.03493162403822325e-03,5.01780050364489119e-05
2.2293582740229917e+03,2.03698981668865931e-03,4.99924188741502346e-05,-4.92581757862244930e-04,1.19265538181076649e-05,-3.01142471141470521e-04,1.92113520009282862e-05,-4.92581757862244930e-04,1.19265538181076649e-05,2.09894570658452533e-03,4.74073160437505728e-05,-5.10827691992832766e-04,1.11561868254826283e-05,-3.01142471141470521e-04,1.92113520009282862e-05,-5.10827691992832766e-04,1.11561868254826283e-05,2.03676686642667451e-03,4.93940041783303384e-05
2.3888004289068249e+03,2.03884614928995190e-03,4.92577740293894854e-05,-4.91866707529018104e-04,1.24536484334619382e-05,-3.00174816493364513e-04,1.95819771195933580e-05,-4.91866707529018104e-04,1.24536484334619382e-05,2.10065057148691369e-03,4.65009944912821090e-05,-5.10139579342729446e-04,1.16913572878036286e-05,-3.00174816493364513e-04,1.95819771195933580e-05,-5.10139579342729446e-04,1.16913572878036286e-05,2.03859663909734899e-03,4.86357624493007008e-05
2.5596457759335367e+03,2.04069457364951766e-03,4.85476757538609165e-05,-4.91138490874653329e-04,1.29657945316517768e-05,-2.99196140285044811e-04,1.99425805982975004e-05,-4.91138490874653329e-04,1.29657945316517768e-05,2.10234241196940227e-03,4.56216075397454025e-05,-5.09438341596038210e-04,1.22109872402692471e-05,-2.99196140285044811e-04,1.99425805982975004e-05,-5.09438341596038210e-04,1.22109872402692471e-05,2.04041763067275110e-03,4.79018839816397062e-05
2.7427098634826762e+03,2.04253247847611475e-03,4.78613858135980237e-05,-4.90396039085586586e-04,1.34631182745411803e-05,-2.98205889790604107e-04,2.02931424999765306e-05,-4.90396039085586586e-04,1.34631182745411803e-05,2.10401829545025414e-03,4.47683746203941563e-05,-5.08722874297729780e-04,1.27152128914244221e-05,-2.98205889790604107e-04,2.02931424999765306e-05,-5.08722874297729780e-04,1.27152128914244221e-05,2.04222719187313693e-03,4.71916247787020773e-05
2.9388665673872893e+03,2.04435794159108777e-03,4.71986098797191257e-05,-4.89638619608604255e-04,1.39455487333829946e-05,-2.97203710099418238e-04,2.06335395212323746e-05,-4.89638619608604255e-04,1.39455487333829946e-05,2.10567606020637104e-03,4.39410090415251698e-05,-5.07992421351333894e-04,1.32039655028039534e-05,-2.97203710099418238e-04,2.06335395212323746e-05,-5.07992421351333894e-04,1.32039655028039534e-05,2.04402336748018328e-03,4.65046881769528561e-05
3.1490522624728596e+03,2.04616971221092828e-03,4.65593057189052280e-05,-4.88865822876388559e-04,1.44129069967729142e-05,-2.96189433126545405e-04,2.09635942025605980e-05,-4.88865822876388559e-04,1.44129069967729142e-05,2.10731429434451046e-03,4.31395037183866716e-05,-5.07246561538268618e-04,1.36770639141576422e-05,-2.96189433126545405e-04,2.09635942025605980e-05,-5.07246561538268618e-04,1.36770639141576422e-05,2.04580487835517074e-03,4.58410315972560993e-05
3.3742702924418300e+03,2.04796714964161023e-03,4.59435152741766902e-05,-4.88077529563879465e-04,1.48649826292485775e-05,-2.95163056429816203e-04,2.12831162037634960e-05,-4.88077529563879465e-04,1.48649826292485775e-05,2.10893226620181276e-03,4.23639440785779554e-05,-5.06485174782951878e-04,1.41342940171499385e-05,-2.95163056429816203e-04,2.12831162037634960e-05,-5.06485174782951878e-04,1.41342940171499385e-05,2.04757105954088414e-03,4.52006974223343689e-05
3.6155957594411634e+03,2.04975013043091469e-03,4.53512302928147320e-05,-4.87273864257780015e-04,1.53015934788919541e-05,-2.94124715263054072e-04,2.15919337287384156e-05,-4.87273864257780015e-04,1.53015934788919541e-05,2.11052981976914307e-03,4.16143588159103252e-05,-5.05708394250784692e-04,1.45754710004699647e-05,-2.94124715263054072e-04,2.15919337287384156e-05,-5.05708394250784692e-04,1.45754710004699647e-05,2.04932176660862402e-03,4.45836777226334485e-05
3.8741806561764306e+03,2.05151893617962515e-03,4.47822964965835640e-05,-4.86455141417204665e-04,1.57226269401095882e-05,-2.93074651212851486e-04,2.18899143289732313e-05,-4.86455141417204665e-04,1.57226269401095882e-05,2.11210724885117166e-03,4.08906139525624579e-05,-5.04916550372872279e-04,1.50004823774263944e-05,-2.93074651212851486e-04,2.18899143289732313e-05,-5.04916550372872279e-04,1.50004823774263944e-05,2.05105726255288071e-03,4.39898178515522780e-05
4.1512593650711415e+03,2.05327413465482712e-03,4.42363570043023763e-05,-4.85621809538626555e-04,1.61280627996781219e-05,-2.92013180685450743e-04,2.21769754371586029e-05,-4.85621809538626555e-04,1.61280627996781219e-05,2.11366516412523709e-03,4.01923508646174815e-05,-5.04110112935222802e-04,1.54093119055681231e-05,-2.92013180685450743e-04,2.21769754371586029e-05,-5.04110112935222802e-04,1.54093119055681231e-05,2.05277809797909782e-03,4.34187596111351858e-05
4.4481545507221354e+03,2.05501646554870181e-03,4.37128321265597668e-05,-4.84774398659728809e-04,1.65179794355763247e-05,-2.90940665986175661e-04,2.24530858601188465e-05,-4.84774398659728809e-04,1.65179794355763247e-05,2.11520436575944734e-03,3.95189649145826258e-05,-5.03289636569131471e-04,1.58020462140024926e-05,-2.90940665986175661e-04,2.24530858601188465e-05,-5.03289636569131471e-04,1.58020462140024926e-05,2.05448499601646947e-03,4.28699210710602215e-05
4.7662834737792873e+03,2.05674674006763774e-03,4.32109294860132979e-05,-4.83913475249576875e-04,1.68925464966432306e-05,-2.89857491081265415e-04,2.27182601439404418e-05,-4.83913475249576875e-04,1.68925464966432306e-05,2.11672573179574885e-03,3.88696178236152488e-05,-5.02455713856466736e-04,1.61788673695671647e-05,-2.89857491081265415e-04,2.27182601439404418e-05,-5.02455713856466736e-04,1.61788673695671647e-05,2.05617875120553319e-03,4.23425069350459449e-05
5.1071647563894658e+03,2.05846576061679111e-03,4.27296766046533576e-05,-4.83039607078703925e-04,1.72520079325291624e-05,-2.88764043284219906e-04,2.29725480690338378e-05,-4.83039607078703925e-04,1.72520079325291624e-05,2.11823012921072071e-03,3.82432749209151072e-05,-5.01608938757675395e-04,1.65400353880432555e-05,-2.88764043284219906e-04,2.29725480690338378e-05,-5.01608938757675395e-04,1.65400353880432555e-05,2.05786014866597049e-03,4.18355415257431944e-05
5.4724256315004277e+03,2.06017426374908953e-03,4.22679671706729433e-05,-4.82153339206760855e-04,1.75966595392198342e-05,-2.87660701297932941e-04,2.32160216199915866e-05,-4.82153339206760855e-04,1.75966595392198342e-05,2.11971835109158249e-03,3.76387574125444682e-05,-5.00749881560063215e-04,1.68858650100450159e-05,-2.87660701297932941e-04,2.32160216199915866e-05,-5.00749881560063215e-04,1.68858650100450159e-05,2.05952990672720031e-03,4.13479155275670295e-05
5.8638097106298064e+03,2.06187288648785163e-03,4.18246124359539112e-05,-4.81255180819885634e-04,1.79268249545116855e-05,-2.86547829281507890e-04,2.34487615807507912e-05,-4.81255180819885634e-04,1.79268249545116855e-05,2.12119107994676419e-03,3.70548001192130193e-05,-4.99879075083843388e-04,1.72167008272583471e-05,-2.86547829281507890e-04,2.34487615807507912e-05,-4.99879075083843388e-04,1.72167008272583471e-05,2.06118864312073661e-03,4.08784378715695056e-05
6.2831853071795786e+03,2.06356215352588657e-03,4.13983903040742495e-05,-4.80345601503195528e-04,1.82428334201259679e-05,-2.85425776014304531e-04,2.36708455096561467e-05,-4.80345601503195528e-04,1.82428334201259679e-05,2.12264887427441240e-03,3.64901064085390960e-05,-4.98997010690116699e-04,1.75328942082997265e-05,-2.85425776014304531e-04,2.36708455096561467e-05,-4.98997010690116699e-04,1.75328942082997265e-05,2.06283686220810067e-03,4.04258852681185904e-05
6.7325543550281964e+03,2.06524248085119058e-03,4.09880865933713432e-05,-4.79425034712732808e-04,1.85450016684612772e-05,-2.84294877825122636e-04,2.38823382852930335e-05,-4.79425034712732808e-04,1.85450016684612772e-05,2.12409217335747828e-03,3.59433942228451619e-05,-4.98104141778509370e-04,1.78347844813775385e-05,-2.84294877825122636e-04,2.38823382852930335e-05,-4.98104141778509370e-04,1.78347844813775385e-05,2.06447495875289279e-03,3.99890438357006735e-05
7.2140619649742330e+03,2.06691419031869309e-03,4.05925252131253444e-05,-4.78493885832582445e-04,1.88336212238669450e-05,-2.83155463799558487e-04,2.40832858131480609e-05,-4.78493885832582445e-04,1.88336212238669450e-05,2.12552131413658958e-03,3.54134296322823139e-05,-4.97200892064380423e-04,1.81226857232640195e-05,-2.83155463799558487e-04,2.40832858131480609e-05,-4.97200892064380423e-04,1.81226857232640195e-05,2.06610323271095046e-03,3.95667395466671920e-05
7.7300066646502428e+03,2.06857752957847292e-03,4.02105863135485841e-05,-4.77552542247537844e-04,1.91089513443247093e-05,-2.82007861854371099e-04,2.42737119037432272e-05,-4.77552542247537844e-04,1.91089513443247093e-05,2.12693655392212936e-03,3.48990469354528446e-05,-4.96287665967541300e-04,1.83968793990087265e-05,-2.82007861854371099e-04,2.42737119037432272e-05,-4.96287665967541300e-04,1.83968793990087265e-05,2.06772190940595008e-03,3.91578565513607416e-05
8.2828513707880938e+03,2.07023269249500272e-03,3.98412134777772920e-05,-4.76601383266041733e-04,1.93712169505630796e-05,-2.80852404527925752e-04,2.44536178753686106e-05,-4.76601383266041733e-04,1.93712169505630796e-05,2.12833809354240041e-03,3.43991565559017065e-05,-4.95364858860692292e-04,1.86576121821378557e-05,-2.80852404527925752e-04,2.44536178753686106e-05,-4.95364858860692292e-04,1.86576121821378557e-05,2.06933116019095750e-03,3.87613444634344646e-05
8.8752351462132119e+03,2.07187983651520519e-03,3.94834124175595704e-05,-4.75640788382149812e-04,1.96206103096906824e-05,-2.79689433718500417e-04,2.46229841494931574e-05,-4.75640788382149812e-04,1.96206103096906824e-05,2.12972609701788827e-03,3.39127435167053197e-05,-4.94432865602765950e-04,1.89050976799867487e-05,-2.79689433718500417e-04,2.46229841494931574e-05,-4.94432865602765950e-04,1.89050976799867487e-05,2.07093112003173133e-03,3.83762170909445927e-05
9.5099857976907642e+03,2.07351909502873815e-03,3.91362443013409903e-05,-4.74671143104393864e-04,1.98572950018035602e-05,-2.78519304013061600e-04,2.47817730122887946e-05,-4.74671143104393864e-04,1.98572950018035602e-05,2.13110070562611475e-03,3.34388599951713497e-05,-4.93492086549254631e-04,1.91395205377570371e-05,-2.78519304013061600e-04,2.47817730122887946e-05,-4.93492086549254631e-04,1.91395205377570371e-05,2.07252190004616295e-03,3.80015457670003837e-05
1.0190133374761108e+04,2.07515058427809335e-03,3.87988167929071107e-05,-4.73692842257616466e-04,2.00814107782050367e-05,-2.77342384611811883e-04,2.49299317899078575e-05,-4.73692842257616466e-04,2.00814107782050367e-05,2.13246204590503315e-03,3.29766153820286776e-05,-4.92542930936605908e-04,1.93610414753686241e-05,-2.77342384611811883e-04,2.49299317899078575e-05,-4.92542930936605908e-04,1.93610414753686241e-05,2.07410359455930402e-03,3.76364503802176887e-05
1.0918924634002566e+04,2.07677440554835790e-03,3.84702752752470238e-05,-4.72706291166292286e-04,2.02930782342448918e-05,-2.76159060110378043e-04,2.50673958772308538e-05,-4.72706291166292286e-04,2.02930782342448918e-05,2.13381023243788782e-03,3.25251665818353597e-05,-4.91585818061206561e-04,1.95698021357497512e-05,-2.76159060110378043e-04,2.50673958772308538e-05,-4.91585818061206561e-04,1.95698021357497512e-05,2.07567628341318944e-03,3.72800905952698543e-05
1.1699838537768232e+04,2.07839064404127284e-03,3.81497958413925395e-05,-4.71711905393106066e-04,2.04924026446495112e-05,-2.74969730523832415e-04,2.51940913006732625e-05,-4.71711905393106066e-04,2.04924026446495112e-05,2.13514536699909796e-03,3.20837102888706796e-05,-4.90621176950965061e-04,1.97659290635485648e-05,-2.74969730523832415e-04,2.51940913006732625e-05,-4.90621176950965061e-04,1.97659290635485648e-05,2.07724003094872595e-03,3.69316588531551956e-05
1.2536602861381585e+04,2.07999936601125247e-03,3.78365806917340116e-05,-4.70710109751964079e-04,2.06794767322864901e-05,-2.73774810943589798e-04,2.53099367229850313e-05,-4.70710109751964079e-04,2.06794767322864901e-05,2.13646753581952066e-03,3.16514779246938242e-05,-4.89649445276478762e-04,1.99495365729501730e-05,-2.73774810943589798e-04,2.53099367229850313e-05,-4.89649445276478762e-04,1.99495365729501730e-05,2.07879488324921868e-03,3.65903757916726690e-05
1.3433211988067382e+04,2.08160061551031488e-03,3.75298558434939808e-05,-4.69701337175926496e-04,2.08543824631152323e-05,-2.72574731125467388e-04,2.54148449666248850e-05,-4.69701337175926496e-04,2.08543824631152323e-05,2.13777680646184834e-03,3.12277331098246075e-05,-4.88671068106091930e-04,2.01207285979872717e-05,-2.72574731125467388e-04,2.54148449666248850e-05,-4.88671068106091930e-04,2.01207285979872717e-05,2.08034086500174988e-03,3.62554879874854127e-05
1.4393945976563442e+04,2.08319441164438787e-03,3.72288705650497870e-05,-4.68686027823733828e-04,2.10171921509634100e-05,-2.71369935201680565e-04,2.55087242191323168e-05,-4.68686027823733828e-04,2.10171921509634100e-05,2.13907322529783466e-03,3.08117710061646204e-05,-4.87686496905144506e-04,2.02795998188064674e-05,-2.71369935201680565e-04,2.55087242191323168e-05,-4.87686496905144506e-04,2.02795998188064674e-05,2.08187797688337301e-03,3.59262674265010907e-05
1.5423390992434895e+04,2.08478074672983384e-03,3.69328978763425151e-05,-4.67664628549764496e-04,2.11679691832385424e-05,-2.70160881557041099e-04,2.55914790956076205e-05,-4.67664628549764496e-04,2.11679691832385424e-05,2.14035681600520085e-03,3.04029187876298922e-05,-4.86696188911238002e-04,2.04262363857911368e-05,-2.70160881557041099e-04,2.55914790956076205e-05,-4.86696188911238002e-04,2.04262363857911368e-05,2.08340619386252097e-03,3.56020120367334355e-05
1.6526461200621790e+04,2.08635958538335928e-03,3.66412354501825411e-05,-4.66637592740880519e-04,2.13067686516371235e-05,-2.68948042861934028e-04,2.56630117035177882e-05,-4.66637592740880519e-04,2.13067686516371235e-05,2.14162757911156437e-03,3.00005365024985422e-05,-4.85700606890384344e-04,2.05607165371796740e-05,-2.68948042861934028e-04,2.56630117035177882e-05,-4.85700606890384344e-04,2.05607165371796740e-05,2.08492546444708372e-03,3.52820466136882565e-05
1.7708422223726517e+04,2.08793086430516736e-03,3.63532065741353430e-05,-4.65605380383742691e-04,2.14336380317527663e-05,-2.67731906172520378e-04,2.57232227818025248e-05,-4.65605380383742691e-04,2.14336380317527663e-05,2.14288549230978297e-03,2.96040179484315626e-05,-4.84700219133633241e-04,2.06831112595897421e-05,-2.67731906172520378e-04,2.57232227818025248e-05,-4.84700219133633241e-04,2.06831112595897421e-05,2.08643571063630521e-03,3.49657237945175068e-05
1.8974916278021654e+04,2.08949449250444902e-03,3.60681609757578778e-05,-4.64568458248738273e-04,2.15486179849450413e-05,-2.66512973033121740e-04,2.57720129448647337e-05,-4.64568458248738273e-04,2.15486179849450413e-05,2.14413051126257888e-03,2.92127913435317399e-05,-4.83695499576405332e-04,2.07934850680568873e-05,-2.66512973033121740e-04,2.57720129448647337e-05,-4.83695499576405332e-04,2.07934850680568873e-05,2.08793682832297215e-03,3.46524248820534494e-05
2.0331989107167505e+04,2.09105035173606964e-03,3.57854755451616769e-05,-4.63527300080131353e-04,2.16517432582375357e-05,-2.65291759516074726e-04,2.58092840120874582e-05,-4.63527300080131353e-04,2.16517432582375357e-05,2.14536257063631776e-03,2.88263198307226510e-05,-4.82686927926449186e-04,2.08918968804056165e-05,-2.65291759516074726e-04,2.58092840120874582e-05,-4.82686927926449186e-04,2.08918968804056165e-05,2.08942868791239019e-03,3.43415605521485578e-05
2.1786118842210701e+04,2.09259829705583326e-03,3.55045550239777298e-05,-4.62482386750407207e-04,2.17430436463712005e-05,-2.64068796173581497e-04,2.58349403989385303e-05,-4.62482386750407207e-04,2.17430436463712005e-05,2.14658158525875449e-03,2.84441018901232450e-05,-4.81674989757207694e-04,2.09784009484929277e-05,-2.64068796173581497e-04,2.58349403989385303e-05,-4.81674989757207694e-04,2.09784009484929277e-05,2.09091113506420199e-03,3.40325715128829193e-05
2.3344246925629530e+04,2.09413815746119095e-03,3.52248327759528183e-05,-4.61434206359879096e-04,2.18225449602959740e-05,-2.62844627887841146e-04,2.58488905350624509e-05,-4.61434206359879096e-04,2.18225449602959740e-05,2.14778745135978328e-03,2.80656717852275233e-05,-4.80660176547632195e-04,2.10530477882919121e-05,-2.62844627887841146e-04,2.58488905350624509e-05,-4.80660176547632195e-04,2.10530477882919121e-05,2.09238399152258513e-03,3.37249292307671323e-05
2.5013811247045676e+04,2.09566973669521144e-03,3.49457716628571126e-05,-4.60383254309717355e-04,2.18902699913245063e-05,-2.61619813628864196e-04,2.58510483004304958e-05,-4.60383254309717355e-04,2.18902699913245063e-05,2.14898004797647001e-03,2.76906000647609023e-05,-4.79642985698521787e-04,2.11158850971816938e-05,-2.61619813628864196e-04,2.58510483004304958e-05,-4.79642985698521787e-04,2.11158850971816938e-05,2.09384705611210739e-03,3.34181367463302602e-05
2.6802781648779001e+04,2.09719281425495242e-03,3.46668650535472098e-05,-4.59330033358697513e-04,2.19462394528389383e-05,-2.60394926120693698e-04,2.58413344636187800e-05,-4.59330033358697513e-04,2.19462394528389383e-05,2.15015923856083473e-03,2.73184941497904817e-05,-4.78623920537148964e-04,2.11669586396681357e-05,-2.60394926120693698e-04,2.58413344636187800e-05,-4.78623920537148964e-04,2.11669586396681357e-05,2.09530010593889093e-03,3.31117296063778861e-05
2.8719697970734982e+04,2.09870714667917792e-03,3.43876379120473580e-05,-4.58275053688906578e-04,2.19904729185909232e-05,-2.59170551424132891e-04,2.58196781261063593e-05,-4.58275053688906578e-04,2.19904729185909232e-05,2.15132487286603946e-03,2.69489989442592753e-05,-4.77603490337459385e-04,2.12063131213039504e-05,-2.59170551424132891e-04,2.58196781261063593e-05,-4.77603490337459385e-04,2.12063131213039504e-05,2.09674289787083971e-03,3.28052768574687559e-05
3.0773710816235834e+04,2.10021246915141103e-03,3.41076479110060665e-05,-4.57218832984595484e-04,2.20229897736530657e-05,-2.57947288431909015e-04,2.57860181731233321e-05,-4.57218832984595484e-04,2.20229897736530657e-05,2.15247678914180047e-03,2.65817974088144130e-05,-4.76582210361469589e-04,2.12339930676469526e-05,-2.57947288431909015e-04,2.57860181731233321e-05,-4.76582210361469589e-04,2.12339930676469526e-05,2.09817517033111323e-03,3.24983820458120932e-05
3.2974625233396029e+04,2.10170849743612732e-03,3.38264864969602005e-05,-4.56161896527913877e-04,2.20438101989646423e-05,-2.56725748276293649e-04,2.57403047321245618e-05,-4.56161896527913877e-04,2.20438101989646423e-05,2.15361481665068662e-03,2.62166110188064175e-05,-4.75560601926777011e-04,2.12500437306061536e-05,-2.56725748276293649e-04,2.57403047321245618e-05,-4.75560601926777011e-04,2.12500437306061536e-05,2.09959664542058375e-03,3.21906841494738234e-05
3.5332947520558948e+04,2.10319493015613751e-03,3.35437798343445409e-05,-4.55104777301729071e-04,2.20529562110702225e-05,-2.55506553637862839e-04,2.56825006402815529e-05,-4.55104777301729071e-04,2.20529562110702225e-05,2.15473877850399760e-03,2.58532000264091914e-05,-4.74539192491384870e-04,2.12545120449904064e-05,-2.55506553637862839e-04,2.56825006402815529e-05,-4.74539192491384870e-04,2.12545120449904064e-05,2.10100703137507117e-03,3.18818583687514049e-05
3.7859935379226117e+04,2.10467145139619496e-03,3.32591895465183070e-05,-4.54048016091610114e-04,2.20504527773266864e-05,-2.54290337952000375e-04,2.56125829193197928e-05,-4.54048016091610114e-04,2.20504527773266864e-05,2.15584849479246018e-03,2.54913634417887497e-05,-4.73518515748566063e-04,2.12474476573287289e-05,-2.54290337952000375e-04,2.56125829193197928e-05,-4.73518515748566063e-04,2.12474476573287289e-05,2.10240602533985762e-03,3.15716166930361689e-05
4.0567651653889036e+04,2.10613773360678004e-03,3.29724131714601346e-05,-4.52992161567735145e-04,2.20363290273722631e-05,-2.53077744501084144e-04,2.55305442562035151e-05,-4.52992161567735145e-04,2.20363290273722631e-05,2.15694378597340629e-03,2.51309386468626404e-05,-4.72499111712951854e-04,2.12289040494511593e-05,-2.53077744501084144e-04,2.55305442562035151e-05,-4.72499111712951854e-04,2.12289040494511593e-05,2.10379331643279670e-03,3.12597081615449888e-05
4.3469021915296398e+04,2.10759344075749392e-03,3.26831842468670972e-05,-4.51937770323089841e-04,2.20106195797672871e-05,-2.51869425382023114e-04,2.54363944858581150e-05,-4.51937770323089841e-04,2.20106195797672871e-05,2.15802447645024442e-03,2.47718005548785670e-05,-4.71481526774198800e-04,2.11989397777397276e-05,-2.51869425382023114e-04,2.54363944858581150e-05,-4.71481526774198800e-04,2.11989397777397276e-05,2.10516858904262602e-03,3.09459187330945481e-05
4.6577896162036755e+04,2.10903823166531295e-03,3.23912719452970057e-05,-4.50885406834195337e-04,2.19733659987661600e-05,-2.50666040334420023e-04,2.53301620695324870e-05,-4.50885406834195337e-04,2.19733659987661600e-05,2.15909039825370411e-03,2.44138602366851331e-05,-4.70466313683992902e-04,2.11576198449726048e-05,-2.50666040334420023e-04,2.53301620695324870e-05,-4.70466313683992902e-04,2.11576198449726048e-05,2.10653152628478314e-03,3.06300706862487412e-05
4.9909114934974983e+04,2.11047176339493065e-03,3.20964801928679574e-05,-4.49835643304072493e-04,2.19246183889347808e-05,-2.49468255414805277e-04,2.52118955582845939e-05,-4.49835643304072493e-04,2.19246183889347808e-05,2.16014139470533956e-03,2.40570629509527461e-05,-4.69454031435047987e-04,2.11050172144040850e-05,-2.49468255414805277e-04,2.52118955582845939e-05,-4.69454031435047987e-04,2.11050172144040850e-05,2.10788181350907459e-03,3.03120214847038141e-05
5.3478580160148224e+04,2.11189369460432251e-03,3.17986462300485343e-05,-4.48789059338670644e-04,2.18644371240738687e-05,-2.48276741499581428e-04,2.50816650254295198e-05,-4.48789059338670644e-04,2.18644371240738687e-05,2.16117732391836242e-03,2.37013855441006519e-05,-4.68445244981764318e-04,2.10412144640960664e-05,-2.48276741499581428e-04,2.50816650254295198e-05,-4.68445244981764318e-04,2.10412144640960664e-05,2.10921914172947133e-03,2.99916620681734422e-05
5.7303331058295655e+04,2.11330368868927051e-03,3.14976386069803596e-05,-4.47746241405304443e-04,2.17928946924264387e-05,-2.47092172601409482e-04,2.49395634450423113e-05,-4.47746241405304443e-04,2.17928946924264387e-05,2.16219806197202749e-03,2.33468332243802018e-05,-4.67440524749070812e-04,2.09663055645779964e-05,-2.47092172601409482e-04,2.49395634450423113e-05,-4.67440524749070812e-04,2.09663055645779964e-05,2.11054321082713905e-03,2.96689145635848248e-05
6.1401625483385491e+04,2.11470141657262240e-03,3.11933546486684149e-05,-4.46707782022366206e-04,2.17100776232207958e-05,-2.45915223986671637e-04,2.47857079863265885e-05,-4.46707782022366206e-04,2.17100776232207958e-05,2.16320350558931590e-03,2.29934357621892939e-05,-4.66440445876404469e-04,2.08803977453029852e-05,-2.45915223986671637e-04,2.47857079863265885e-05,-4.66440445876404469e-04,2.08803977453029852e-05,2.11185373237025029e-03,2.93437294547698016e-05
6.5793027078416912e+04,2.11608655899050806e-03,3.08857174726725616e-05,-4.45674278636413166e-04,2.16160884419876416e-05,-2.44746570087601371e-04,2.46202411866979987e-05,-4.45674278636413166e-04,2.16160884419876416e-05,2.16419357415725214e-03,2.26412432205878780e-05,-4.65445587150589636e-04,2.07836133969727592e-05,-2.44746570087601371e-04,2.46202411866979987e-05,-4.65445587150589636e-04,2.07836133969727592e-05,2.11315043190100178e-03,2.90160822965534675e-05
7.0498498664544430e+04,2.11745880814991766e-03,3.05746726886775566e-05,-4.44646332156222433e-04,2.15110475860025597e-05,-2.43586882211862437e-04,2.44433319609914674e-05,-4.44646332156222433e-04,2.15110475860025597e-05,2.16516821095611356e-03,2.22903213707093190e-05,-4.64456529595088296e-04,2.06760919399284318e-05,-2.43586882211862437e-04,2.44433319609914674e-05,-4.64456529595088296e-04,2.06760919399284318e-05,2.11443305056311769e-03,2.86859701062339311e-05
7.5540502309326941e+04,2.11881786867201176e-03,3.02601849485038910e-05,-4.43624545132464011e-04,2.13950951993064840e-05,-2.42436826063279880e-04,2.42551764013468826e-05,-4.43624545132464011e-04,2.13950951993064840e-05,2.16612738350972778e-03,2.19407469883521586e-05,-4.63473854702700541e-04,2.05579915761980391e-05,-2.42436826063279880e-04,2.42551764013468826e-05,-4.63473854702700541e-04,2.05579915761980391e-05,2.11570134598367899e-03,2.83534076047480914e-05
8.0943106551789780e+04,2.12016345778822876e-03,2.99422345405734546e-05,-4.42609519595366790e-04,2.12683927213264064e-05,-2.41297059100242106e-04,2.40559983231525249e-05,-4.42609519595366790e-04,2.12683927213264064e-05,2.16707108302859053e-03,2.15926032542068038e-05,-4.62498142323308401e-04,2.04294908368835452e-05,-2.41297059100242106e-04,2.40559983231525249e-05,-4.62498142323308401e-04,2.04294908368835452e-05,2.11695509237657059e-03,2.80184235052698056e-05
8.6732101296147317e+04,2.12149530481755850e-03,2.96208142290965517e-05,-4.41601854588060598e-04,2.11311241858496206e-05,-2.40168227770776925e-04,2.38460495173807913e-05,-4.41601854588060598e-04,2.11311241858496206e-05,2.16799932298571618e-03,2.12459754849016030e-05,-4.61529968244501197e-04,2.02907898391323818e-05,-2.40168227770776925e-04,2.38460495173807913e-05,-4.61529968244501197e-04,2.02907898391323818e-05,2.11819407989671370e-03,2.76810570530300637e-05
9.2935120922645452e+04,2.12281315001443347e-03,2.92959265230119482e-05,-4.40602143457136802e-04,2.09834971584167690e-05,-2.39050964674285586e-04,2.36256096787206406e-05,-4.40602143457136802e-04,2.09834971584167690e-05,2.16891213693243788e-03,2.09009474032512717e-05,-4.60569901527770108e-04,2.01421111784503855e-05,-2.39050964674285586e-04,2.36256096787206406e-05,-4.60569901527770108e-04,2.01421111784503855e-05,2.11941811333589284e-03,2.73413550045791845e-05
9.9581776203205955e+04,2.12411674292977727e-03,2.89675815239885724e-05,-4.39610970981160385e-04,2.08257432591138063e-05,-2.37945885707767748e-04,2.33949859913029644e-05,-4.39610970981160385e-04,2.08257432591138063e-05,2.16980957571917456e-03,2.05575981150752999e-05,-4.59618501682974585e-04,1.99837004015849100e-05,-2.37945885707767748e-04,2.33949859913029644e-05,-4.59618501682974585e-04,1.99837004015849100e-05,2.12062701030444343e-03,2.69993691985606499e-05
1.0670379565158622e+05,2.12540584046519345e-03,2.86357954512690313e-05,-4.38628910429681015e-04,2.06581182419442554e-05,-2.36853587258028153e-04,2.31545123681894092e-05,-4.38628910429681015e-04,2.06581182419442554e-05,2.17069170432644763e-03,2.02159999020950370e-05,-4.58676315776217224e-04,1.98158260302435201e-05,-2.36853587258028153e-04,2.31545123681894092e-05,-4.58676315776217224e-04,1.98158260302435201e-05,2.12182059908072682e-03,2.66551548180860666e-05
1.1433517698280315e+05,2.12668020481766168e-03,2.83005898809260639e-05,-4.37656520648537113e-04,2.04809016283268262e-05,-2.35774643500460393e-04,2.29045483555086306e-05,-4.37656520648537113e-04,2.04809016283268262e-05,2.17155859852940147e-03,1.98762168736349843e-05,-4.57743875569724943e-04,1.96387791332755944e-05,-2.35774643500460393e-04,2.29045483555086306e-05,-4.57743875569724943e-04,1.96387791332755944e-05,2.12299871632778405e-03,2.63087693841717896e-05
1.2251234940483197e+05,2.12793960150832635e-03,2.79619916764958361e-05,-4.36694343261915911e-04,2.02943959174527183e-05,-2.34709603859846558e-04,2.26454777255456635e-05,-4.36694343261915911e-04,2.02943959174527183e-05,2.17241034161396547e-03,1.95383044532192356e-05,-4.56821694786908395e-04,1.94528724711401978e-05,-2.34709603859846558e-04,2.26454777255456635e-05,-4.56821694786908395e-04,1.94528724711401978e-05,2.12416120487273668e-03,2.59602724587557644e-05
1.3127434751729239e+05,2.12918379766600550e-03,2.76200335346333999e-05,-4.35742900069075562e-04,2.00989254173396146e-05,-2.33658990680054869e-04,2.23777067938904701e-05,-4.35742900069075562e-04,2.00989254173396146e-05,2.17324702133693233e-03,1.92023096179747253e-05,-4.55910266582732686e-04,1.92584392584699542e-05,-2.33658990680054869e-04,2.23777067938904701e-05,-4.55910266582732686e-04,1.92584392584699542e-05,2.12530791172148813e-03,2.56097259822580556e-05
1.4066299764724923e+05,2.13041256069923567e-03,2.72747550289948242e-05,-4.34802690696257542e-04,1.98948347555497748e-05,-2.32623297138892374e-04,2.21016625031787211e-05,-4.34802690696257542e-04,1.98948347555497748e-05,2.17406872728158470e-03,1.88682717649619032e-05,-4.55010061281452619e-04,1.90558316063244147e-05,-2.32623297138892374e-04,2.21016625031787211e-05,-4.55010061281452619e-04,1.90558316063244147e-05,2.12643868644434107e-03,2.52571951300780796e-05
1.5072311751161952e+05,2.13162565744605664e-03,2.69262040109635514e-05,-4.33874190544718459e-04,1.96824871369061126e-05,-2.31602985433006919e-04,2.18177903197985825e-05,-4.33874190544718459e-04,1.96824871369061126e-05,2.17487554871177973e-03,1.85362240521923130e-05,-4.54121524423311781e-04,1.88454187144571665e-05,-2.31602985433006919e-04,2.18177903197985825e-05,-4.54121524423311781e-04,1.88454187144571665e-05,2.12755338002352124e-03,2.49027495477815623e-05
1.6150273015929660e+05,2.13282285384444690e-03,2.65744382173209307e-05,-4.32957849056393263e-04,1.94622624174288082e-05,-2.30598485246781142e-04,2.15265519904984725e-05,-4.32957849056393263e-04,1.94622624174288082e-05,2.17566757297725163e-03,1.82061950532018971e-05,-4.53245075141506205e-04,1.86275848858803928e-05,-2.30598485246781142e-04,2.15265519904984725e-05,-4.53245075141506205e-04,1.86275848858803928e-05,2.12865184420728487e-03,2.45464648162097412e-05
1.7305329321426636e+05,2.13400391512397767e-03,2.62195269404344603e-05,-4.32054088301575979e-04,1.92345550602823327e-05,-2.29610192509585251e-04,2.12284232037946680e-05,-4.32054088301575979e-04,1.92345550602823327e-05,2.17644488447740325e-03,1.78782105701954768e-05,-4.52381104872781484e-04,1.84027274323851861e-05,-2.29610192509585251e-04,2.12284232037946680e-05,-4.52381104872781484e-04,1.84027274323851861e-05,2.12973393137304680e-03,2.41884240032189922e-05
1.8542994451403045e+05,2.13516860648404073e-03,2.58615526326861865e-05,-4.31163301879200489e-04,1.89997720322648849e-05,-2.28638468437957100e-04,2.09238911972361552e-05,-4.31163301879200489e-04,1.89997720322648849e-05,2.17720756415330265e-03,1.75522954682514016e-05,-4.51529976390552604e-04,1.81712545320228756e-05,-2.28638468437957100e-04,2.09238911972361552e-05,-4.51529976390552604e-04,1.81712545320228756e-05,2.13079949486691660e-03,2.38287191748874785e-05
1.9869176531592174e+05,2.13631669419806283e-03,2.55006123397686022e-05,-4.30285854110401740e-04,1.87583306899398401e-05,-2.27683638853455389e-04,2.06134523467538388e-05,-4.30285854110401740e-04,1.87583306899398401e-05,2.17795568945021488e-03,1.72284754175595088e-05,-4.50692023139048336e-04,1.79335830895930235e-05,-2.27683638853455389e-04,2.06134523467538388e-05,-4.50692023139048336e-04,1.79335830895930235e-05,2.13184838976123066e-03,2.34674527618566699e-05
2.1290206232774997e+05,2.13744794706653089e-03,2.51368188834753020e-05,-4.29422079499899444e-04,1.85106566943400307e-05,-2.26745993762931901e-04,2.02976097691801889e-05,-4.29422079499899444e-04,1.85106566943400307e-05,2.17868933467572435e-03,1.69067784581881464e-05,-4.49867548840524522e-04,1.76901366404226112e-05,-2.26745993762931901e-04,2.02976097691801889e-05,-4.49867548840524522e-04,1.76901366404226112e-05,2.13288047395533567e-03,2.31047387023384083e-05
2.2812866990908416e+05,2.13856213813367387e-03,2.47703017406867157e-05,-4.28572282436835640e-04,1.82571819833743825e-05,-2.25825787185494659e-04,1.99768709640559493e-05,-4.28572282436835640e-04,1.82571819833743825e-05,2.17940857167047038e-03,1.65872363291977298e-05,-4.49056827344555039e-04,1.74413433273227123e-05,-2.25825787185494659e-04,1.99768709640559493e-05,-4.49056827344555039e-04,1.74413433273227123e-05,2.13389560953710115e-03,2.27407033091868248e-05
2.4444427388576101e+05,2.13965904658180387e-03,2.44012075892321901e-05,-4.27736737106347380e-04,1.79983428223881323e-05,-2.24923237209152522e-04,1.96517455163654979e-05,-4.27736737106347380e-04,1.79983428223881323e-05,2.18011347070792621e-03,1.62698855287571330e-05,-4.48260102688064236e-04,1.71876339713693556e-05,-2.24923237209152522e-04,1.96517455163654979e-05,-4.48260102688064236e-04,1.71876339713693556e-05,2.13489366432192788e-03,2.23754858321450846e-05
2.6192675852338222e+05,2.14073845972165321e-03,2.40297005118795348e-05,-4.26915687584545657e-04,1.77345779461343537e-05,-2.24038526259633038e-04,1.93227428779765605e-05,-4.26915687584545657e-04,1.77345779461343537e-05,2.18080410154449780e-03,1.59547680929313229e-05,-4.47477589336286801e-04,1.69294402494668124e-05,-2.24038526259633038e-04,1.93227428779765605e-05,-4.47477589336286801e-04,1.69294402494668124e-05,2.13587451349054420e-03,2.20092387066313306e-05
2.8065957831611275e+05,2.14180017500510212e-03,2.36559618662788218e-05,-4.26109348092063348e-04,1.74663267998316028e-05,-2.23171801563901986e-04,1.89903702423361888e-05,-4.26109348092063348e-04,1.74663267998316028e-05,2.18148053454973864e-03,1.56419320974374400e-05,-4.46709472577539596e-04,1.66671929856522778e-05,-2.23171801563901986e-04,1.89903702423361888e-05,-4.46709472577539596e-04,1.66671929856522778e-05,2.13683804125495069e-03,2.16421274966467923e-05
3.0073215636556060e+05,2.14284400199665640e-03,2.32801898412138049e-05,-4.25317903384306089e-04,1.71940278829071022e-05,-2.22323175791192006e-04,1.86551305243175201e-05,-4.25317903384306089e-04,1.71940278829071022e-05,2.18214284185684745e-03,1.53314318989365531e-05,-4.45955909047936042e-04,1.64013205586951830e-05,-2.22323175791192006e-04,1.86551305243175201e-05,-4.45955909047936042e-04,1.64013205586951830e-05,2.13778414249186617e-03,2.12743305515460315e-05
3.2224031125143263e+05,2.14386976425094775e-03,2.29025987283120651e-05,-4.24541509259615231e-04,1.69181171962590108e-05,-2.21492727854754766e-04,1.83175204549220803e-05,-4.24541509259615231e-04,1.69181171962590108e-05,2.18279109848472375e-03,1.50233281407438709e-05,-4.45217027365527951e-04,1.61322474255280343e-05,-2.21492727854754766e-04,1.83175204549220803e-05,-4.45217027365527951e-04,1.61322474255280343e-05,2.13871272429387799e-03,2.09060384048308320e-05
3.4528671443168505e+05,2.14487730105433977e-03,2.25234179439376314e-05,-4.23780293169405268e-04,1.66390267921516655e-05,-2.20680503857951084e-04,1.79780287987020329e-05,-4.23780293169405268e-04,1.66390267921516655e-05,2.18342538339367630e-03,1.47176875528030468e-05,-4.44492928856539697e-04,1.58603927581514486e-05,-2.20680503857951084e-04,1.79780287987020329e-05,-4.44492928856539697e-04,1.58603927581514486e-05,2.13962370739917808e-03,2.05374529483411369e-05
3.6998138035561488e+05,2.14586646899897265e-03,2.21428908389259512e-05,-4.23034354916836401e-04,1.63571834249248421e-05,-2.19886518168678729e-04,1.76371347001736436e-05,-4.23034354916836401e-04,1.63571834249248421e-05,2.18404578044685506e-03,1.44145825780522375e-05,-4.43783688359143127e-04,1.55861691906132910e-05,-2.19886518168678729e-04,1.76371347001736436e-05,-4.43783688359143127e-04,1.55861691906132910e-05,2.14051702747078626e-03,2.01687864178157733e-05
3.9644219162949966e+05,2.14683714336676374e-03,2.17612733347003941e-05,-4.22303767432648692e-04,1.60730073003103672e-05,-2.19110754606471393e-04,1.72953061640588910e-05,-4.22303767432648692e-04,1.60730073003103672e-05,2.18465237925826155e-03,1.41140908575615213e-05,-4.43089355092588931e-04,1.53099816722200333e-05,-2.19110754606471393e-04,1.72953061640588910e-05,-4.43089355092588931e-04,1.53099816722200333e-05,2.14139263620519594e-03,1.98002602263749301e-05
4.2479546174171538e+05,2.14778921930900910e-03,2.13788324236546283e-05,-4.21588577618396665e-04,1.57869109211049928e-05,-2.18353167726918036e-04,1.69529986728540214e-05,-4.21588577618396665e-04,1.57869109211049928e-05,2.18524527591565940e-03,1.38162946056215545e-05,-4.42409953581389143e-04,1.50322264230860548e-05,-2.18353167726918036e-04,1.69529986728540214e-05,-4.42409953581389143e-04,1.50322264230860548e-05,2.14225050225810756e-03,1.94321036815625789e-05
4.5517653803357092e+05,2.14872261281410333e-03,2.09958445699428866e-05,-4.20888807248543089e-04,1.54992980270900046e-05,-2.17613684188370230e-04,1.66106539439444785e-05,-4.20888807248543089e-04,1.54992980270900046e-05,2.18582457357285442e-03,1.35212799037990910e-05,-4.41745484625712830e-04,1.47532899882974495e-05,-2.17613684188370230e-04,1.66106539439444785e-05,-4.41745484625712830e-04,1.47532899882974495e-05,2.14309061198156943e-03,1.90645526196369600e-05
4.8773044779419072e+05,2.14963726146164035e-03,2.06125940443513194e-05,-4.20204453923740586e-04,1.52105626272997791e-05,-2.16892204186251128e-04,1.62686988272420870e-05,-4.20204453923740586e-04,1.52105626272997791e-05,2.18639038291067785e-03,1.32291359402268469e-05,-4.41095926310255677e-04,1.44735483872378603e-05,-2.16892204186251128e-04,1.62686988272420870e-05,-4.41095926310255677e-04,1.44735483872378603e-05,2.14391296997219760e-03,1.86978479881691897e-05
5.2261259056365775e+05,2.15053312496586713e-03,2.02293712240080380e-05,-4.19535492068225698e-04,1.49210881229417626e-05,-2.16188602940684140e-04,1.59275443431098517e-05,-4.19535492068225698e-04,1.49210881229417626e-05,2.18694282246983040e-03,1.29399542173592987e-05,-4.40461235044629711e-04,1.41933663549064668e-05,-2.16188602940684140e-04,1.59275443431098517e-05,-4.40461235044629711e-04,1.41933663549064668e-05,2.14471759943451806e-03,1.83322344049900776e-05
5.5998947994919610e+05,2.15141018551517167e-03,1.98464708845406725e-05,-4.18881873964637602e-04,1.46312465194148849e-05,-2.15502732223639859e-04,1.55875848591674354e-05,-4.18881873964637602e-04,1.46312465194148849e-05,2.18748201886149888e-03,1.26538277483110993e-05,-4.39841346628887762e-04,1.39130966723033077e-05,-2.15502732223639859e-04,1.55875848591674354e-05,-4.39841346628887762e-04,1.39130966723033077e-05,2.14550454236683060e-03,1.79679587183221708e-05
6.0003953849553096e+05,2.15226844791722603e-03,1.94641905090605926e-05,-4.18243530819822234e-04,1.43413977259320062e-05,-2.14834421912362642e-04,1.52491974034495361e-05,-4.18243530819822234e-04,1.43413977259320062e-05,2.18800810686375869e-03,1.23708502588510379e-05,-4.39236177338187938e-04,1.36330795831289389e-05,-2.14834421912362642e-04,1.52491974034495361e-05,-4.39236177338187938e-04,1.36330795831289389e-05,2.14627385957959519e-03,1.76052685897012494e-05
6.4295394940382626e+05,2.15310793956159999e-03,1.90828286351514566e-05,-4.17620373855341815e-04,1.40518889412217732e-05,-2.14183481556497321e-04,1.49127411103359712e-05,-4.17620373855341815e-04,1.40518889412217732e-05,2.18852122941301823e-03,1.20911154092426568e-05,-4.38645625020884589e-04,1.33536422941366415e-05,-2.14183481556497321e-04,1.49127411103359712e-05,-4.38645625020884589e-04,1.33536422941366415e-05,2.14702563055815939e-03,1.72444111181327075e-05
6.8893756916496286e+05,2.15392871021325913e-03,1.87026832579422744e-05,-4.17012295416522270e-04,1.37630541236672995e-05,-2.13549701947083898e-04,1.45785567947017162e-05,-4.17012295416522270e-04,1.37630541236672995e-05,2.18902153750067524e-03,1.18147160474653099e-05,-4.38069570204553302e-04,1.30750985564863390e-05,-2.13549701947083898e-04,1.45785567947017162e-05,-4.38069570204553302e-04,1.30750985564863390e-05,2.14775995318296654e-03,1.68856315209173830e-05
7.3820990546372614e+05,2.15473083165145830e-03,1.83240503043980231e-05,-4.16419170093980363e-04,1.34752135440463329e-05,-2.12932856676410190e-04,1.42469666488634580e-05,-4.16419170093980363e-04,1.34752135440463329e-05,2.18950918998546797e-03,1.15417435029404586e-05,-4.37507877204634842e-04,1.27977483253859863e-05,-2.12932856676410190e-04,1.42469666488634580e-05,-4.37507877204634842e-04,1.27977483253859863e-05,2.14847694332114805e-03,1.65291718837564214e-05
7.9100616502201080e+05,2.15551439716920798e-03,1.79472221911957633e-05,-4.15840855851689489e-04,1.31886734187875115e-05,-2.12332703678607543e-04,1.39182740561382884e-05,-4.15840855851689489e-04,1.31886734187875115e-05,2.18998435333213424e-03,1.12722869277408643e-05,-4.36960395230570403e-04,1.25218774951868043e-05,-2.12332703678607543e-04,1.39182740561382884e-05,-4.36960395230570403e-04,1.25218774951868043e-05,2.14917673430381961e-03,1.61752699901372182e-05
8.4757837638304825e+05,2.15627952094879852e-03,1.75724864759892600e-05,-4.15277195155797692e-04,1.29037256213653231e-05,-2.11748986741822304e-04,1.35927635141873748e-05,-4.15277195155797692e-04,1.29037256213653231e-05,2.19044720128675494e-03,1.10064326903688583e-05,-4.36426959484486829e-04,1.22477577069349926e-05,-2.11748986741822304e-04,1.35927635141873748e-05,-4.36426959484486829e-04,1.22477577069349926e-05,2.14985947630347111e-03,1.58241582376200519e-05
9.0819659299638204e+05,2.15702633732891376e-03,1.72001246095064305e-05,-4.14728016098609483e-04,1.26206474691427344e-05,-2.11181436983770413e-04,1.32707006607992350e-05,-4.14728016098609483e-04,1.26206474691427344e-05,2.19089791449887271e-03,1.07442638255446330e-05,-4.35907392247715075e-04,1.19756462251928029e-05,-2.11181436983770413e-04,1.32707006607992350e-05,-4.35907392247715075e-04,1.19756462251928029e-05,2.15052533562563788e-03,1.54760626464911971e-05
9.7315018234664586e+05,2.15775499997860297e-03,1.68304107937766093e-05,-4.14193133512374533e-04,1.23397015826502839e-05,-2.10629774283486955e-04,1.29523323943736737e-05,-4.14193133512374533e-04,1.23397015826502839e-05,2.19133668009986000e-03,1.04858595420279773e-05,-4.35401503950670827e-04,1.17057858807405806e-05,-2.10629774283486955e-04,1.29523323943736737e-05,-4.35401503950670827e-04,1.17057858807405806e-05,2.15117449392867970e-03,1.51312019643214261e-05
1.0427492072799277e+06,2.15846568099302590e-03,1.64636109498448612e-05,-4.13672350067822840e-04,1.20611358139789497e-05,-2.10093708663074548e-04,1.26378870810965429e-05,-4.13672350067822840e-04,1.20611358139789497e-05,2.19176369124658580e-03,1.02312947892901082e-05,-4.34909094221908521e-04,1.14384050755716553e-05,-2.10093708663074548e-04,1.26378870810965429e-05,-4.34909094221908521e-04,1.14384050755716553e-05,2.15180714738491671e-03,1.47897868682594983e-05
1.1173259061216526e+06,2.15915856992526280e-03,1.60999817965939883e-05,-4.13165457352704163e-04,1.17851832406728216e-05,-2.09572941614242624e-04,1.23275748406416390e-05,-4.13165457352704163e-04,1.17851832406728216e-05,2.19217914663862425e-03,9.98063988283517389e-06,-4.34429952912467206e-04,1.11737178464044447e-05,-2.09572941614242624e-04,1.23275748406416390e-05,-4.34429952912467206e-04,1.11737178464044447e-05,2.15242350579571270e-03,1.44520192653905489e-05
1.1972362786514519e+06,2.15983387276781624e-03,1.57397700407566192e-05,-4.12672236925960725e-04,1.15120622212477998e-05,-2.09067167365373604e-04,1.20215879021924795e-05,-4.12672236925960725e-04,1.15120622212477998e-05,2.19258325001670364e-03,9.73396018712469510e-06,-4.33963861091973650e-04,1.09119239827721345e-05,-2.09067167365373604e-04,1.20215879021924795e-05,-4.33963861091973650e-04,1.09119239827721345e-05,2.15302379167230671e-03,1.41180916901867772e-05
1.2828617855058608e+06,2.16049181089664243e-03,1.53832116768486990e-05,-4.12192461343549815e-04,1.12419765082385008e-05,-2.08576074085774330e-04,1.17201010226321385e-05,-4.12192461343549815e-04,1.12419765082385008e-05,2.19297620964931019e-03,9.49131585436460300e-06,-4.33510592013311815e-04,1.06532091956123654e-05,-2.08576074085774330e-04,1.17201010226321385e-05,-4.33510592013311815e-04,1.06532091956123654e-05,2.15360823929340974e-03,1.37881867969608855e-05
1.3746111691211148e+06,2.16113261998968900e-03,1.50305313945862947e-05,-4.11725895152353927e-04,1.09751154144951598e-05,-2.08099345024615433e-04,1.14232719588949391e-05,-4.11725895152353927e-04,1.09751154144951598e-05,2.19335823781373861e-03,9.25276161685456503e-06,-4.33069912043054859e-04,1.03977453321762219e-05,-2.08099345024615433e-04,1.14232719588949391e-05,-4.33069912043054859e-04,1.03977453321762219e-05,2.15417709374964928e-03,1.34624769442883839e-05
1.4729224049085104e+06,2.16175654893098652e-03,1.46819420903465542e-05,-4.11272295849037721e-04,1.07116540283162355e-05,-2.07636659582870556e-04,1.11312419866957951e-05,-4.11272295849037721e-04,1.07116540283162355e-05,2.19372955027717078e-03,9.01834663015867264e-06,-4.32641581555228338e-04,1.01456906330071044e-05,-2.07636659582870556e-04,1.11312419866957951e-05,-4.32641581555228338e-04,1.01456906330071044e-05,2.15473060998410760e-03,1.31411238675795981e-05
1.5782647919764740e+06,2.16236385871046996e-03,1.43376444783937580e-05,-4.10831414801151934e-04,1.04517534729109884e-05,-2.07187694317290355e-04,1.08441364581406752e-05,-4.10831414801151934e-04,1.04517534729109884e-05,2.19409036578270718e-03,8.78811436401879375e-06,-4.32225355786357464e-04,9.89719002670744351e-06,-2.07187694317290355e-04,1.08441364581406752e-05,-4.32225355786357464e-04,9.89719002670744351e-06,2.15526905183728058e-03,1.28242784353449550e-05
1.6911411933796064e+06,2.16295482132866906e-03,1.39978267968986455e-05,-4.10402998128211679e-04,1.01955612056416233e-05,-2.06752123876115083e-04,1.05620653910618872e-05,-4.10402998128211679e-04,1.01955612056416233e-05,2.19444090554470408e-03,8.56210253768471511e-06,-4.31820985650134721e-04,9.65237545821493527e-06,-2.06752123876115083e-04,1.05620653910618872e-05,-4.31820985650134721e-04,9.65237545821493527e-06,2.15579269110386350e-03,1.25120804841909754e-05
1.8120904365888117e+06,2.16352971871456136e-03,1.36626646032238074e-05,-4.09986787540907258e-04,9.94321135248981336e-06,-2.06329621866814847e-04,1.02851240833041266e-05,-4.09986787540907258e-04,9.94321135248981336e-06,2.19478139275710226e-03,8.34034309616453282e-06,-4.31428218510403758e-04,9.41136624634693873e-06,-2.06329621866814847e-04,1.02851240833041266e-05,-4.31428218510403758e-04,9.41136624634693873e-06,2.15630180660796641e-03,1.22046587272015669e-05
1.9416898856413539e+06,2.16408884166385384e-03,1.33323206525187401e-05,-4.09582521137007540e-04,9.69482507322954140e-06,-2.05919861656671217e-04,1.00133937455982774e-05,-4.09582521137007540e-04,9.69482507322954140e-06,2.19511205211795355e-03,8.12286222379611065e-06,-4.31046798911522474e-04,9.17426946643977312e-06,-2.05919861656671217e-04,1.00133937455982774e-05,-4.31046798911522474e-04,9.17426946643977312e-06,2.15679668330246224e-03,1.19021307300820405e-05
2.0805581972493103e+06,2.16463248880415090e-03,1.30069448533509688e-05,-4.09189934152921157e-04,9.45051095285896796e-06,-2.05522517107459014e-04,9.74694214709172468e-06,-4.09189934152921157e-04,9.45051095285896796e-06,2.19543310937277960e-03,7.90968039149229594e-06,-4.30676469265493767e-04,8.94118035400642955e-06,-2.05522517107459014e-04,9.74694214709172468e-06,-4.30676469265493767e-04,8.94118035400642955e-06,2.15727761139738105e-03,1.16046029492631132e-05
2.2293582740229871e+06,2.16516096559251194e-03,1.26866742938855304e-05,-4.08808759670235443e-04,9.21036541494663476e-06,-2.05137263245873164e-04,9.48582426804506578e-06,-4.08808759670235443e-04,9.21036541494663476e-06,2.19574479087895685e-03,7.70081243401245226e-06,-4.30316970495575211e-04,8.71218272545575043e-06,-2.05137263245873164e-04,9.48582426804506578e-06,-4.30316970495575211e-04,8.71218272545575043e-06,2.15774488552151989e-03,1.13121708260649849e-05
2.3888004289068244e+06,2.16567458335012756e-03,1.23716333319990789e-05,-4.08438729276916371e-04,8.97447315267590966e-06,-2.04763776871659482e-04,9.23008295464789608e-06,-4.08438729276916371e-04,8.97447315267590966e-06,2.19604732319287699e-03,7.49626765365114556e-06,-4.29968042636370916e-04,8.48734941205657346e-06,-2.04763776871659482e-04,9.23008295464789608e-06,-4.29968042636370916e-04,8.48734941205657346e-06,2.15819880392070697e-03,1.10249189309969984e-05
2.5596457759335358e+06,2.16617365833803076e-03,1.20619337426691309e-05,-4.08079573683149156e-04,8.74290757352121073e-06,-2.04401737105673424e-04,8.97974957134324243e-06,-4.08079573683149156e-04,8.74290757352121073e-06,2.19634093268121153e-03,7.29604994680395605e-06,-4.29629425390669578e-04,8.26674270348590255e-06,-2.04401737105673424e-04,8.97974957134324243e-06,-4.29629425390669578e-04,8.26674270348590255e-06,2.15863966769546875e-03,1.07429211523044259e-05
2.7427098634826755e+06,2.16665851087703568e-03,1.17576749159972905e-05,-4.07731023292110255e-04,8.51573125365530728e-06,-2.04050825880284841e-04,8.73484464647432083e-06,-4.07731023292110255e-04,8.51573125365530728e-06,2.19662584515729247e-03,7.10015794996399977e-06,-4.29300858643544639e-04,8.05041479746665441e-06,-2.04050825880284841e-04,8.73484464647432083e-06,-4.29300858643544639e-04,8.05041479746665441e-06,2.15906778008028355e-03,1.04662409229611137e-05
2.9388665673872861e+06,2.16712946451440291e-03,1.14589440993019161e-05,-4.07392808726203266e-04,8.29299639836402925e-06,-2.03710728374714695e-04,8.49537850747369817e-06,-4.07392808726203266e-04,8.29299639836402925e-06,2.19690228554323894e-03,6.90858520181414373e-06,-4.28982082934441710e-04,7.83840825217493355e-06,-2.03710728374714695e-04,8.49537850747369817e-06,-4.28982082934441710e-04,7.83840825217493355e-06,2.15948344576598339e-03,1.01949314804342478e-05
3.1490522624728531e+06,2.16758684523908401e-03,1.11658166768352488e-05,-4.07064661309543101e-04,8.07474530492816343e-06,-2.03381133397986487e-04,8.26135190219815110e-06,-4.07064661309543101e-04,8.07474530492816343e-06,2.19717047755826379e-03,6.72132031820421259e-06,-4.28672839888174747e-04,7.63075643827305930e-06,-2.03381133397986487e-04,8.26135190219815110e-06,-4.28672839888174747e-04,7.63075643827305930e-06,2.15988697026639779e-03,9.92903615370701787e-06
3.3742702924418231e+06,2.16803098074687828e-03,1.08783564808369317e-05,-4.06746313507659434e-04,7.86101082461690350e-06,-2.03061733722261211e-04,8.03275660336953909e-06,-4.06746313507659434e-04,7.86101082461690350e-06,2.19743064343316851e-03,6.53834717693353340e-06,-4.28372872605914932e-04,7.42748398760058117e-06,-2.03061733722261211e-04,8.03275660336953909e-06,-4.28372872605914932e-04,7.42748398760058117e-06,2.16027865932980024e-03,9.66858867222638189e-06
3.6155957594411564e+06,2.16846219975619370e-03,1.05966161278160096e-05,-4.06437499325590693e-04,7.65181682062085459e-06,-2.02752226369356744e-04,7.80957599340959400e-06,-4.06437499325590693e-04,7.65181682062085459e-06,2.19768300365103799e-03,6.35964510939416774e-06,-4.28081926017414357e-04,7.22860723572660753e-06,-2.02752226369356744e-04,7.80957599340959400e-06,-4.28081926017414357e-04,7.22860723572660753e-06,2.16065881839538681e-03,9.41361349164105813e-06
3.8741806561764297e+06,2.16888083137473358e-03,1.03206373741529659e-05,-4.06137954665684929e-04,7.44717861892799890e-06,-2.02452312853271818e-04,7.59178562725214429e-06,-4.06137954665684929e-04,7.44717861892799890e-06,2.19792777671370303e-03,6.18518909626335094e-06,-4.27799747195819298e-04,7.03413465573004600e-06,-2.02452312853271818e-04,7.59178562725214429e-06,-4.27799747195819298e-04,7.03413465573004600e-06,2.16102775209454055e-03,9.16412613139858839e-06
4.1512593650711407e+06,2.16928720451691403e-03,1.00504514853199301e-05,-4.05847417646573228e-04,7.24710344931318763e-06,-2.02161699381530870e-04,7.37935377097861765e-06,-4.05847417646573228e-04,7.24710344931318763e-06,2.19816517893354222e-03,6.01494996456275025e-06,-4.27526085636552875e-04,6.84406728072652826e-06,-2.02161699381530870e-04,7.37935377097861765e-06,-4.27526085636552875e-04,6.84406728072652826e-06,2.16138576379636431e-03,8.92013351947608385e-06
4.4481545507221343e+06,2.16968164737143176e-03,9.78607961322553676e-06,-4.05565628884896725e-04,7.05159087376437841e-06,-2.01880097018142962e-04,7.17224191435009896e-06,-4.05565628884896725e-04,7.05159087376437841e-06,2.19839542424992915e-03,5.84889458352337527e-06,-4.27260693501833161e-04,6.65839911279943035e-06,-2.01880097018142962e-04,7.17224191435009896e-06,-4.27260693501833161e-04,6.65839911279943035e-06,2.16173315519660155e-03,8.68163433971991042e-06
4.7662834737792779e+06,2.17006448691806379e-03,9.52753317639397780e-06,-4.05292331741488306e-04,6.86063319980687919e-06,-2.01607221810948213e-04,6.97040525550204776e-06,-4.05292331741488306e-04,6.86063319980687919e-06,2.19861872406950645e-03,5.68698605680594016e-06,-4.27003325832494142e-04,6.47711751611494302e-06,-2.01607221810948213e-04,6.97040525550204776e-06,-4.27003325832494142e-04,6.47711751611494302e-06,2.16207022594885195e-03,8.44861937745914287e-06
5.1071647563894549e+06,2.17043604849238457e-03,9.27481423787944000e-06,-4.05027272533811026e-04,6.67421587630528674e-06,-2.01342794886090947e-04,6.77379315622451074e-06,-4.05027272533811026e-04,6.67421587630528674e-06,2.19883528712936293e-03,5.52918390872465533e-06,-4.26753740728849445e-04,6.30020359210571114e-06,-2.01342794886090947e-04,6.77379315622451074e-06,-4.26753740728849445e-04,6.30020359210571114e-06,2.16239727333663928e-03,8.22107185923315475e-06
5.4724256315004174e+06,2.17079665539681235e-03,9.02791587599179224e-06,-4.04770200716556483e-04,6.49231786942219002e-06,-2.01086542512340368e-04,6.58234956637271237e-06,-4.04770200716556483e-04,6.49231786942219002e-06,2.19904531938200278e-03,5.37544426220636440e-06,-4.26511699502425245e-04,6.12763253469257147e-06,-2.01086542512340368e-04,6.58234956637271237e-06,-4.26511699502425245e-04,6.12763253469257147e-06,2.16271459198471390e-03,7.99896778262996657e-06
5.8638097106298050e+06,2.17114662855603935e-03,8.78682254306438342e-06,-4.04520869032421230e-04,6.31491201648995843e-06,-2.00838196137967633e-04,6.39601341604089963e-06,-4.04520869032421230e-04,6.31491201648995843e-06,2.19924902390092412e-03,5.22572000628477221e-06,-4.26276966800491182e-04,5.95937396357856390e-06,-2.00838196137967633e-04,6.39601341604089963e-06,-4.26276966800491182e-04,5.95937396357856390e-06,2.16302247360772261e-03,7.78227623236647492e-06
6.2831853071795879e+06,2.17148628621461779e-03,8.55151040762514456e-06,-4.04279033635191864e-04,6.14196535560759497e-06,-2.00597492402896402e-04,6.21471897418681861e-06,-4.04279033635191864e-04,6.14196535560759497e-06,2.19944660080542004e-03,5.07996095098110775e-06,-4.26049310705398977e-04,5.79539223369274644e-06,-2.00597492402896402e-04,6.21471897418681861e-06,-4.26049310705398977e-04,5.79539223369274644e-06,2.16332120679408636e-03,7.57095967885274414e-06
